payment_method,failure_code,amount,attempt_number,customer_failure_count,merchant_failure_rate,transaction_hour,is_international,previous_success,recovery_probability
NETBANKING,NETWORK_ERROR,1739,3,1,0.12,23,0,0,0.667049251244904
UPI,BANK_TIMEOUT,6240,2,1,0.26,0,0,1,0.7160440622040697
NETBANKING,CARD_DECLINED,525,2,5,0.22,8,0,0,0.1237213072206781
CARD,NETWORK_ERROR,6178,4,0,0.19,11,1,0,0.6239731786693817
NETBANKING,NETWORK_ERROR,24907,1,4,0.15,20,1,0,0.6254571836214924
UPI,INSUFFICIENT_FUNDS,19065,1,1,0.43,12,1,1,0.26056844442644
CARD,GATEWAY_TIMEOUT,24360,3,1,0.34,22,0,0,0.6094139877029707
UPI,GATEWAY_TIMEOUT,30394,4,2,0.49,20,0,1,0.5952851920189809
UPI,INSUFFICIENT_FUNDS,2203,3,3,0.14,6,1,0,0.08154386652948799
CARD,EXPIRED_CARD,9463,3,1,0.13,17,1,1,0.04978228836024771
CARD,FRAUD_SUSPECTED,14473,2,4,0.25,1,0,0,0.02274460417030901
NETBANKING,INVALID_CARD,39186,1,3,0.2,14,1,0,0.028028341025651847
UPI,INVALID_ACCOUNT,49309,3,5,0.18,9,1,0,0.01
NETBANKING,CARD_DECLINED,32906,2,4,0.46,20,1,0,0.01
UPI,INVALID_ACCOUNT,34857,1,4,0.17,0,0,1,0.04787218778231842
CARD,INSUFFICIENT_FUNDS,3896,2,4,0.47,2,1,0,0.10079844936773343
NETBANKING,GATEWAY_TIMEOUT,8514,4,4,0.09,16,1,0,0.5338913493002176
NETBANKING,INSUFFICIENT_FUNDS,46823,3,3,0.5,20,1,1,0.08996140846429455
CARD,NETWORK_ERROR,16346,2,0,0.18,18,0,0,0.6827190838985093
NETBANKING,BANK_TIMEOUT,15103,1,0,0.43,2,0,1,0.8238977778296281
UPI,INVALID_ACCOUNT,8771,4,1,0.39,13,0,0,0.01
CARD,FRAUD_SUSPECTED,27859,4,3,0.43,1,0,0,0.01
CARD,NETWORK_ERROR,16395,2,1,0.27,4,1,0,0.640854514466694
UPI,NETWORK_ERROR,29141,1,0,0.33,17,0,0,0.7796366983008127
UPI,GATEWAY_TIMEOUT,26734,4,3,0.11,12,0,0,0.5068973118976916
CARD,CARD_DECLINED,29919,3,3,0.35,23,1,0,0.01
UPI,BANK_TIMEOUT,38057,1,5,0.16,1,1,0,0.5296879579728684
NETBANKING,NETWORK_ERROR,12278,1,4,0.04,7,1,0,0.6901596127229089
NETBANKING,INSUFFICIENT_FUNDS,38040,1,4,0.05,21,1,1,0.13542591994235362
NETBANKING,FRAUD_SUSPECTED,15742,3,3,0.07,20,1,1,0.01
UPI,BANK_TIMEOUT,30134,1,0,0.27,16,1,0,0.7563259377993709
UPI,INSUFFICIENT_FUNDS,24317,3,1,0.22,17,1,0,0.10478632037125837
NETBANKING,CARD_DECLINED,43575,1,1,0.14,3,0,1,0.25417562714578934
UPI,FRAUD_SUSPECTED,13442,3,4,0.25,1,0,1,0.04293480893722194
UPI,BANK_TIMEOUT,21959,2,5,0.49,5,1,1,0.5470906864774746
UPI,NETWORK_ERROR,45386,2,4,0.03,11,0,1,0.6097445519282139
CARD,FRAUD_SUSPECTED,2714,3,1,0.34,21,0,1,0.03801162418714427
CARD,ACCOUNT_BLOCKED,49217,2,1,0.43,5,1,0,0.01
CARD,INVALID_CARD,44003,2,2,0.09,22,0,1,0.04721667829060897
CARD,INSUFFICIENT_FUNDS,13179,4,2,0.16,7,0,0,0.09000331827486287
CARD,FRAUD_SUSPECTED,18358,1,2,0.18,16,1,1,0.05392371403247157
UPI,CARD_DECLINED,11802,3,0,0.06,13,1,1,0.20763938838706075
NETBANKING,NETWORK_ERROR,25344,2,2,0.03,13,0,0,0.6434221471781263
UPI,FRAUD_SUSPECTED,40939,3,5,0.43,23,1,1,0.026689290410572962
CARD,INVALID_CARD,45792,3,4,0.07,13,1,0,0.021551491595138056
CARD,INVALID_CARD,36009,1,2,0.15,13,1,1,0.01
NETBANKING,INSUFFICIENT_FUNDS,33600,4,5,0.09,2,1,1,0.01
UPI,CARD_DECLINED,14822,2,1,0.02,7,1,0,0.18354161683800896
NETBANKING,ACCOUNT_BLOCKED,12842,4,3,0.21,4,0,0,0.037842040676732504
UPI,GATEWAY_TIMEOUT,45707,4,0,0.28,3,1,0,0.5921416601722264
NETBANKING,INVALID_ACCOUNT,36729,3,3,0.31,23,1,1,0.049720810323326224
NETBANKING,EXPIRED_CARD,29595,3,1,0.42,8,1,0,0.01
UPI,CARD_DECLINED,15467,3,2,0.17,17,0,0,0.08808306580130865
CARD,GATEWAY_TIMEOUT,46395,2,0,0.21,10,1,1,0.6752265710583585
CARD,INVALID_CARD,38378,1,4,0.2,0,1,1,0.03534751250593859
CARD,INVALID_ACCOUNT,49089,2,3,0.12,13,1,0,0.01
NETBANKING,INVALID_CARD,47559,2,3,0.46,19,0,1,0.01918927756279109
NETBANKING,BANK_TIMEOUT,5601,4,1,0.43,5,0,1,0.6149103864188139
UPI,EXPIRED_CARD,21520,3,3,0.15,13,1,0,0.01
NETBANKING,INVALID_ACCOUNT,3513,3,1,0.33,20,0,0,0.05496117327159889
UPI,BANK_TIMEOUT,40819,2,1,0.07,21,0,0,0.679503398343522
CARD,FRAUD_SUSPECTED,11096,1,1,0.48,3,0,1,0.029579672841241418
CARD,INVALID_CARD,46959,2,0,0.3,20,0,0,0.029719300249577217
CARD,ACCOUNT_BLOCKED,8033,1,2,0.27,21,1,0,0.010596078967707789
CARD,BANK_TIMEOUT,27628,4,0,0.22,11,1,0,0.5615487145007676
NETBANKING,INVALID_ACCOUNT,42728,3,4,0.41,17,1,1,0.01
NETBANKING,ACCOUNT_BLOCKED,17689,3,1,0.42,2,1,1,0.01
CARD,ACCOUNT_BLOCKED,40098,4,2,0.02,10,0,1,0.01
CARD,FRAUD_SUSPECTED,18427,3,4,0.01,6,0,0,0.032007466410419426
CARD,INVALID_ACCOUNT,49787,2,5,0.24,22,1,1,0.03929328681323175
UPI,CARD_DECLINED,14622,4,5,0.13,21,1,1,0.01534729550102496
CARD,INVALID_CARD,48985,3,2,0.35,8,1,1,0.01
NETBANKING,INSUFFICIENT_FUNDS,20779,1,5,0.27,22,0,0,0.06463846398786056
CARD,CARD_DECLINED,47586,3,0,0.42,9,0,1,0.1459441543685403
UPI,INVALID_ACCOUNT,8395,3,0,0.49,17,1,0,0.02378696551059275
CARD,NETWORK_ERROR,903,3,3,0.24,10,0,0,0.5612478390492973
CARD,NETWORK_ERROR,4382,4,3,0.05,20,0,0,0.5199197584473656
NETBANKING,CARD_DECLINED,5682,2,0,0.28,13,0,1,0.2670514464888754
CARD,CARD_DECLINED,38669,4,2,0.29,1,0,0,0.043551503040660286
CARD,NETWORK_ERROR,10392,2,1,0.28,5,0,1,0.7370503704617702
NETBANKING,EXPIRED_CARD,19187,1,1,0.15,9,1,0,0.04373849200712428
CARD,ACCOUNT_BLOCKED,43431,2,3,0.07,7,0,1,0.04266311596500597
UPI,BANK_TIMEOUT,10973,3,4,0.38,18,1,1,0.5244353658174709
NETBANKING,CARD_DECLINED,45957,4,2,0.26,15,1,0,0.019803666204110365
CARD,FRAUD_SUSPECTED,39664,3,0,0.05,21,0,1,0.01762469846027468
UPI,EXPIRED_CARD,34110,4,2,0.1,18,1,1,0.05690552360657037
CARD,FRAUD_SUSPECTED,26861,3,2,0.34,5,1,1,0.029367367398343246
CARD,INVALID_CARD,49940,1,3,0.05,8,1,0,0.057018472680857725
CARD,INVALID_ACCOUNT,175,4,3,0.04,16,1,1,0.0225408742145009
UPI,INSUFFICIENT_FUNDS,17601,2,2,0.22,22,1,0,0.09088694424416632
NETBANKING,ACCOUNT_BLOCKED,15782,2,2,0.28,17,1,0,0.01
UPI,EXPIRED_CARD,7798,2,3,0.47,9,1,1,0.04347239455766944
CARD,INSUFFICIENT_FUNDS,30035,2,3,0.1,19,0,0,0.09762474028220407
CARD,FRAUD_SUSPECTED,33375,3,0,0.15,9,1,0,0.01
CARD,FRAUD_SUSPECTED,21886,4,3,0.47,6,0,1,0.01
CARD,BANK_TIMEOUT,20952,4,5,0.46,12,1,0,0.39353286496164236
UPI,GATEWAY_TIMEOUT,33018,3,0,0.44,14,0,1,0.6275347597915261
UPI,INVALID_CARD,43011,2,0,0.24,8,1,1,0.03098366525792727
CARD,INVALID_ACCOUNT,25004,3,5,0.36,15,0,0,0.01
NETBANKING,CARD_DECLINED,15008,1,3,0.49,20,0,1,0.17763647867292254
CARD,BANK_TIMEOUT,3114,3,0,0.15,11,1,0,0.6294197432183969
CARD,ACCOUNT_BLOCKED,44782,2,1,0.1,19,1,0,0.01
NETBANKING,GATEWAY_TIMEOUT,15316,4,5,0.13,8,0,1,0.5771209423598883
NETBANKING,INVALID_ACCOUNT,10453,1,3,0.47,18,1,1,0.02903135124601291
CARD,CARD_DECLINED,13155,4,3,0.06,12,1,1,0.12326920436268975
CARD,BANK_TIMEOUT,43237,4,2,0.01,21,0,1,0.6422838899673188
CARD,INSUFFICIENT_FUNDS,39884,3,1,0.32,19,1,0,0.09082481036868985
NETBANKING,BANK_TIMEOUT,20346,4,0,0.29,23,0,0,0.6319627812319326
CARD,INVALID_CARD,11610,2,1,0.4,11,1,0,0.01
CARD,CARD_DECLINED,49026,3,0,0.24,2,0,0,0.18201405968988216
NETBANKING,INVALID_CARD,36624,3,0,0.4,0,1,0,0.01
NETBANKING,CARD_DECLINED,38409,4,5,0.47,3,0,1,0.01
NETBANKING,FRAUD_SUSPECTED,40082,2,5,0.04,14,1,1,0.01
UPI,BANK_TIMEOUT,20046,4,0,0.06,17,0,1,0.6593643756888893
NETBANKING,INVALID_ACCOUNT,27567,2,3,0.33,15,1,1,0.01
CARD,INSUFFICIENT_FUNDS,29157,4,1,0.43,3,1,1,0.02305500891666079
CARD,INSUFFICIENT_FUNDS,8105,4,0,0.33,20,0,0,0.14567945904546165
UPI,GATEWAY_TIMEOUT,37100,2,0,0.42,17,0,0,0.7093052981121059
UPI,FRAUD_SUSPECTED,9770,1,2,0.43,4,0,1,0.03985138235576236
UPI,BANK_TIMEOUT,8737,1,2,0.4,7,1,0,0.6374246201406176
UPI,GATEWAY_TIMEOUT,48709,4,4,0.07,2,1,1,0.5408017039314202
NETBANKING,ACCOUNT_BLOCKED,7246,4,4,0.12,19,0,1,0.01
UPI,BANK_TIMEOUT,31490,4,3,0.35,15,1,0,0.5049266765123535
CARD,ACCOUNT_BLOCKED,9821,1,1,0.14,20,1,1,0.12546277558609237
NETBANKING,CARD_DECLINED,29834,4,0,0.4,3,0,1,0.1251554915965281
UPI,INVALID_CARD,22312,4,3,0.21,3,1,1,0.01
CARD,FRAUD_SUSPECTED,10103,4,0,0.05,2,0,1,0.01
NETBANKING,FRAUD_SUSPECTED,8627,1,4,0.48,17,1,0,0.01
NETBANKING,INVALID_CARD,47355,1,2,0.3,11,0,0,0.01
CARD,INSUFFICIENT_FUNDS,7192,3,4,0.19,8,0,1,0.14551551613283578
NETBANKING,ACCOUNT_BLOCKED,44335,1,4,0.47,22,1,0,0.01
NETBANKING,CARD_DECLINED,22370,3,0,0.1,4,1,0,0.09418746541512685
NETBANKING,BANK_TIMEOUT,6113,2,3,0.22,10,0,1,0.6691637369704218
CARD,ACCOUNT_BLOCKED,39174,1,0,0.09,19,0,0,0.038210284354621905
NETBANKING,INVALID_CARD,31928,4,3,0.14,16,0,1,0.01
CARD,ACCOUNT_BLOCKED,31991,3,0,0.12,19,0,0,0.01
UPI,GATEWAY_TIMEOUT,16845,3,2,0.07,15,1,0,0.5659185701759215
NETBANKING,INSUFFICIENT_FUNDS,32885,3,0,0.2,23,0,1,0.15187415365856455
UPI,FRAUD_SUSPECTED,37832,4,4,0.21,20,1,1,0.01
UPI,FRAUD_SUSPECTED,11363,4,5,0.46,2,1,0,0.01
NETBANKING,INVALID_CARD,34438,1,3,0.44,23,1,0,0.01
UPI,NETWORK_ERROR,33555,1,4,0.26,11,1,0,0.5676268848946724
UPI,CARD_DECLINED,13028,2,4,0.08,20,0,0,0.1671292140579582
NETBANKING,EXPIRED_CARD,30505,4,5,0.46,18,1,1,0.01
UPI,EXPIRED_CARD,29080,3,2,0.3,11,0,1,0.01
UPI,BANK_TIMEOUT,24265,3,0,0.33,2,1,1,0.6650329407411191
NETBANKING,BANK_TIMEOUT,29573,2,2,0.31,16,0,0,0.624052310901509
CARD,NETWORK_ERROR,33166,2,0,0.13,14,1,0,0.6633897959685712
CARD,INVALID_CARD,26889,3,5,0.3,20,1,0,0.01
NETBANKING,INVALID_CARD,18721,3,5,0.43,19,0,1,0.01
NETBANKING,GATEWAY_TIMEOUT,23025,3,5,0.35,12,0,0,0.46595818874159606
CARD,FRAUD_SUSPECTED,8475,1,5,0.34,16,1,0,0.01
UPI,INSUFFICIENT_FUNDS,22495,4,1,0.12,4,0,0,0.05757921016546218
UPI,INVALID_ACCOUNT,35474,1,5,0.18,19,0,1,0.01
UPI,ACCOUNT_BLOCKED,10948,4,0,0.21,21,0,1,0.021059542212581578
NETBANKING,EXPIRED_CARD,15435,2,2,0.48,15,0,1,0.02783068250650924
NETBANKING,EXPIRED_CARD,30356,3,3,0.26,13,0,0,0.04012592241515476
UPI,CARD_DECLINED,3519,4,2,0.28,3,0,1,0.07038751253717897
UPI,CARD_DECLINED,29546,2,3,0.05,7,1,1,0.18804719271262751
CARD,BANK_TIMEOUT,26082,3,1,0.2,2,1,0,0.5428187545528149
UPI,FRAUD_SUSPECTED,9671,2,0,0.15,15,0,1,0.029860147398224665
UPI,NETWORK_ERROR,1345,3,1,0.42,17,1,0,0.6256172632635396
UPI,CARD_DECLINED,8085,1,1,0.22,19,1,0,0.17908578952900153
CARD,ACCOUNT_BLOCKED,35230,1,5,0.26,7,0,1,0.01
NETBANKING,FRAUD_SUSPECTED,15865,4,1,0.34,2,1,0,0.0553403677985515
NETBANKING,INVALID_ACCOUNT,33367,1,3,0.44,1,1,1,0.01
UPI,FRAUD_SUSPECTED,4527,3,1,0.37,20,0,1,0.01
CARD,INVALID_ACCOUNT,22287,2,5,0.24,22,1,0,0.04114976818476065
UPI,EXPIRED_CARD,2523,3,1,0.03,6,0,1,0.06033709799503975
NETBANKING,INVALID_CARD,35688,4,2,0.03,20,0,1,0.01
UPI,FRAUD_SUSPECTED,18005,1,2,0.22,12,1,1,0.01
UPI,EXPIRED_CARD,45455,4,2,0.46,16,1,0,0.03270813243426358
UPI,INVALID_CARD,39582,2,4,0.15,3,0,1,0.026091922145813663
CARD,EXPIRED_CARD,39593,4,1,0.35,11,1,0,0.032681439571110284
CARD,ACCOUNT_BLOCKED,28604,3,5,0.49,1,0,1,0.01
NETBANKING,GATEWAY_TIMEOUT,2140,2,4,0.34,14,0,0,0.5527233363062108
NETBANKING,FRAUD_SUSPECTED,23833,4,4,0.03,4,1,1,0.01
UPI,ACCOUNT_BLOCKED,9123,3,3,0.16,8,0,0,0.01
UPI,EXPIRED_CARD,34030,4,4,0.07,8,1,0,0.05963651121547608
CARD,EXPIRED_CARD,13218,1,1,0.43,14,0,1,0.12672624040230418
NETBANKING,FRAUD_SUSPECTED,43867,3,5,0.04,17,1,1,0.045136205075312595
NETBANKING,GATEWAY_TIMEOUT,23790,2,0,0.49,4,0,1,0.6736284026808266
NETBANKING,ACCOUNT_BLOCKED,24276,4,4,0.07,2,0,1,0.01
NETBANKING,EXPIRED_CARD,34551,4,3,0.41,2,0,1,0.02423385893863813
CARD,EXPIRED_CARD,44671,3,1,0.44,17,0,0,0.01
UPI,NETWORK_ERROR,34054,2,2,0.09,10,0,1,0.7457483136809647
NETBANKING,CARD_DECLINED,5268,3,1,0.32,17,1,0,0.12050223614485905
NETBANKING,INVALID_ACCOUNT,6222,2,4,0.47,4,0,1,0.0442530004113389
NETBANKING,BANK_TIMEOUT,1959,1,0,0.47,18,1,0,0.7496959000916311
CARD,ACCOUNT_BLOCKED,41976,1,3,0.45,17,1,1,0.01
NETBANKING,INVALID_CARD,19592,4,0,0.35,5,1,1,0.01
UPI,FRAUD_SUSPECTED,39858,2,2,0.43,10,1,1,0.01
CARD,INVALID_ACCOUNT,36908,1,2,0.13,3,1,1,0.01
UPI,BANK_TIMEOUT,19119,4,4,0.21,5,1,1,0.497983410122336
UPI,EXPIRED_CARD,33833,4,3,0.44,15,0,0,0.05452328040692373
NETBANKING,EXPIRED_CARD,15876,2,4,0.18,1,1,1,0.019751877101018625
NETBANKING,EXPIRED_CARD,18826,1,0,0.22,8,1,1,0.08459373525175633
CARD,BANK_TIMEOUT,37473,2,2,0.28,2,1,1,0.6784404114707239
CARD,ACCOUNT_BLOCKED,44690,1,1,0.49,12,1,1,0.01678318382721289
CARD,GATEWAY_TIMEOUT,13145,4,4,0.03,1,0,1,0.6073965855194212
NETBANKING,EXPIRED_CARD,9860,2,2,0.47,10,0,1,0.05906157375611402
NETBANKING,CARD_DECLINED,39010,3,4,0.42,17,1,1,0.025489259999803296
UPI,FRAUD_SUSPECTED,21808,1,3,0.3,23,0,1,0.01
NETBANKING,ACCOUNT_BLOCKED,37955,2,5,0.04,15,0,1,0.01
NETBANKING,INSUFFICIENT_FUNDS,2169,1,1,0.02,10,1,0,0.22929601097889266
UPI,INVALID_CARD,32987,4,5,0.37,22,0,0,0.016088677290863933
NETBANKING,EXPIRED_CARD,34537,4,2,0.48,14,1,1,0.027586857655636808
NETBANKING,CARD_DECLINED,40081,4,1,0.48,8,1,0,0.05614855463274614
CARD,CARD_DECLINED,46296,2,5,0.36,10,1,1,0.06004875902362192
NETBANKING,CARD_DECLINED,18960,1,4,0.34,12,1,1,0.21146088633914611
UPI,CARD_DECLINED,2856,3,5,0.05,14,1,1,0.03639868080770073
NETBANKING,CARD_DECLINED,36932,3,1,0.06,23,0,0,0.08907654299574641
NETBANKING,INSUFFICIENT_FUNDS,41908,2,0,0.06,10,1,0,0.202119198658143
UPI,BANK_TIMEOUT,36167,2,3,0.33,15,1,0,0.5925911059408739
CARD,FRAUD_SUSPECTED,18804,1,0,0.33,7,0,0,0.01
UPI,BANK_TIMEOUT,26117,4,1,0.47,9,0,0,0.5228392210662081
NETBANKING,NETWORK_ERROR,22057,3,3,0.49,17,1,0,0.5361059738577997
CARD,CARD_DECLINED,12736,1,2,0.09,14,1,0,0.15240841956184645
CARD,CARD_DECLINED,37310,2,1,0.31,20,1,1,0.18052806589597956
UPI,INVALID_CARD,43960,1,1,0.49,15,1,0,0.01
CARD,INSUFFICIENT_FUNDS,29377,3,2,0.16,23,0,1,0.15936833670701986
NETBANKING,INSUFFICIENT_FUNDS,4171,1,3,0.16,12,1,0,0.17787113251993836
CARD,FRAUD_SUSPECTED,40380,2,1,0.48,15,0,1,0.03477348371508566
NETBANKING,FRAUD_SUSPECTED,27352,4,4,0.4,6,0,0,0.012550665622016765
NETBANKING,FRAUD_SUSPECTED,5218,1,0,0.42,16,0,0,0.01
NETBANKING,EXPIRED_CARD,7717,2,5,0.3,2,1,0,0.01
NETBANKING,INVALID_CARD,30036,1,4,0.24,9,0,1,0.01
UPI,INSUFFICIENT_FUNDS,38000,1,0,0.22,22,0,0,0.2914582798884946
UPI,EXPIRED_CARD,2179,3,3,0.1,4,1,1,0.059285659858087904
CARD,EXPIRED_CARD,24839,4,0,0.34,21,0,1,0.01
NETBANKING,INVALID_CARD,34758,2,5,0.49,0,0,1,0.01
NETBANKING,INVALID_ACCOUNT,27895,4,1,0.13,11,0,1,0.01
NETBANKING,NETWORK_ERROR,2211,4,4,0.39,0,0,0,0.4477290902889495
NETBANKING,BANK_TIMEOUT,29357,1,1,0.37,12,1,0,0.6769759808907427
UPI,GATEWAY_TIMEOUT,33123,3,1,0.41,23,1,1,0.5926904034776721
UPI,INVALID_ACCOUNT,14586,4,2,0.14,17,0,1,0.015585066598371255
UPI,FRAUD_SUSPECTED,42260,4,4,0.17,13,1,0,0.01
UPI,INVALID_ACCOUNT,31132,2,1,0.16,22,0,1,0.06547411738159058
NETBANKING,INVALID_CARD,27396,2,3,0.13,6,1,0,0.05222261045112223
CARD,NETWORK_ERROR,35203,2,0,0.14,21,0,0,0.6748163293932755
NETBANKING,INVALID_ACCOUNT,14322,4,1,0.44,10,1,0,0.01
UPI,NETWORK_ERROR,49047,4,1,0.35,22,0,1,0.6465126459593556
NETBANKING,FRAUD_SUSPECTED,18650,4,3,0.27,11,1,1,0.01
CARD,EXPIRED_CARD,6562,4,2,0.46,11,1,1,0.01
UPI,GATEWAY_TIMEOUT,1162,3,4,0.47,18,1,1,0.5182411410184143
CARD,INSUFFICIENT_FUNDS,24993,2,3,0.28,21,1,1,0.148336062566632
CARD,EXPIRED_CARD,30300,2,5,0.4,5,0,1,0.01
NETBANKING,BANK_TIMEOUT,34437,1,0,0.47,21,0,0,0.7142392222415592
NETBANKING,INSUFFICIENT_FUNDS,4554,2,0,0.12,14,1,0,0.21978352358768027
NETBANKING,ACCOUNT_BLOCKED,31767,4,0,0.01,17,1,0,0.01
NETBANKING,CARD_DECLINED,35210,3,0,0.26,22,1,0,0.07470164286944928
UPI,INVALID_ACCOUNT,9858,2,1,0.31,8,1,1,0.03949363320834668
UPI,FRAUD_SUSPECTED,26709,4,4,0.13,22,0,1,0.028404162547038557
UPI,BANK_TIMEOUT,6227,4,3,0.19,15,0,0,0.5612845150019107
UPI,EXPIRED_CARD,28536,3,4,0.49,3,0,0,0.01
NETBANKING,ACCOUNT_BLOCKED,31262,3,0,0.46,21,1,0,0.01
CARD,BANK_TIMEOUT,13676,2,5,0.41,2,1,0,0.5353958199623764
NETBANKING,INVALID_CARD,44470,3,3,0.38,4,0,1,0.01
CARD,INSUFFICIENT_FUNDS,5081,3,4,0.39,19,1,1,0.013962565894516478
CARD,EXPIRED_CARD,32252,2,2,0.28,12,1,0,0.027969485808815885
NETBANKING,INVALID_CARD,5716,3,1,0.36,2,1,0,0.01
NETBANKING,GATEWAY_TIMEOUT,48574,4,2,0.19,2,0,1,0.5854735864996296
CARD,NETWORK_ERROR,8783,1,1,0.22,17,1,0,0.6706261904013296
CARD,INVALID_ACCOUNT,6199,3,3,0.02,13,1,0,0.03248438440347914
NETBANKING,INSUFFICIENT_FUNDS,37583,2,5,0.2,4,1,1,0.04684067971492102
UPI,NETWORK_ERROR,11058,4,2,0.22,15,0,1,0.5931699737788902
UPI,EXPIRED_CARD,39015,2,3,0.06,9,0,1,0.01
NETBANKING,INVALID_CARD,21696,4,2,0.22,20,0,1,0.01
NETBANKING,INSUFFICIENT_FUNDS,31492,3,1,0.48,10,1,1,0.15877630854836045
UPI,FRAUD_SUSPECTED,24745,3,3,0.19,18,0,0,0.028171263313008767
NETBANKING,BANK_TIMEOUT,47758,4,5,0.11,9,0,1,0.5262977652395541
UPI,CARD_DECLINED,15961,3,5,0.09,13,1,0,0.01
NETBANKING,EXPIRED_CARD,38257,4,4,0.26,22,1,0,0.03907209170492592
CARD,INVALID_ACCOUNT,39016,1,0,0.39,21,1,0,0.024699984798340423
UPI,ACCOUNT_BLOCKED,42372,4,2,0.48,13,0,0,0.01
UPI,INVALID_ACCOUNT,49045,2,3,0.19,14,0,1,0.05977027254146535
CARD,NETWORK_ERROR,19461,4,0,0.07,23,0,1,0.6741890343897542
CARD,INSUFFICIENT_FUNDS,34251,4,2,0.24,14,1,1,0.012717434004145878
UPI,NETWORK_ERROR,1580,3,5,0.06,5,0,0,0.549191028982502
CARD,INVALID_ACCOUNT,28042,4,1,0.4,20,0,0,0.024047887666007815
CARD,INVALID_CARD,2013,2,3,0.3,12,0,0,0.01
NETBANKING,NETWORK_ERROR,37937,1,4,0.1,10,0,1,0.6513954970705162
NETBANKING,EXPIRED_CARD,34684,3,4,0.2,12,0,1,0.01
CARD,ACCOUNT_BLOCKED,11406,3,4,0.3,21,0,1,0.01
CARD,NETWORK_ERROR,12096,3,5,0.08,12,1,0,0.5194806044874415
CARD,GATEWAY_TIMEOUT,31994,2,4,0.09,9,0,0,0.5724580014660844
CARD,ACCOUNT_BLOCKED,3613,3,0,0.25,6,1,1,0.01
CARD,INVALID_CARD,46639,4,3,0.09,18,0,0,0.01
CARD,INSUFFICIENT_FUNDS,35332,3,1,0.39,18,1,0,0.07827140539452929
CARD,INVALID_ACCOUNT,24142,1,5,0.23,6,1,0,0.03359886976336741
NETBANKING,INSUFFICIENT_FUNDS,19610,1,3,0.14,2,1,0,0.19356316498807735
UPI,INSUFFICIENT_FUNDS,48440,3,5,0.31,13,0,0,0.0384849309970585
UPI,BANK_TIMEOUT,37460,3,4,0.15,17,0,1,0.632900015640299
CARD,CARD_DECLINED,37634,3,4,0.49,21,0,0,0.0562771994993792
CARD,BANK_TIMEOUT,18274,2,5,0.43,7,0,1,0.6398481802698632
NETBANKING,INVALID_CARD,32177,2,4,0.32,20,1,1,0.01
NETBANKING,NETWORK_ERROR,26501,3,5,0.47,11,1,1,0.475728928016093
UPI,NETWORK_ERROR,48002,4,5,0.34,11,0,1,0.4577829935015206
CARD,INSUFFICIENT_FUNDS,32521,3,2,0.42,10,0,1,0.1468303653476682
NETBANKING,BANK_TIMEOUT,3110,1,5,0.39,14,0,0,0.6539432875347522
UPI,EXPIRED_CARD,30018,1,3,0.11,22,0,1,0.01
CARD,NETWORK_ERROR,42999,3,2,0.05,21,0,0,0.5946341566932233
CARD,INSUFFICIENT_FUNDS,28230,1,5,0.06,6,1,0,0.04726997920399865
UPI,INVALID_ACCOUNT,44663,4,0,0.01,10,0,1,0.02940310011221107
CARD,NETWORK_ERROR,15104,4,0,0.37,3,0,1,0.6497561689622618
CARD,GATEWAY_TIMEOUT,25182,2,5,0.5,4,0,0,0.5310319239273817
UPI,EXPIRED_CARD,23115,2,5,0.38,13,1,0,0.01
UPI,GATEWAY_TIMEOUT,49412,1,4,0.37,11,1,1,0.6621076661198066
UPI,CARD_DECLINED,42345,1,1,0.28,19,1,0,0.2167892104439959
NETBANKING,CARD_DECLINED,13564,2,5,0.2,20,0,0,0.07948877199432668
UPI,INSUFFICIENT_FUNDS,32840,1,4,0.45,0,1,1,0.08819828807327018
NETBANKING,INVALID_CARD,24047,2,3,0.48,2,0,0,0.01
UPI,BANK_TIMEOUT,4062,4,4,0.15,22,1,1,0.5551810638623517
UPI,INVALID_ACCOUNT,35335,2,2,0.05,2,0,0,0.013639017288945834
CARD,ACCOUNT_BLOCKED,41669,1,2,0.35,23,0,0,0.01
CARD,NETWORK_ERROR,29812,1,2,0.34,21,0,0,0.6272664971559498
UPI,BANK_TIMEOUT,10836,4,2,0.27,23,1,0,0.5201869430891651
NETBANKING,CARD_DECLINED,48133,1,0,0.17,13,1,0,0.19929496508264782
NETBANKING,NETWORK_ERROR,32615,4,4,0.19,15,0,1,0.4967309981101126
UPI,ACCOUNT_BLOCKED,44279,1,1,0.37,0,0,0,0.01
CARD,FRAUD_SUSPECTED,25198,2,1,0.47,1,1,0,0.01
CARD,FRAUD_SUSPECTED,17877,1,4,0.19,16,0,0,0.01
NETBANKING,BANK_TIMEOUT,26375,1,3,0.43,9,1,0,0.6123091395324067
UPI,FRAUD_SUSPECTED,13251,3,4,0.39,23,0,1,0.01
CARD,INSUFFICIENT_FUNDS,48102,2,1,0.01,13,0,0,0.1931545199948726
NETBANKING,BANK_TIMEOUT,22055,1,5,0.19,23,1,0,0.5415194372905898
UPI,INVALID_CARD,32345,1,1,0.36,2,0,0,0.04972874719314593
NETBANKING,INVALID_CARD,46030,3,3,0.49,2,0,0,0.02372156800326921
CARD,NETWORK_ERROR,38890,1,3,0.33,4,0,1,0.6730990938923611
CARD,INVALID_CARD,46022,3,2,0.23,7,0,0,0.01
NETBANKING,NETWORK_ERROR,10284,1,1,0.23,10,1,0,0.7205924549090024
UPI,EXPIRED_CARD,20305,4,2,0.43,2,0,1,0.042638668793964975
NETBANKING,ACCOUNT_BLOCKED,2743,2,2,0.08,22,0,1,0.021624446267977132
UPI,CARD_DECLINED,17150,2,0,0.48,14,0,0,0.1982043248876239
UPI,NETWORK_ERROR,883,1,1,0.07,12,1,0,0.7412323801414062
CARD,NETWORK_ERROR,1528,1,1,0.45,14,0,0,0.7655077970380153
CARD,NETWORK_ERROR,2898,4,0,0.09,18,1,1,0.6606126391213256
CARD,INVALID_CARD,11425,3,1,0.46,8,1,1,0.04834237988936261
UPI,ACCOUNT_BLOCKED,40678,2,5,0.15,13,1,0,0.01
CARD,GATEWAY_TIMEOUT,27574,2,5,0.44,16,0,0,0.5749403615761532
NETBANKING,FRAUD_SUSPECTED,31536,4,2,0.46,16,1,1,0.01
UPI,FRAUD_SUSPECTED,39232,2,0,0.45,8,0,1,0.012943229196543162
NETBANKING,INSUFFICIENT_FUNDS,10561,1,1,0.33,8,0,0,0.24456921086199962
CARD,FRAUD_SUSPECTED,11484,2,1,0.3,23,1,0,0.030345288291991353
CARD,ACCOUNT_BLOCKED,37036,2,4,0.47,15,1,0,0.01
UPI,BANK_TIMEOUT,15345,2,0,0.27,0,1,0,0.7236445413310002
CARD,GATEWAY_TIMEOUT,21306,1,0,0.08,22,0,0,0.7966480887579135
CARD,NETWORK_ERROR,24583,4,4,0.06,9,1,0,0.5115860671382426
NETBANKING,INVALID_CARD,41994,4,5,0.17,22,1,0,0.026553166947476677
UPI,INVALID_CARD,20207,3,1,0.1,0,1,0,0.01
CARD,ACCOUNT_BLOCKED,14576,1,3,0.08,23,0,0,0.01
CARD,GATEWAY_TIMEOUT,41793,1,5,0.34,23,1,1,0.5571395620295498
UPI,INSUFFICIENT_FUNDS,45527,1,2,0.14,3,0,0,0.18459370979534095
NETBANKING,INVALID_CARD,11001,4,3,0.44,11,1,0,0.042880697756625154
NETBANKING,INSUFFICIENT_FUNDS,10759,4,0,0.4,1,1,0,0.061871690795665714
UPI,NETWORK_ERROR,22500,2,3,0.09,2,0,1,0.6804030544052095
NETBANKING,EXPIRED_CARD,46270,1,3,0.47,5,1,0,0.01
CARD,INSUFFICIENT_FUNDS,12550,4,5,0.28,23,1,1,0.01
UPI,BANK_TIMEOUT,25849,4,1,0.04,0,1,0,0.5354549448966214
NETBANKING,ACCOUNT_BLOCKED,31578,2,0,0.02,5,1,0,0.01
UPI,CARD_DECLINED,26148,4,3,0.45,8,0,1,0.01
CARD,FRAUD_SUSPECTED,12327,4,0,0.14,14,1,0,0.04370787521344572
NETBANKING,BANK_TIMEOUT,10004,1,0,0.34,17,1,0,0.7413601906157908
CARD,INVALID_ACCOUNT,27535,4,4,0.44,15,1,0,0.01
NETBANKING,BANK_TIMEOUT,33005,2,0,0.48,14,0,0,0.7192164878337757
UPI,GATEWAY_TIMEOUT,2896,4,0,0.49,13,0,0,0.6344108118676004
CARD,FRAUD_SUSPECTED,47751,1,0,0.2,12,1,1,0.021968817754206935
UPI,ACCOUNT_BLOCKED,38607,4,0,0.21,4,0,0,0.016268375947732255
UPI,CARD_DECLINED,35203,3,3,0.14,20,1,1,0.039746567049771336
CARD,INVALID_CARD,9527,4,0,0.2,10,0,0,0.034574981983913615
CARD,FRAUD_SUSPECTED,1425,3,2,0.16,15,0,0,0.01
NETBANKING,EXPIRED_CARD,21128,3,5,0.21,20,0,0,0.01
CARD,EXPIRED_CARD,49874,3,0,0.26,5,0,1,0.030956939836438956
CARD,GATEWAY_TIMEOUT,34459,1,1,0.1,6,0,0,0.6833071044507986
UPI,FRAUD_SUSPECTED,46278,2,2,0.19,14,1,0,0.028117436044337744
UPI,FRAUD_SUSPECTED,32133,4,1,0.48,15,1,1,0.01
CARD,NETWORK_ERROR,18782,1,3,0.03,18,0,0,0.7217379891761483
NETBANKING,INSUFFICIENT_FUNDS,17734,4,4,0.02,21,0,1,0.11915154380523714
NETBANKING,GATEWAY_TIMEOUT,39496,1,1,0.13,9,1,1,0.786548297506925
CARD,EXPIRED_CARD,16614,2,3,0.16,16,1,0,0.01
NETBANKING,FRAUD_SUSPECTED,36895,3,2,0.35,15,0,1,0.05883609658217672
NETBANKING,FRAUD_SUSPECTED,18245,3,5,0.36,20,1,0,0.01
UPI,BANK_TIMEOUT,39423,4,5,0.17,4,0,1,0.5527469099578296
CARD,INVALID_CARD,26615,4,5,0.03,22,0,1,0.03265498765809035
UPI,INVALID_ACCOUNT,41932,4,5,0.19,9,0,0,0.01
CARD,GATEWAY_TIMEOUT,48656,3,5,0.41,5,1,0,0.42122535115129006
UPI,CARD_DECLINED,27656,3,2,0.14,9,1,0,0.06305365676706799
NETBANKING,ACCOUNT_BLOCKED,38131,1,3,0.45,16,0,1,0.012983850462999746
CARD,BANK_TIMEOUT,9981,2,1,0.18,18,1,0,0.6536383457648708
NETBANKING,GATEWAY_TIMEOUT,5396,4,2,0.32,5,1,0,0.4784713501423993
CARD,INSUFFICIENT_FUNDS,49985,2,4,0.38,15,0,0,0.07344797387250618
NETBANKING,INVALID_CARD,26536,4,3,0.2,1,0,1,0.055006861548183204
CARD,INVALID_ACCOUNT,12589,1,5,0.01,23,0,0,0.029352474717039716
CARD,CARD_DECLINED,8549,1,3,0.26,9,0,0,0.21638438296744106
CARD,CARD_DECLINED,29979,3,3,0.45,4,1,1,0.04092508863666323
UPI,GATEWAY_TIMEOUT,26536,1,1,0.12,4,0,0,0.7369692834799242
UPI,NETWORK_ERROR,24124,1,3,0.44,8,0,0,0.6521969915837895
NETBANKING,BANK_TIMEOUT,3261,1,3,0.23,3,1,1,0.7271868214854056
UPI,BANK_TIMEOUT,19833,4,5,0.06,16,1,0,0.45588257517714253
UPI,INVALID_ACCOUNT,47205,1,2,0.07,3,1,0,0.020900180935672953
CARD,INVALID_ACCOUNT,13316,3,5,0.21,5,0,1,0.05103566274620145
NETBANKING,EXPIRED_CARD,21766,2,0,0.02,2,0,1,0.032914449266676624
UPI,INVALID_ACCOUNT,5018,1,2,0.33,14,1,1,0.02342773572361486
UPI,GATEWAY_TIMEOUT,2685,3,2,0.4,10,1,0,0.529499847033058
UPI,BANK_TIMEOUT,9169,2,2,0.19,14,1,0,0.6282622153274448
CARD,GATEWAY_TIMEOUT,7560,4,3,0.48,8,1,1,0.561989909694895
NETBANKING,GATEWAY_TIMEOUT,7509,2,5,0.37,5,0,1,0.6541226761272179
CARD,ACCOUNT_BLOCKED,44559,4,1,0.31,11,0,0,0.01
CARD,NETWORK_ERROR,27053,4,0,0.04,20,1,0,0.6064568176480623
NETBANKING,INVALID_ACCOUNT,48834,2,5,0.44,16,0,1,0.026171326284596307
UPI,EXPIRED_CARD,22759,4,1,0.42,17,0,0,0.024339871655681293
UPI,INVALID_ACCOUNT,30855,4,1,0.05,15,1,0,0.01
CARD,BANK_TIMEOUT,33322,2,4,0.33,12,0,0,0.5629094594748235
NETBANKING,EXPIRED_CARD,5868,4,3,0.16,15,0,0,0.01
UPI,INVALID_ACCOUNT,36085,1,0,0.4,19,1,0,0.025459598356093745
CARD,FRAUD_SUSPECTED,23912,1,1,0.42,10,1,1,0.03159135002831553
UPI,NETWORK_ERROR,49862,2,0,0.18,20,1,1,0.7422096053259986
UPI,GATEWAY_TIMEOUT,32371,2,5,0.37,13,0,1,0.5940851766138684
UPI,NETWORK_ERROR,25848,2,3,0.41,6,1,0,0.5847149341810273
UPI,ACCOUNT_BLOCKED,8175,4,3,0.33,16,0,1,0.01
NETBANKING,BANK_TIMEOUT,36356,4,4,0.25,16,0,0,0.49804946617427776
UPI,NETWORK_ERROR,25489,3,4,0.44,13,0,1,0.5457869996455265
CARD,CARD_DECLINED,29777,2,1,0.21,22,1,1,0.21018743563951447
NETBANKING,INSUFFICIENT_FUNDS,13265,2,4,0.36,21,1,0,0.11213354962348673
NETBANKING,GATEWAY_TIMEOUT,33123,3,5,0.07,11,1,1,0.5504243485539174
NETBANKING,CARD_DECLINED,27781,1,4,0.06,12,0,0,0.16102541787669417
UPI,CARD_DECLINED,49264,2,2,0.34,4,0,1,0.14640009033202672
NETBANKING,BANK_TIMEOUT,23606,4,0,0.31,21,0,1,0.6127595472566205
NETBANKING,CARD_DECLINED,45512,1,3,0.2,21,1,0,0.08129652376746382
CARD,INSUFFICIENT_FUNDS,40769,4,1,0.46,22,1,0,0.041614674512233205
UPI,CARD_DECLINED,29513,2,5,0.05,5,0,1,0.06906342329718751
CARD,INVALID_ACCOUNT,17417,2,1,0.3,8,0,1,0.036633133820957925
UPI,BANK_TIMEOUT,10173,3,4,0.03,20,1,1,0.6259908182417431
NETBANKING,FRAUD_SUSPECTED,4876,3,4,0.12,5,0,0,0.01
NETBANKING,INVALID_CARD,6125,3,1,0.44,21,1,1,0.01
UPI,ACCOUNT_BLOCKED,34866,4,4,0.41,20,0,0,0.02689384679943866
CARD,INSUFFICIENT_FUNDS,42191,2,0,0.34,10,1,0,0.14458759347840439
NETBANKING,CARD_DECLINED,1719,3,4,0.4,14,1,0,0.01
NETBANKING,INSUFFICIENT_FUNDS,21092,1,0,0.09,17,0,0,0.23207814749355252
NETBANKING,INSUFFICIENT_FUNDS,45018,4,0,0.11,22,1,0,0.10368908256742618
UPI,BANK_TIMEOUT,30195,3,0,0.05,1,0,1,0.7208084205317812
NETBANKING,INSUFFICIENT_FUNDS,17050,4,3,0.23,12,1,1,0.01
NETBANKING,NETWORK_ERROR,35150,1,5,0.36,2,0,0,0.5697700138748047
NETBANKING,NETWORK_ERROR,19094,3,4,0.05,14,1,1,0.6272122370159054
UPI,EXPIRED_CARD,10344,2,1,0.38,17,1,0,0.01
NETBANKING,FRAUD_SUSPECTED,830,2,0,0.03,18,1,0,0.01
NETBANKING,FRAUD_SUSPECTED,13976,4,5,0.43,4,0,0,0.01
CARD,INSUFFICIENT_FUNDS,7611,2,5,0.4,1,1,0,0.01
UPI,CARD_DECLINED,6535,2,5,0.29,10,1,0,0.05812955657800509
UPI,NETWORK_ERROR,18786,1,1,0.17,14,1,1,0.7923458129347637
UPI,ACCOUNT_BLOCKED,37249,3,2,0.48,5,0,1,0.01
UPI,INVALID_CARD,18232,3,1,0.34,10,1,1,0.01
CARD,EXPIRED_CARD,36254,1,1,0.33,2,1,0,0.0491297038932279
UPI,CARD_DECLINED,48173,1,5,0.05,0,0,1,0.1919200254902514
UPI,BANK_TIMEOUT,36249,3,4,0.45,17,1,0,0.4615818630103009
UPI,ACCOUNT_BLOCKED,48152,3,1,0.24,16,0,1,0.01
UPI,INSUFFICIENT_FUNDS,40341,2,4,0.08,5,0,0,0.11559198088348244
CARD,FRAUD_SUSPECTED,2748,2,3,0.12,8,1,0,0.01
UPI,INVALID_ACCOUNT,23774,4,3,0.46,1,0,1,0.01
NETBANKING,CARD_DECLINED,48721,3,4,0.28,5,1,1,0.028529677799104744
NETBANKING,NETWORK_ERROR,33960,3,3,0.49,7,1,1,0.5827236765233572
CARD,EXPIRED_CARD,31695,1,4,0.44,14,0,0,0.01
NETBANKING,CARD_DECLINED,13961,2,1,0.09,19,0,0,0.20246136850951063
CARD,NETWORK_ERROR,31656,4,3,0.11,5,1,0,0.46336703074212693
UPI,ACCOUNT_BLOCKED,38920,2,1,0.32,1,0,0,0.01
UPI,INVALID_ACCOUNT,26671,1,5,0.37,9,0,0,0.01
CARD,EXPIRED_CARD,11278,2,3,0.3,18,0,1,0.01
NETBANKING,FRAUD_SUSPECTED,29818,1,1,0.2,4,0,0,0.01
NETBANKING,INVALID_CARD,9901,1,1,0.24,19,0,0,0.01
NETBANKING,GATEWAY_TIMEOUT,39649,1,5,0.33,16,1,1,0.6444824300732004
NETBANKING,INVALID_ACCOUNT,28212,2,3,0.4,12,1,0,0.01
CARD,EXPIRED_CARD,15337,1,2,0.3,17,1,1,0.01
NETBANKING,BANK_TIMEOUT,37978,1,4,0.01,20,0,1,0.6898845077173933
UPI,GATEWAY_TIMEOUT,28023,3,2,0.43,13,1,1,0.6361798674170716
CARD,INSUFFICIENT_FUNDS,27181,4,1,0.19,17,1,1,0.13985082640249502
NETBANKING,FRAUD_SUSPECTED,46335,4,5,0.08,21,0,0,0.01
NETBANKING,GATEWAY_TIMEOUT,6671,2,4,0.21,10,0,0,0.5979103680585103
NETBANKING,BANK_TIMEOUT,6069,2,3,0.46,13,0,0,0.5903091997964458
CARD,NETWORK_ERROR,40013,1,5,0.2,12,1,0,0.6145715857845607
UPI,EXPIRED_CARD,28868,1,1,0.43,16,1,0,0.01
NETBANKING,INVALID_ACCOUNT,33904,2,4,0.09,1,1,0,0.025501911938404488
UPI,NETWORK_ERROR,18183,4,2,0.34,12,0,0,0.5796925540146395
UPI,NETWORK_ERROR,36118,3,5,0.42,18,1,1,0.5443287665065488
CARD,INSUFFICIENT_FUNDS,39838,2,3,0.47,18,0,1,0.10050347868139645
NETBANKING,NETWORK_ERROR,36710,1,4,0.15,3,1,1,0.67441918614713
CARD,ACCOUNT_BLOCKED,31795,2,2,0.48,14,1,0,0.01
CARD,NETWORK_ERROR,25178,2,5,0.35,10,1,1,0.5566504217204837
UPI,CARD_DECLINED,16369,3,0,0.21,23,1,0,0.15445515040412264
UPI,EXPIRED_CARD,20669,3,1,0.45,8,0,0,0.01
UPI,INSUFFICIENT_FUNDS,48297,2,2,0.11,6,0,1,0.16459955684761587
UPI,NETWORK_ERROR,5243,4,4,0.01,17,0,1,0.5661196535383668
CARD,EXPIRED_CARD,37751,3,3,0.1,16,1,1,0.01
NETBANKING,GATEWAY_TIMEOUT,3648,4,3,0.47,1,1,1,0.5690400130497952
UPI,EXPIRED_CARD,7988,4,2,0.35,0,0,1,0.01810082189794468
CARD,FRAUD_SUSPECTED,40259,3,1,0.28,7,1,1,0.05585268170616332
CARD,FRAUD_SUSPECTED,12152,4,3,0.11,22,1,1,0.04543260872408197
CARD,EXPIRED_CARD,11889,2,4,0.35,3,1,0,0.015534004742070095
CARD,INSUFFICIENT_FUNDS,9658,2,3,0.4,5,1,1,0.10344716846612229
NETBANKING,INVALID_ACCOUNT,35095,3,3,0.16,17,0,1,0.01
UPI,BANK_TIMEOUT,14220,3,3,0.42,3,1,1,0.5639769122011677
CARD,INVALID_ACCOUNT,36635,3,2,0.02,3,1,0,0.01768537564269785
NETBANKING,INVALID_ACCOUNT,11538,3,2,0.17,16,1,1,0.048963244913822056
CARD,ACCOUNT_BLOCKED,18877,4,5,0.48,5,1,1,0.0231273408325837
NETBANKING,INVALID_CARD,4775,1,1,0.18,10,1,1,0.0930433485116604
NETBANKING,INVALID_CARD,17876,4,2,0.38,16,1,1,0.01
UPI,GATEWAY_TIMEOUT,47795,2,5,0.13,23,0,0,0.5236910465039651
UPI,NETWORK_ERROR,4280,4,4,0.04,12,0,0,0.5022452264264987
UPI,NETWORK_ERROR,43015,4,2,0.12,23,1,1,0.580648068462619
UPI,INVALID_ACCOUNT,11280,1,0,0.34,10,1,1,0.13349815454400948
NETBANKING,CARD_DECLINED,36049,4,1,0.49,22,0,1,0.1041047522641059
NETBANKING,ACCOUNT_BLOCKED,28606,3,2,0.25,7,0,1,0.01
CARD,CARD_DECLINED,10305,3,0,0.01,4,1,1,0.2159197955244026
UPI,EXPIRED_CARD,49610,4,2,0.01,13,1,0,0.03967673838676362
NETBANKING,FRAUD_SUSPECTED,12458,4,4,0.22,7,0,1,0.0428426855641291
UPI,CARD_DECLINED,5291,4,5,0.13,19,1,1,0.02484570409575617
NETBANKING,CARD_DECLINED,27160,2,0,0.1,9,0,1,0.27177294139025154
CARD,ACCOUNT_BLOCKED,32343,2,2,0.02,1,0,0,0.05723326049914471
CARD,CARD_DECLINED,8294,4,5,0.01,2,0,0,0.01
CARD,INVALID_CARD,20519,4,2,0.24,1,1,0,0.044354629926807866
UPI,BANK_TIMEOUT,17565,4,0,0.28,5,0,1,0.7037250723999571
UPI,NETWORK_ERROR,46937,2,3,0.39,14,0,0,0.560917987630393
NETBANKING,NETWORK_ERROR,34253,2,3,0.2,9,1,0,0.5929164254130699
UPI,INVALID_ACCOUNT,34239,1,2,0.25,9,0,1,0.07375195760435428
NETBANKING,INSUFFICIENT_FUNDS,7500,2,5,0.22,0,0,1,0.13646968600127812
CARD,INSUFFICIENT_FUNDS,685,1,4,0.39,15,0,1,0.2180797000001966
UPI,GATEWAY_TIMEOUT,32862,1,5,0.31,20,0,0,0.5745517675314656
UPI,INVALID_ACCOUNT,7138,2,3,0.12,17,1,1,0.03331888317537703
UPI,INVALID_CARD,23572,2,2,0.45,15,1,1,0.01427340768056942
CARD,INSUFFICIENT_FUNDS,37239,2,4,0.18,23,1,1,0.13876618399571597
NETBANKING,INVALID_ACCOUNT,10608,1,4,0.09,9,1,1,0.01
NETBANKING,INVALID_ACCOUNT,24940,2,0,0.31,11,0,1,0.061100356268392345
NETBANKING,INVALID_ACCOUNT,25494,2,4,0.34,17,0,1,0.01
NETBANKING,FRAUD_SUSPECTED,7339,1,4,0.33,1,0,0,0.04734927775805723
UPI,NETWORK_ERROR,31909,2,0,0.03,20,1,1,0.7395821362614412
NETBANKING,ACCOUNT_BLOCKED,16873,1,2,0.12,22,0,0,0.07102110368090511
UPI,EXPIRED_CARD,5340,4,5,0.04,17,1,1,0.03942495771380796
UPI,ACCOUNT_BLOCKED,17520,1,5,0.04,9,0,0,0.05605867454371249
UPI,NETWORK_ERROR,47624,2,4,0.2,6,0,0,0.5858423480012971
NETBANKING,INVALID_CARD,48996,1,5,0.29,21,1,1,0.04828240193732262
UPI,GATEWAY_TIMEOUT,36142,4,4,0.18,5,1,1,0.5422484970652721
NETBANKING,FRAUD_SUSPECTED,24461,4,5,0.22,23,1,0,0.016314470280428407
UPI,INVALID_CARD,36160,3,2,0.48,14,1,0,0.03263132783372915
CARD,ACCOUNT_BLOCKED,1168,2,2,0.01,7,0,1,0.01
NETBANKING,CARD_DECLINED,36384,2,0,0.03,11,0,0,0.19349881792596196
NETBANKING,INSUFFICIENT_FUNDS,15369,3,2,0.06,12,0,0,0.15635805267445146
CARD,GATEWAY_TIMEOUT,32099,1,4,0.32,1,1,0,0.6160121908008476
CARD,FRAUD_SUSPECTED,28562,4,0,0.44,7,0,1,0.01
NETBANKING,BANK_TIMEOUT,21026,2,2,0.26,7,0,0,0.651363524236961
CARD,EXPIRED_CARD,49438,1,1,0.22,12,0,0,0.01
CARD,ACCOUNT_BLOCKED,48944,1,4,0.21,2,1,1,0.037382513655625664
UPI,GATEWAY_TIMEOUT,31617,2,3,0.2,18,0,0,0.5842315091726511
CARD,INVALID_CARD,21295,1,0,0.34,13,1,1,0.025048974156929842
CARD,ACCOUNT_BLOCKED,43052,1,2,0.09,11,1,0,0.01
UPI,INSUFFICIENT_FUNDS,45015,3,1,0.38,2,0,0,0.07630483098994263
NETBANKING,GATEWAY_TIMEOUT,18953,1,2,0.35,3,1,1,0.7221190303733558
CARD,INSUFFICIENT_FUNDS,48597,2,1,0.28,8,1,0,0.1515071143647695
NETBANKING,BANK_TIMEOUT,24781,1,2,0.09,9,0,1,0.7063085248656279
NETBANKING,BANK_TIMEOUT,4464,4,5,0.14,21,1,0,0.4079078323934194
NETBANKING,INVALID_CARD,15249,4,4,0.49,3,1,1,0.04667727455281199
NETBANKING,NETWORK_ERROR,12317,2,4,0.48,17,0,0,0.5567392139749751
NETBANKING,CARD_DECLINED,21960,4,3,0.37,0,1,1,0.01
CARD,INSUFFICIENT_FUNDS,32950,3,0,0.32,12,0,1,0.1605582697627754
CARD,INVALID_CARD,43152,2,0,0.37,16,0,1,0.01
UPI,INVALID_CARD,20572,3,3,0.28,6,0,0,0.046258766158006816
CARD,INVALID_ACCOUNT,8963,4,1,0.33,18,0,1,0.01
NETBANKING,NETWORK_ERROR,12167,3,1,0.37,10,1,1,0.6333348104976151
NETBANKING,CARD_DECLINED,10058,2,0,0.07,0,1,0,0.22263606926216373
UPI,BANK_TIMEOUT,23644,1,5,0.39,4,1,1,0.5693976477772962
CARD,EXPIRED_CARD,31154,2,1,0.1,1,1,0,0.052543508313490965
CARD,INSUFFICIENT_FUNDS,48751,2,1,0.04,14,1,1,0.24267749051566784
UPI,INVALID_CARD,26633,1,4,0.37,12,1,1,0.0211504874670052
NETBANKING,ACCOUNT_BLOCKED,39015,1,4,0.06,14,0,0,0.01187026525875117
CARD,BANK_TIMEOUT,36649,4,4,0.38,1,0,1,0.505955387471646
CARD,CARD_DECLINED,30334,2,3,0.15,1,0,1,0.19798935044266397
CARD,NETWORK_ERROR,47459,1,1,0.39,22,0,1,0.7423559305097617
CARD,BANK_TIMEOUT,11822,4,4,0.45,6,1,0,0.4300082294077239
NETBANKING,GATEWAY_TIMEOUT,47179,1,0,0.07,14,1,0,0.7353817306066148
CARD,INVALID_ACCOUNT,40212,2,3,0.28,1,0,1,0.01654915785141691
NETBANKING,GATEWAY_TIMEOUT,10724,2,1,0.39,1,1,1,0.6819518305436981
CARD,CARD_DECLINED,41155,2,0,0.45,6,0,1,0.17622077648240525
CARD,EXPIRED_CARD,35718,1,4,0.44,7,0,1,0.01
CARD,NETWORK_ERROR,39501,1,1,0.44,8,0,0,0.66448399873693
UPI,FRAUD_SUSPECTED,2506,2,0,0.34,19,1,1,0.05203846982695363
UPI,NETWORK_ERROR,27425,2,1,0.34,19,0,1,0.730933480902736
CARD,BANK_TIMEOUT,6203,3,2,0.19,12,0,1,0.7053309630084568
UPI,CARD_DECLINED,30955,2,0,0.35,8,1,1,0.20746462092537088
NETBANKING,INSUFFICIENT_FUNDS,40211,1,0,0.29,20,0,1,0.3134074137871371
NETBANKING,CARD_DECLINED,28087,3,2,0.27,19,1,0,0.06442899808483893
CARD,INVALID_ACCOUNT,47887,4,3,0.41,19,0,1,0.05792576595660704
UPI,NETWORK_ERROR,1671,4,5,0.4,23,0,1,0.5014041139524372
CARD,FRAUD_SUSPECTED,36827,2,0,0.32,22,1,1,0.03901955028462117
CARD,CARD_DECLINED,33306,3,0,0.07,10,1,1,0.20543966428110116
NETBANKING,BANK_TIMEOUT,11610,2,2,0.42,21,1,1,0.6977254383828924
NETBANKING,GATEWAY_TIMEOUT,31655,2,5,0.24,17,1,1,0.5943989033208539
CARD,BANK_TIMEOUT,34249,3,4,0.37,10,0,0,0.5207397642176549
CARD,FRAUD_SUSPECTED,4439,2,2,0.42,10,1,0,0.017098164115614503
CARD,GATEWAY_TIMEOUT,39106,1,2,0.36,10,0,1,0.7153869567862137
CARD,INSUFFICIENT_FUNDS,24452,4,2,0.12,9,0,0,0.035421569067943054
UPI,INSUFFICIENT_FUNDS,6168,4,4,0.02,15,0,0,0.012011590423909368
CARD,INVALID_ACCOUNT,20439,3,1,0.39,3,0,0,0.03245706322532336
CARD,INVALID_CARD,46871,1,0,0.16,1,0,1,0.10068759024827621
UPI,NETWORK_ERROR,34216,3,0,0.29,9,0,1,0.6610555512253535
CARD,CARD_DECLINED,34983,3,3,0.34,8,0,0,0.023363688584015052
UPI,ACCOUNT_BLOCKED,36775,1,1,0.28,17,1,1,0.01
NETBANKING,CARD_DECLINED,37723,2,1,0.04,19,1,1,0.16107261837279346
UPI,EXPIRED_CARD,44369,1,0,0.2,2,1,1,0.03789829932501733
NETBANKING,ACCOUNT_BLOCKED,41352,4,4,0.18,10,0,0,0.05736818888990878
CARD,ACCOUNT_BLOCKED,8737,1,5,0.24,14,1,1,0.01
UPI,GATEWAY_TIMEOUT,40531,3,2,0.2,22,1,1,0.6053283067699572
UPI,NETWORK_ERROR,31251,1,2,0.24,5,1,1,0.7164440231432603
UPI,INVALID_ACCOUNT,6845,4,5,0.4,10,0,1,0.013274556592833135
CARD,ACCOUNT_BLOCKED,27195,2,4,0.13,5,1,1,0.01
UPI,ACCOUNT_BLOCKED,28355,4,4,0.4,17,0,0,0.026261225692633693
UPI,ACCOUNT_BLOCKED,31991,1,4,0.3,10,0,1,0.01
CARD,NETWORK_ERROR,39307,1,5,0.41,12,1,1,0.6134989115448033
UPI,NETWORK_ERROR,14361,2,4,0.45,20,0,0,0.6010881393769505
CARD,INVALID_ACCOUNT,19203,4,4,0.29,6,0,1,0.01
NETBANKING,CARD_DECLINED,28590,3,0,0.3,19,1,0,0.14525051794512917
UPI,FRAUD_SUSPECTED,36071,1,0,0.35,11,0,1,0.07156796368299778
UPI,INVALID_CARD,46120,4,5,0.17,12,1,1,0.01
UPI,GATEWAY_TIMEOUT,31221,2,1,0.28,11,1,0,0.6108470871727585
NETBANKING,GATEWAY_TIMEOUT,8900,1,0,0.33,4,1,1,0.8344975027071071
UPI,NETWORK_ERROR,9092,4,3,0.45,22,1,0,0.48043943592117344
CARD,INVALID_ACCOUNT,29594,4,2,0.12,13,0,1,0.04468038866736992
UPI,INVALID_ACCOUNT,17745,4,4,0.29,1,0,1,0.030488254255487478
UPI,ACCOUNT_BLOCKED,31657,1,1,0.37,16,1,1,0.02469495499002533
NETBANKING,ACCOUNT_BLOCKED,5896,2,3,0.32,21,0,1,0.021303911397437952
CARD,INVALID_ACCOUNT,806,4,3,0.26,15,1,1,0.01
CARD,CARD_DECLINED,11077,1,5,0.46,23,1,1,0.08014177631534636
CARD,ACCOUNT_BLOCKED,11180,1,5,0.5,23,0,1,0.01
UPI,INVALID_ACCOUNT,5137,3,2,0.07,8,1,1,0.01
UPI,ACCOUNT_BLOCKED,11543,2,5,0.23,5,1,0,0.01
NETBANKING,BANK_TIMEOUT,22568,1,1,0.3,4,1,1,0.7570367789143078
UPI,EXPIRED_CARD,47679,2,1,0.29,11,0,1,0.0365483931448542
UPI,BANK_TIMEOUT,11083,4,3,0.24,15,0,1,0.6043509958577215
CARD,EXPIRED_CARD,17311,2,4,0.44,0,1,1,0.01
CARD,INVALID_ACCOUNT,44852,1,0,0.46,20,1,1,0.05504855680319817
NETBANKING,CARD_DECLINED,22052,3,2,0.4,8,1,1,0.11731510153061976
NETBANKING,INSUFFICIENT_FUNDS,48223,2,4,0.18,22,0,1,0.13676125554038435
NETBANKING,BANK_TIMEOUT,4553,1,3,0.06,3,1,1,0.6959416325727483
CARD,CARD_DECLINED,12753,1,0,0.31,1,0,0,0.28980751058295023
UPI,NETWORK_ERROR,39728,2,3,0.33,20,0,0,0.6165653633656076
CARD,CARD_DECLINED,30702,1,5,0.23,8,1,1,0.09273365953711124
UPI,CARD_DECLINED,4188,4,3,0.17,1,1,1,0.030792948663662972
UPI,EXPIRED_CARD,13251,4,1,0.33,3,0,1,0.01
NETBANKING,NETWORK_ERROR,29039,3,0,0.03,2,1,1,0.6388764793101791
CARD,GATEWAY_TIMEOUT,42886,1,0,0.34,8,0,1,0.8264617543453949
NETBANKING,BANK_TIMEOUT,33876,4,3,0.22,23,0,0,0.4583307360294639
NETBANKING,EXPIRED_CARD,8043,3,2,0.34,12,0,0,0.01
CARD,NETWORK_ERROR,30222,3,5,0.11,17,0,1,0.575073408865186
CARD,INVALID_CARD,7097,3,3,0.05,20,1,0,0.01
UPI,BANK_TIMEOUT,47268,2,3,0.2,17,1,1,0.6333940046764567
CARD,BANK_TIMEOUT,2527,3,0,0.18,23,0,1,0.6938187108722913
NETBANKING,INVALID_ACCOUNT,30139,2,5,0.29,2,0,0,0.01
UPI,EXPIRED_CARD,40625,1,1,0.35,4,0,0,0.023266145475177462
CARD,NETWORK_ERROR,29996,2,4,0.04,3,0,1,0.6554977407151277
NETBANKING,INSUFFICIENT_FUNDS,4235,2,3,0.18,23,1,1,0.1240802439569334
NETBANKING,ACCOUNT_BLOCKED,35875,2,2,0.42,6,0,0,0.01
UPI,CARD_DECLINED,9356,4,1,0.35,17,0,1,0.10936446094935792
NETBANKING,BANK_TIMEOUT,8840,1,5,0.31,5,0,1,0.6270722607719523
UPI,GATEWAY_TIMEOUT,5941,3,3,0.35,15,0,0,0.5393087861238612
CARD,INVALID_ACCOUNT,29618,4,1,0.47,19,0,0,0.03171987555912705
NETBANKING,NETWORK_ERROR,41203,3,2,0.22,17,0,0,0.5497507822711791
NETBANKING,NETWORK_ERROR,40661,3,4,0.26,14,0,1,0.5293069019270831
UPI,GATEWAY_TIMEOUT,45008,4,3,0.1,21,0,0,0.5344860836596735
CARD,INSUFFICIENT_FUNDS,28586,3,2,0.31,14,0,0,0.1030416884813134
NETBANKING,GATEWAY_TIMEOUT,10457,1,3,0.26,2,0,1,0.7432706662265672
CARD,INVALID_CARD,13125,3,1,0.39,10,0,0,0.01
CARD,INSUFFICIENT_FUNDS,24710,2,0,0.24,15,0,1,0.21049412719619653
NETBANKING,EXPIRED_CARD,11769,4,2,0.08,23,0,1,0.057555589131783345
UPI,FRAUD_SUSPECTED,8436,1,5,0.29,8,0,0,0.045165136654328024
CARD,INVALID_CARD,11319,3,1,0.44,19,0,0,0.017812144585054993
NETBANKING,INSUFFICIENT_FUNDS,5767,4,4,0.25,6,1,1,0.01
NETBANKING,INVALID_CARD,48346,2,1,0.17,18,0,0,0.05137547207899449
UPI,INVALID_CARD,2998,1,3,0.37,16,0,1,0.026112172629177706
CARD,NETWORK_ERROR,29751,4,1,0.05,0,1,0,0.5182712001788657
CARD,INSUFFICIENT_FUNDS,42543,1,0,0.25,9,0,1,0.3307922111230945
NETBANKING,ACCOUNT_BLOCKED,1699,4,3,0.39,22,1,0,0.038985871278905716
CARD,EXPIRED_CARD,46230,1,5,0.04,22,1,0,0.01
CARD,ACCOUNT_BLOCKED,35649,2,5,0.05,10,0,1,0.0487977905955632
UPI,INVALID_CARD,24059,4,4,0.03,11,0,0,0.016075820855302465
UPI,GATEWAY_TIMEOUT,22049,2,4,0.07,15,0,0,0.5750463816469249
CARD,INVALID_ACCOUNT,44679,4,2,0.04,11,1,1,0.01
NETBANKING,NETWORK_ERROR,30912,3,3,0.31,21,0,0,0.5881903213292204
CARD,NETWORK_ERROR,5354,4,1,0.15,2,0,0,0.5825942736208621
NETBANKING,GATEWAY_TIMEOUT,32627,2,1,0.27,20,0,1,0.7046536658775617
NETBANKING,INVALID_ACCOUNT,8752,4,2,0.22,23,0,1,0.01
UPI,INSUFFICIENT_FUNDS,34153,3,3,0.29,20,1,1,0.08033572550554227
NETBANKING,INVALID_ACCOUNT,36044,4,3,0.16,4,1,0,0.0389267705828007
UPI,EXPIRED_CARD,24472,3,0,0.08,9,1,0,0.021863022986152496
UPI,INVALID_ACCOUNT,18793,2,1,0.42,22,0,0,0.01
UPI,FRAUD_SUSPECTED,37752,2,3,0.14,5,0,0,0.026555328158247286
CARD,GATEWAY_TIMEOUT,24539,4,4,0.49,17,1,0,0.4630433975941876
CARD,EXPIRED_CARD,9627,4,2,0.09,23,1,1,0.01
CARD,ACCOUNT_BLOCKED,43805,2,4,0.37,14,1,0,0.03316405212803277
UPI,GATEWAY_TIMEOUT,44533,1,2,0.02,19,0,1,0.7437393548581609
CARD,BANK_TIMEOUT,39955,2,4,0.27,8,0,0,0.5313589550393911
CARD,NETWORK_ERROR,33640,4,1,0.25,19,0,1,0.6047557997315719
NETBANKING,INVALID_CARD,24324,4,2,0.02,11,1,1,0.05775236282168033
NETBANKING,NETWORK_ERROR,14235,4,5,0.5,14,1,0,0.4505672785103326
CARD,INVALID_CARD,9246,1,1,0.11,15,1,0,0.07231529957063146
NETBANKING,INVALID_CARD,5896,1,3,0.32,8,1,0,0.015581384496480192
NETBANKING,ACCOUNT_BLOCKED,49595,2,1,0.1,12,1,1,0.01
CARD,ACCOUNT_BLOCKED,20017,4,4,0.37,7,0,0,0.01
CARD,EXPIRED_CARD,8238,3,3,0.1,22,0,0,0.01
CARD,EXPIRED_CARD,4472,3,4,0.25,13,1,1,0.05742587483990572
UPI,FRAUD_SUSPECTED,33688,1,2,0.09,1,0,1,0.01
NETBANKING,GATEWAY_TIMEOUT,23521,2,0,0.14,13,1,0,0.6549856197622895
NETBANKING,NETWORK_ERROR,33776,2,5,0.1,3,0,1,0.6472443134458441
NETBANKING,CARD_DECLINED,17890,3,0,0.27,11,0,0,0.13669494461876952
CARD,FRAUD_SUSPECTED,31878,4,2,0.46,5,0,0,0.01
UPI,INSUFFICIENT_FUNDS,36712,1,3,0.24,2,0,0,0.19834097526772276
CARD,FRAUD_SUSPECTED,20519,3,1,0.41,19,1,0,0.030989488292250227
UPI,NETWORK_ERROR,14672,2,5,0.08,7,1,0,0.5329841006474332
UPI,INVALID_CARD,45373,1,0,0.02,15,1,0,0.01
UPI,INVALID_ACCOUNT,38974,1,3,0.07,8,0,0,0.01
UPI,NETWORK_ERROR,8212,2,4,0.45,5,1,0,0.5140779313039459
NETBANKING,CARD_DECLINED,38094,3,2,0.09,16,0,0,0.060910568460514
NETBANKING,BANK_TIMEOUT,34757,2,5,0.1,9,0,0,0.6073579903880874
UPI,INSUFFICIENT_FUNDS,33142,4,2,0.35,5,1,0,0.01
CARD,INVALID_CARD,27893,2,4,0.12,3,1,0,0.01
NETBANKING,GATEWAY_TIMEOUT,32593,3,5,0.15,23,0,0,0.4878115407330638
UPI,INVALID_CARD,18686,4,4,0.37,21,1,0,0.015391589110554915
CARD,INVALID_CARD,12472,1,3,0.47,11,0,0,0.05987233256858506
CARD,NETWORK_ERROR,26076,4,4,0.33,2,0,0,0.45648114618705526
NETBANKING,ACCOUNT_BLOCKED,6766,2,0,0.19,6,1,0,0.01949608299436382
CARD,NETWORK_ERROR,15361,4,5,0.25,22,1,1,0.48060973068760804
NETBANKING,ACCOUNT_BLOCKED,26605,4,4,0.15,14,0,0,0.01
CARD,INSUFFICIENT_FUNDS,41280,2,0,0.06,1,0,1,0.2818107440670944
UPI,INVALID_CARD,39722,3,1,0.16,19,0,0,0.02610806044311057
NETBANKING,EXPIRED_CARD,30641,2,2,0.33,15,1,1,0.04094815973913097
NETBANKING,INVALID_ACCOUNT,1258,1,3,0.44,3,1,1,0.01
CARD,EXPIRED_CARD,30224,1,0,0.1,21,1,0,0.02914796086451494
UPI,CARD_DECLINED,47005,4,3,0.38,18,1,1,0.01
UPI,INVALID_ACCOUNT,3752,4,2,0.25,12,1,1,0.01
UPI,ACCOUNT_BLOCKED,3056,2,2,0.18,23,0,1,0.01005733777385211
CARD,FRAUD_SUSPECTED,23520,4,2,0.04,7,0,0,0.024808282488658663
NETBANKING,NETWORK_ERROR,45188,1,2,0.07,5,0,1,0.7067377621687274
NETBANKING,INVALID_CARD,37327,4,2,0.02,15,0,1,0.01
CARD,FRAUD_SUSPECTED,37621,1,3,0.06,21,0,1,0.01
NETBANKING,FRAUD_SUSPECTED,11020,3,2,0.49,6,1,0,0.044038048871110604
NETBANKING,INSUFFICIENT_FUNDS,18932,3,0,0.16,18,1,0,0.16645722900546195
UPI,ACCOUNT_BLOCKED,6308,3,2,0.04,16,1,1,0.01
UPI,CARD_DECLINED,33172,3,3,0.34,10,0,1,0.08623009557371197
NETBANKING,INVALID_ACCOUNT,29802,2,0,0.32,16,0,1,0.01
NETBANKING,EXPIRED_CARD,17659,4,4,0.37,1,0,1,0.01
UPI,GATEWAY_TIMEOUT,49018,3,3,0.21,2,0,1,0.5856934758601419
CARD,GATEWAY_TIMEOUT,16906,2,3,0.13,4,0,0,0.6215586609818375
CARD,EXPIRED_CARD,31910,4,3,0.33,1,0,0,0.01
UPI,CARD_DECLINED,18304,2,5,0.43,23,1,0,0.01
UPI,FRAUD_SUSPECTED,39526,3,0,0.45,13,1,0,0.01
NETBANKING,GATEWAY_TIMEOUT,15569,1,4,0.37,3,1,1,0.7014564862327641
UPI,ACCOUNT_BLOCKED,8113,3,2,0.42,23,1,0,0.05355000959550515
UPI,GATEWAY_TIMEOUT,7100,2,1,0.49,14,1,1,0.7272899933677024
UPI,EXPIRED_CARD,35061,3,5,0.47,10,1,1,0.028273844753464082
CARD,GATEWAY_TIMEOUT,23889,4,5,0.19,9,0,0,0.4851472966517878
NETBANKING,BANK_TIMEOUT,45364,2,2,0.28,9,1,0,0.6054910692773408
UPI,EXPIRED_CARD,25558,1,3,0.46,8,1,0,0.05363224046134033
UPI,CARD_DECLINED,13887,2,3,0.32,20,1,0,0.07540365256849271
UPI,EXPIRED_CARD,30973,4,2,0.36,3,0,1,0.010633451392030138
CARD,INVALID_CARD,39560,3,3,0.35,1,0,1,0.03910193178139538
UPI,BANK_TIMEOUT,26357,2,5,0.16,18,0,0,0.5197822439444091
NETBANKING,GATEWAY_TIMEOUT,39029,4,2,0.23,23,0,1,0.5543479025717577
NETBANKING,FRAUD_SUSPECTED,18567,2,0,0.21,5,1,1,0.054475715484231
NETBANKING,INSUFFICIENT_FUNDS,1458,1,4,0.33,20,0,0,0.19441275717498724
UPI,CARD_DECLINED,46057,2,0,0.21,13,1,0,0.12790612673612897
CARD,GATEWAY_TIMEOUT,37274,1,0,0.36,13,1,1,0.715851234901312
NETBANKING,INSUFFICIENT_FUNDS,12587,3,2,0.38,12,0,1,0.18763377276555143
NETBANKING,INSUFFICIENT_FUNDS,18644,2,3,0.1,4,0,1,0.247612816290408
UPI,ACCOUNT_BLOCKED,29655,2,2,0.3,20,1,0,0.01
UPI,FRAUD_SUSPECTED,45517,4,5,0.11,12,1,1,0.01
NETBANKING,BANK_TIMEOUT,3515,3,1,0.24,11,0,0,0.6213656882826551
NETBANKING,INVALID_CARD,19925,4,5,0.19,17,0,0,0.01
NETBANKING,EXPIRED_CARD,22328,4,1,0.05,22,1,0,0.01
CARD,BANK_TIMEOUT,8480,4,2,0.38,13,1,1,0.5832931570631185
CARD,INVALID_ACCOUNT,20613,4,1,0.16,15,0,1,0.01
UPI,BANK_TIMEOUT,15164,2,0,0.24,5,1,1,0.7076024047100556
CARD,BANK_TIMEOUT,29035,3,5,0.28,14,1,0,0.49658383509499127
UPI,NETWORK_ERROR,23011,1,1,0.44,5,0,1,0.752324738927852
NETBANKING,ACCOUNT_BLOCKED,14019,1,4,0.39,5,1,0,0.01
CARD,NETWORK_ERROR,21638,1,2,0.34,21,0,1,0.7133558309602279
UPI,FRAUD_SUSPECTED,10177,1,0,0.24,22,1,1,0.058835673954487994
CARD,ACCOUNT_BLOCKED,43223,1,2,0.49,20,1,1,0.0547418397154996
NETBANKING,ACCOUNT_BLOCKED,8575,2,0,0.4,9,1,0,0.03437999924326248
NETBANKING,ACCOUNT_BLOCKED,25094,1,3,0.14,7,1,0,0.01
UPI,GATEWAY_TIMEOUT,25560,4,2,0.33,20,0,0,0.506854666062329
CARD,CARD_DECLINED,44989,2,2,0.34,11,0,1,0.17054424149201292
CARD,EXPIRED_CARD,17695,4,0,0.38,11,0,1,0.02306862564833246
UPI,BANK_TIMEOUT,33742,3,3,0.34,20,0,1,0.5987278711121974
NETBANKING,INVALID_ACCOUNT,5603,3,3,0.22,15,1,0,0.05841862330421042
NETBANKING,CARD_DECLINED,16395,4,2,0.29,17,0,0,0.06234145178469429
NETBANKING,INVALID_CARD,27167,1,3,0.33,18,1,1,0.01
UPI,INVALID_ACCOUNT,1166,1,5,0.33,5,0,1,0.01
CARD,CARD_DECLINED,20674,4,5,0.23,8,1,0,0.01
UPI,ACCOUNT_BLOCKED,17094,1,3,0.27,0,1,0,0.01
NETBANKING,EXPIRED_CARD,30257,4,5,0.48,19,1,1,0.021849937448749294
NETBANKING,FRAUD_SUSPECTED,45363,4,2,0.05,4,0,0,0.01
UPI,INSUFFICIENT_FUNDS,1857,2,3,0.33,20,0,1,0.21120897098337052
NETBANKING,INSUFFICIENT_FUNDS,5742,3,3,0.08,13,0,0,0.06861054931760975
UPI,EXPIRED_CARD,31888,4,0,0.43,18,0,0,0.01
CARD,BANK_TIMEOUT,21979,1,0,0.32,22,1,1,0.7928616261003191
NETBANKING,ACCOUNT_BLOCKED,39148,3,0,0.25,15,1,0,0.031429032877612624
NETBANKING,BANK_TIMEOUT,27756,3,4,0.04,20,1,1,0.5276940740457094
NETBANKING,FRAUD_SUSPECTED,29481,4,0,0.09,23,0,1,0.01
UPI,INVALID_ACCOUNT,14498,3,4,0.43,22,1,0,0.048317339340890976
NETBANKING,INVALID_CARD,27419,3,3,0.4,5,0,1,0.029069754890541956
UPI,EXPIRED_CARD,8560,2,1,0.09,15,0,1,0.10530546983612124
CARD,CARD_DECLINED,15482,2,4,0.03,0,1,1,0.13270438748369204
UPI,GATEWAY_TIMEOUT,33095,1,0,0.18,3,0,0,0.7581981448710677
CARD,CARD_DECLINED,22403,3,0,0.39,17,1,0,0.1363408148066219
NETBANKING,ACCOUNT_BLOCKED,43975,1,5,0.03,14,1,0,0.05746597566149523
NETBANKING,ACCOUNT_BLOCKED,6776,1,4,0.06,20,0,0,0.051098577053575546
UPI,CARD_DECLINED,46510,4,4,0.25,3,0,1,0.01
UPI,NETWORK_ERROR,13331,4,3,0.39,0,0,1,0.5551320069780635
NETBANKING,GATEWAY_TIMEOUT,5685,3,2,0.36,13,1,0,0.5391611214527534
NETBANKING,INVALID_CARD,15054,2,3,0.21,13,1,1,0.05437402563524465
CARD,GATEWAY_TIMEOUT,751,1,0,0.18,12,0,1,0.7881468328485387
UPI,GATEWAY_TIMEOUT,37754,1,5,0.49,21,1,1,0.5812002818031481
NETBANKING,INVALID_ACCOUNT,20044,3,2,0.01,8,0,1,0.01
UPI,INVALID_ACCOUNT,41018,4,5,0.18,20,1,0,0.0480974682431902
UPI,BANK_TIMEOUT,35321,3,3,0.37,23,0,1,0.5643734515702871
NETBANKING,INVALID_ACCOUNT,20563,3,5,0.09,0,1,0,0.04322289867263867
CARD,INVALID_CARD,33213,1,5,0.04,11,1,1,0.01
NETBANKING,NETWORK_ERROR,29508,3,4,0.37,14,1,0,0.5135387562109217
NETBANKING,ACCOUNT_BLOCKED,46935,2,2,0.16,21,0,1,0.011966664744550227
UPI,NETWORK_ERROR,21585,2,2,0.23,4,1,1,0.6151947163434688
UPI,INVALID_CARD,8623,4,1,0.23,11,1,1,0.047201479273806295
NETBANKING,EXPIRED_CARD,41811,4,3,0.35,15,1,0,0.01
UPI,EXPIRED_CARD,46705,4,1,0.48,16,0,0,0.01
UPI,GATEWAY_TIMEOUT,36736,3,0,0.3,13,0,0,0.6269585965363419
CARD,BANK_TIMEOUT,34360,2,0,0.19,11,1,1,0.7195925540536476
UPI,GATEWAY_TIMEOUT,38741,4,0,0.47,9,1,0,0.5113077132844366
NETBANKING,EXPIRED_CARD,236,1,4,0.18,1,1,1,0.017305909178928942
NETBANKING,EXPIRED_CARD,22239,4,3,0.42,19,0,0,0.0104763861272188
CARD,EXPIRED_CARD,43826,4,1,0.43,10,0,1,0.01
CARD,FRAUD_SUSPECTED,35554,1,5,0.45,23,1,0,0.04659535733283667
NETBANKING,BANK_TIMEOUT,37586,3,4,0.33,20,0,0,0.5625168326338411
NETBANKING,ACCOUNT_BLOCKED,49751,1,4,0.27,15,0,0,0.02582544143213466
NETBANKING,GATEWAY_TIMEOUT,1343,3,1,0.13,22,1,0,0.6576921024125396
NETBANKING,FRAUD_SUSPECTED,26432,1,3,0.43,0,1,1,0.01
UPI,INVALID_ACCOUNT,20899,4,2,0.05,3,0,1,0.01
CARD,NETWORK_ERROR,10207,3,3,0.34,1,1,0,0.4987171192417299
UPI,CARD_DECLINED,25655,1,2,0.08,10,1,1,0.26615775152127547
UPI,BANK_TIMEOUT,13374,2,4,0.3,15,1,0,0.5469287527059257
CARD,EXPIRED_CARD,36349,4,0,0.25,13,0,0,0.01
NETBANKING,NETWORK_ERROR,16242,2,2,0.29,14,0,0,0.689288158750468
UPI,FRAUD_SUSPECTED,35518,2,1,0.27,13,1,0,0.01
CARD,ACCOUNT_BLOCKED,19056,2,0,0.04,15,1,1,0.09994877216219739
CARD,FRAUD_SUSPECTED,41532,2,4,0.42,9,0,0,0.033918294559485675
NETBANKING,NETWORK_ERROR,19802,1,3,0.35,4,1,1,0.6660850176292996
NETBANKING,FRAUD_SUSPECTED,44802,3,5,0.14,22,1,1,0.01
CARD,FRAUD_SUSPECTED,13903,4,4,0.17,22,0,0,0.02087867504099678
UPI,BANK_TIMEOUT,44186,2,3,0.28,22,1,1,0.6258131453701472
NETBANKING,NETWORK_ERROR,35400,1,5,0.23,3,1,1,0.6497466835091343
CARD,INVALID_CARD,11712,1,0,0.24,6,1,0,0.018152076470214468
UPI,CARD_DECLINED,44700,3,1,0.05,19,1,0,0.07842579437801177
CARD,FRAUD_SUSPECTED,2511,3,3,0.45,22,0,0,0.01
NETBANKING,INVALID_CARD,7370,3,4,0.26,5,0,0,0.01
UPI,NETWORK_ERROR,8451,3,4,0.43,16,1,0,0.541766717760249
UPI,INVALID_ACCOUNT,40369,3,5,0.28,14,0,1,0.024096628630980686
NETBANKING,BANK_TIMEOUT,21268,4,3,0.14,21,1,1,0.5221471843102998
UPI,INSUFFICIENT_FUNDS,3177,3,3,0.27,10,0,1,0.10246081395052807
UPI,ACCOUNT_BLOCKED,1762,2,5,0.22,2,0,0,0.01
CARD,NETWORK_ERROR,41125,1,0,0.25,0,1,1,0.7397153566091066
CARD,INSUFFICIENT_FUNDS,22434,1,2,0.26,7,0,1,0.2604098570463588
NETBANKING,EXPIRED_CARD,38041,1,0,0.49,1,1,1,0.08000837365365934
NETBANKING,NETWORK_ERROR,8458,1,3,0.04,19,1,0,0.6361827581804727
UPI,INVALID_ACCOUNT,3521,3,3,0.21,19,1,0,0.04645827442376007
NETBANKING,ACCOUNT_BLOCKED,795,4,3,0.24,13,0,1,0.02509214262484375
NETBANKING,BANK_TIMEOUT,29858,3,4,0.1,3,0,0,0.5492886498491589
UPI,ACCOUNT_BLOCKED,8356,3,2,0.22,23,1,0,0.01
UPI,BANK_TIMEOUT,8467,3,4,0.22,20,1,1,0.5863665921428963
NETBANKING,GATEWAY_TIMEOUT,9760,4,2,0.31,9,1,0,0.5307680589753686
NETBANKING,GATEWAY_TIMEOUT,3856,2,4,0.41,17,0,1,0.6233816103006953
UPI,INSUFFICIENT_FUNDS,4582,3,1,0.34,22,1,1,0.1912008682328542
NETBANKING,FRAUD_SUSPECTED,40476,3,3,0.17,3,1,0,0.01
UPI,INSUFFICIENT_FUNDS,45530,2,3,0.32,7,1,1,0.14872713072604046
CARD,INSUFFICIENT_FUNDS,26334,2,0,0.19,2,1,0,0.1764691606128136
UPI,CARD_DECLINED,28962,2,5,0.3,11,0,0,0.01
CARD,GATEWAY_TIMEOUT,14448,3,5,0.1,17,0,0,0.5095987560015113
UPI,CARD_DECLINED,6731,1,5,0.08,20,0,1,0.23561141041683953
CARD,EXPIRED_CARD,15838,3,2,0.33,16,1,0,0.01
UPI,INSUFFICIENT_FUNDS,12662,4,5,0.19,19,1,0,0.052101359401788706
NETBANKING,ACCOUNT_BLOCKED,12492,3,1,0.17,1,1,0,0.04515026383718065
NETBANKING,EXPIRED_CARD,13812,1,3,0.4,19,0,0,0.010861380538430691
NETBANKING,INVALID_ACCOUNT,24627,4,4,0.24,10,1,1,0.031564987268859056
CARD,EXPIRED_CARD,17685,4,5,0.46,18,0,0,0.01
UPI,EXPIRED_CARD,15460,4,1,0.16,12,0,1,0.01
UPI,GATEWAY_TIMEOUT,49358,1,2,0.23,11,0,0,0.6835253111066386
NETBANKING,FRAUD_SUSPECTED,28025,4,3,0.22,11,1,1,0.01
UPI,GATEWAY_TIMEOUT,29046,2,2,0.33,11,0,1,0.7112603389186896
NETBANKING,INVALID_ACCOUNT,42282,1,2,0.46,3,0,0,0.01
NETBANKING,INSUFFICIENT_FUNDS,21973,2,5,0.17,9,1,0,0.043564263764049135
UPI,INVALID_ACCOUNT,17213,1,2,0.15,11,1,1,0.077186131611432
NETBANKING,BANK_TIMEOUT,31033,2,3,0.12,23,0,1,0.6413723189799677
NETBANKING,INVALID_ACCOUNT,49751,4,5,0.41,10,0,1,0.04458016677785407
CARD,INVALID_CARD,13835,4,3,0.43,0,1,0,0.017750844861380913
UPI,CARD_DECLINED,48452,1,3,0.41,11,1,0,0.10091473158129999
NETBANKING,INVALID_CARD,45353,3,2,0.3,18,0,0,0.01
CARD,ACCOUNT_BLOCKED,41377,4,3,0.11,12,0,1,0.01
UPI,FRAUD_SUSPECTED,37423,4,5,0.45,2,0,0,0.02748855378695337
UPI,BANK_TIMEOUT,45255,4,0,0.1,2,1,1,0.6005892296381589
CARD,INVALID_ACCOUNT,4686,4,0,0.19,0,0,1,0.045970734737673734
CARD,INVALID_CARD,10391,1,1,0.27,15,0,1,0.13850967656343247
UPI,GATEWAY_TIMEOUT,13579,3,3,0.41,21,1,0,0.5493709448688413
CARD,ACCOUNT_BLOCKED,13402,4,2,0.11,4,1,0,0.04245826244297394
NETBANKING,INSUFFICIENT_FUNDS,34562,3,4,0.44,14,1,0,0.03372907108895681
CARD,EXPIRED_CARD,22826,3,3,0.31,5,1,0,0.01
NETBANKING,INVALID_CARD,30104,4,5,0.1,18,0,1,0.02986447568661523
UPI,INSUFFICIENT_FUNDS,10450,3,5,0.27,21,0,0,0.0638736471038219
CARD,INVALID_ACCOUNT,8044,3,0,0.38,16,1,1,0.01
CARD,INSUFFICIENT_FUNDS,33265,1,3,0.02,20,1,1,0.1823657715215962
CARD,INSUFFICIENT_FUNDS,26096,1,0,0.13,22,0,1,0.32402955718984894
CARD,EXPIRED_CARD,30335,1,0,0.28,7,1,0,0.01
CARD,GATEWAY_TIMEOUT,11279,1,4,0.06,9,0,1,0.6908453373592983
NETBANKING,BANK_TIMEOUT,44492,3,1,0.23,5,0,0,0.656268770571831
NETBANKING,INSUFFICIENT_FUNDS,29070,1,5,0.41,20,0,1,0.14803467126810865
CARD,BANK_TIMEOUT,39303,1,0,0.39,6,0,1,0.821875638454065
UPI,NETWORK_ERROR,1151,4,0,0.49,10,0,0,0.573056785195131
UPI,GATEWAY_TIMEOUT,47548,2,0,0.21,3,1,1,0.7252054117223519
UPI,ACCOUNT_BLOCKED,13673,4,3,0.07,6,0,1,0.01
UPI,INVALID_CARD,42960,3,0,0.2,14,0,0,0.0257961702459193
CARD,ACCOUNT_BLOCKED,24281,1,0,0.44,13,1,1,0.09431024929171376
UPI,INVALID_ACCOUNT,37403,2,2,0.48,19,1,1,0.02779005223851904
NETBANKING,GATEWAY_TIMEOUT,21861,2,5,0.38,22,1,1,0.5087513483279237
UPI,ACCOUNT_BLOCKED,38440,4,3,0.26,23,0,0,0.01
NETBANKING,NETWORK_ERROR,20340,2,5,0.22,7,0,0,0.5117555482793774
CARD,CARD_DECLINED,13339,2,3,0.11,1,0,1,0.22292556360165172
CARD,GATEWAY_TIMEOUT,18327,3,5,0.4,1,1,1,0.5550550911007027
UPI,FRAUD_SUSPECTED,22561,2,1,0.27,21,0,0,0.02080631976776255
CARD,INVALID_ACCOUNT,21178,2,3,0.32,2,1,0,0.05536611899172176
UPI,GATEWAY_TIMEOUT,13483,2,0,0.1,17,0,0,0.740742454885069
CARD,EXPIRED_CARD,20512,2,5,0.11,13,0,0,0.01
NETBANKING,EXPIRED_CARD,41754,2,2,0.43,15,0,1,0.01
UPI,EXPIRED_CARD,29026,4,4,0.31,13,0,1,0.01
CARD,INVALID_CARD,5554,3,4,0.27,17,0,1,0.01
CARD,EXPIRED_CARD,18661,4,4,0.31,2,1,0,0.03148633708749598
UPI,GATEWAY_TIMEOUT,12527,1,0,0.43,23,1,1,0.7674555260581457
CARD,INVALID_CARD,48740,3,3,0.25,20,0,1,0.04849995809706068
UPI,INVALID_CARD,37167,2,1,0.38,8,1,1,0.023497974491484018
CARD,BANK_TIMEOUT,42757,4,3,0.37,7,1,0,0.5051468547084379
CARD,BANK_TIMEOUT,45809,2,2,0.31,21,0,1,0.6537414802030841
NETBANKING,GATEWAY_TIMEOUT,908,1,0,0.33,12,1,0,0.7388537043854215
UPI,INVALID_CARD,10967,4,2,0.35,16,1,1,0.033393343695706866
NETBANKING,NETWORK_ERROR,7261,3,1,0.14,6,1,1,0.6266420306764733
UPI,EXPIRED_CARD,203,1,0,0.39,13,1,1,0.10430422359030664
UPI,GATEWAY_TIMEOUT,24653,2,5,0.08,15,0,0,0.5570660784297378
UPI,GATEWAY_TIMEOUT,13268,1,5,0.1,6,1,1,0.6540730449757258
NETBANKING,NETWORK_ERROR,41809,2,0,0.15,12,0,1,0.7114262437389433
UPI,ACCOUNT_BLOCKED,15486,4,3,0.34,3,0,0,0.01
UPI,ACCOUNT_BLOCKED,2843,1,1,0.27,0,1,1,0.106212838087921
CARD,FRAUD_SUSPECTED,39708,4,2,0.19,10,1,0,0.05409910467357235
NETBANKING,INVALID_CARD,24901,1,2,0.44,3,0,1,0.05305415107183776
CARD,GATEWAY_TIMEOUT,1782,1,4,0.15,22,0,1,0.7101918077605603
NETBANKING,EXPIRED_CARD,33845,4,5,0.1,20,1,0,0.023377730071697835
UPI,FRAUD_SUSPECTED,44528,4,1,0.31,12,0,1,0.01
CARD,NETWORK_ERROR,48221,4,2,0.31,22,0,0,0.4917861354484595
UPI,CARD_DECLINED,44209,4,1,0.45,3,1,0,0.01
UPI,NETWORK_ERROR,7012,4,5,0.02,10,1,1,0.4900376034968905
CARD,EXPIRED_CARD,44048,1,5,0.08,17,1,0,0.039554046460825616
CARD,INSUFFICIENT_FUNDS,37846,1,5,0.18,22,1,1,0.15284474819404442
UPI,CARD_DECLINED,7681,3,0,0.06,10,0,0,0.2012839009521432
UPI,FRAUD_SUSPECTED,25016,1,2,0.04,17,0,1,0.05798494981504864
CARD,FRAUD_SUSPECTED,44618,2,4,0.34,18,0,0,0.01
NETBANKING,EXPIRED_CARD,20804,2,2,0.42,15,1,0,0.020146541359568254
UPI,BANK_TIMEOUT,39348,3,2,0.26,22,0,1,0.6836848604438225
NETBANKING,ACCOUNT_BLOCKED,31444,2,3,0.15,12,0,1,0.01
NETBANKING,INSUFFICIENT_FUNDS,48115,2,5,0.37,5,1,1,0.032910177725843696
NETBANKING,GATEWAY_TIMEOUT,1513,4,2,0.22,15,1,1,0.5771063094674224
NETBANKING,CARD_DECLINED,18605,2,5,0.43,12,0,0,0.0393418585600454
NETBANKING,BANK_TIMEOUT,46603,3,3,0.33,18,0,1,0.6165955525952889
CARD,GATEWAY_TIMEOUT,13847,2,5,0.11,20,0,1,0.6615957511783699
NETBANKING,NETWORK_ERROR,44554,2,3,0.48,13,0,0,0.5416047731903074
CARD,GATEWAY_TIMEOUT,3538,1,4,0.33,18,1,0,0.6296972546596455
CARD,INSUFFICIENT_FUNDS,2327,1,1,0.2,9,0,1,0.3275849809436461
NETBANKING,NETWORK_ERROR,30487,4,2,0.32,14,1,0,0.46000003856169247
UPI,NETWORK_ERROR,32161,2,0,0.3,18,1,1,0.729372585226118
UPI,ACCOUNT_BLOCKED,11968,4,3,0.5,22,1,1,0.01714230993780228
UPI,FRAUD_SUSPECTED,4261,2,3,0.41,0,1,1,0.01
NETBANKING,INVALID_ACCOUNT,46876,1,1,0.48,3,0,0,0.01
CARD,FRAUD_SUSPECTED,8163,1,1,0.29,20,0,0,0.016249620956749082
UPI,NETWORK_ERROR,8273,3,2,0.48,5,1,0,0.5368337084804474
UPI,INVALID_ACCOUNT,19328,4,1,0.29,22,1,1,0.020617213352180634
NETBANKING,INSUFFICIENT_FUNDS,45184,1,5,0.41,7,0,0,0.04316673310079366
UPI,GATEWAY_TIMEOUT,39562,2,4,0.19,4,1,0,0.5559848610572273
CARD,INVALID_CARD,42683,2,3,0.23,8,1,0,0.013590431961240537
UPI,CARD_DECLINED,41592,2,5,0.19,21,0,1,0.13315678047648916
CARD,INVALID_CARD,24934,1,4,0.13,8,0,0,0.028397924712575066
CARD,NETWORK_ERROR,21684,1,2,0.46,8,0,0,0.6413646786882454
UPI,INVALID_CARD,14663,4,0,0.39,3,0,1,0.018882704989122784
CARD,NETWORK_ERROR,34765,3,5,0.29,9,1,0,0.5006570243298734
UPI,FRAUD_SUSPECTED,49374,4,1,0.18,23,1,1,0.019231012409606722
CARD,BANK_TIMEOUT,45100,2,5,0.07,12,1,0,0.5748441643755281
NETBANKING,FRAUD_SUSPECTED,46466,2,5,0.31,22,1,0,0.01
CARD,EXPIRED_CARD,33014,3,2,0.48,16,0,1,0.023563524825812483
UPI,CARD_DECLINED,26741,3,0,0.32,2,0,0,0.10451131255575767
UPI,NETWORK_ERROR,48820,3,4,0.47,0,1,0,0.47096559475198774
NETBANKING,INVALID_ACCOUNT,45836,1,3,0.02,6,0,1,0.048259171377364435
NETBANKING,FRAUD_SUSPECTED,16105,1,4,0.23,5,0,0,0.01
UPI,INVALID_ACCOUNT,23253,1,3,0.25,5,1,0,0.01
NETBANKING,INSUFFICIENT_FUNDS,35431,1,2,0.16,9,1,0,0.11422343079598671
NETBANKING,ACCOUNT_BLOCKED,25896,2,2,0.47,20,0,1,0.049249390823951876
CARD,BANK_TIMEOUT,23414,1,4,0.24,9,1,0,0.5465154411120129
NETBANKING,GATEWAY_TIMEOUT,26449,3,0,0.06,15,0,0,0.6669096562522043
UPI,INVALID_CARD,8216,4,0,0.09,21,1,0,0.01
CARD,CARD_DECLINED,23987,4,1,0.27,8,0,1,0.12862796446633143
CARD,GATEWAY_TIMEOUT,9266,3,5,0.22,11,0,0,0.49695670688517374
UPI,GATEWAY_TIMEOUT,25956,4,5,0.17,1,0,0,0.4978375839585773
NETBANKING,CARD_DECLINED,7885,4,3,0.28,21,0,1,0.10710899064272097
CARD,INVALID_ACCOUNT,47678,4,1,0.06,3,0,0,0.01
NETBANKING,BANK_TIMEOUT,44955,2,0,0.34,10,1,0,0.6494328514935024
CARD,CARD_DECLINED,31945,1,3,0.13,4,0,0,0.1451138835599479
UPI,CARD_DECLINED,46037,2,5,0.41,6,1,0,0.030114495404404938
NETBANKING,ACCOUNT_BLOCKED,11974,2,4,0.32,4,0,0,0.01
UPI,CARD_DECLINED,12694,2,3,0.02,6,0,0,0.14603526491470423
NETBANKING,CARD_DECLINED,45985,2,1,0.17,15,0,1,0.23738731555018977
CARD,NETWORK_ERROR,17745,3,2,0.47,22,1,0,0.5449840884917275
UPI,GATEWAY_TIMEOUT,2779,1,0,0.33,10,0,1,0.8142058164180512
NETBANKING,NETWORK_ERROR,28339,2,2,0.47,11,1,1,0.5941528613395147
NETBANKING,BANK_TIMEOUT,44858,2,2,0.19,11,1,0,0.6260248343318304
UPI,ACCOUNT_BLOCKED,25269,1,0,0.07,23,0,0,0.07165614560867115
NETBANKING,INSUFFICIENT_FUNDS,12743,4,0,0.05,17,1,1,0.18753506591483834
UPI,INVALID_ACCOUNT,47336,2,0,0.07,13,1,1,0.07249130279273693
CARD,NETWORK_ERROR,28681,1,3,0.22,16,0,0,0.6679153662280356
NETBANKING,GATEWAY_TIMEOUT,19082,1,4,0.04,22,0,1,0.7255025900637316
NETBANKING,INVALID_ACCOUNT,5014,2,3,0.38,12,1,1,0.020721837931494548
UPI,GATEWAY_TIMEOUT,335,2,4,0.12,22,0,1,0.6683817764727429
NETBANKING,INVALID_ACCOUNT,17062,3,1,0.16,8,0,0,0.01
NETBANKING,INSUFFICIENT_FUNDS,19226,1,5,0.08,8,0,1,0.2293382842470864
UPI,INSUFFICIENT_FUNDS,13860,1,0,0.33,20,1,1,0.2453246156174151
NETBANKING,INVALID_ACCOUNT,17404,2,3,0.45,9,1,0,0.02259553046220702
UPI,FRAUD_SUSPECTED,14470,3,1,0.14,0,0,1,0.05456563044624383
CARD,ACCOUNT_BLOCKED,36202,2,3,0.12,8,0,1,0.01
UPI,INVALID_CARD,24259,2,3,0.06,5,1,0,0.04155979876395476
UPI,INSUFFICIENT_FUNDS,37433,4,5,0.1,9,0,1,0.01
UPI,INVALID_CARD,45147,2,0,0.08,13,0,1,0.10291310549163728
CARD,NETWORK_ERROR,47568,2,5,0.38,0,0,1,0.5703990548705428
UPI,BANK_TIMEOUT,42336,1,1,0.13,2,1,0,0.7408598391617718
NETBANKING,BANK_TIMEOUT,715,1,4,0.37,10,0,0,0.6069230098429512
NETBANKING,EXPIRED_CARD,10791,3,2,0.24,7,0,1,0.022748585301349232
UPI,BANK_TIMEOUT,3018,1,4,0.16,16,1,0,0.5841210420669369
UPI,BANK_TIMEOUT,14955,4,3,0.08,20,1,0,0.5641690917603598
NETBANKING,INVALID_CARD,45107,1,3,0.09,3,0,0,0.055646648821122253
CARD,FRAUD_SUSPECTED,5099,3,0,0.19,2,0,0,0.01
NETBANKING,FRAUD_SUSPECTED,39396,2,5,0.22,21,1,1,0.01
UPI,CARD_DECLINED,32818,3,2,0.41,22,0,0,0.10517139751694717
UPI,GATEWAY_TIMEOUT,21088,2,3,0.23,15,0,0,0.6147842879499891
NETBANKING,CARD_DECLINED,9580,1,2,0.5,5,1,1,0.19193157799110297
CARD,EXPIRED_CARD,45544,4,4,0.4,10,0,0,0.01
NETBANKING,EXPIRED_CARD,35407,4,4,0.27,7,1,0,0.01809639373043257
CARD,INVALID_ACCOUNT,37971,2,5,0.05,11,0,0,0.05939053121998542
UPI,FRAUD_SUSPECTED,36693,4,1,0.46,1,1,1,0.04487514991263234
UPI,CARD_DECLINED,30272,2,4,0.49,13,0,0,0.08378218077464938
UPI,GATEWAY_TIMEOUT,7783,2,3,0.37,22,1,1,0.5984083345095826
UPI,ACCOUNT_BLOCKED,4934,4,4,0.44,0,0,1,0.01
UPI,NETWORK_ERROR,917,4,1,0.39,15,0,1,0.628018450060131
NETBANKING,FRAUD_SUSPECTED,29196,1,2,0.06,1,0,0,0.01032954227950334
UPI,INVALID_CARD,27862,4,4,0.36,8,1,0,0.01
UPI,CARD_DECLINED,6125,4,1,0.37,12,0,0,0.07222909586406778
NETBANKING,INVALID_ACCOUNT,39754,1,5,0.24,10,1,1,0.01
CARD,INVALID_CARD,12861,3,0,0.06,11,1,0,0.01
UPI,INVALID_ACCOUNT,7077,1,1,0.3,9,0,0,0.05383889610260867
UPI,INSUFFICIENT_FUNDS,17740,1,4,0.29,18,1,0,0.07580489009214958
UPI,CARD_DECLINED,655,3,2,0.48,16,0,1,0.16718422707218025
NETBANKING,FRAUD_SUSPECTED,8588,1,2,0.21,23,0,0,0.01
CARD,EXPIRED_CARD,38527,1,2,0.09,21,1,0,0.048520387281442236
UPI,INSUFFICIENT_FUNDS,14232,2,5,0.09,16,1,1,0.13953518585204894
CARD,CARD_DECLINED,23713,4,0,0.45,21,1,0,0.01588206410185205
NETBANKING,ACCOUNT_BLOCKED,5015,2,4,0.32,15,0,0,0.01
CARD,INVALID_ACCOUNT,5812,4,0,0.23,5,1,0,0.01
NETBANKING,FRAUD_SUSPECTED,23258,1,0,0.1,14,1,1,0.07784837607743315
CARD,GATEWAY_TIMEOUT,8224,4,0,0.19,9,1,1,0.6867000959066178
NETBANKING,GATEWAY_TIMEOUT,28990,3,4,0.42,10,1,0,0.4962200896838264
NETBANKING,EXPIRED_CARD,17324,1,4,0.49,1,0,0,0.01
UPI,CARD_DECLINED,24729,2,4,0.21,2,0,1,0.16641588850489153
NETBANKING,NETWORK_ERROR,22967,4,3,0.32,14,0,0,0.4660273359505669
UPI,INVALID_CARD,28484,2,3,0.17,10,1,1,0.01
NETBANKING,EXPIRED_CARD,7592,3,3,0.03,4,1,0,0.024021638194821872
CARD,ACCOUNT_BLOCKED,2152,4,0,0.47,11,1,1,0.01
UPI,BANK_TIMEOUT,49816,4,2,0.13,5,0,0,0.5039259049548993
CARD,NETWORK_ERROR,19651,4,3,0.27,21,1,0,0.5360549091501103
UPI,INVALID_CARD,22514,3,1,0.11,13,1,1,0.01355062908592111
UPI,INVALID_CARD,23345,4,0,0.28,19,0,0,0.03227236827311105
NETBANKING,ACCOUNT_BLOCKED,9577,3,5,0.49,23,1,0,0.01
CARD,GATEWAY_TIMEOUT,32831,3,0,0.4,21,1,1,0.6520691698210582
UPI,EXPIRED_CARD,8339,4,5,0.49,3,0,0,0.0345707541547954
UPI,INVALID_CARD,45742,2,4,0.2,11,0,0,0.05717445051642376
NETBANKING,BANK_TIMEOUT,24365,3,0,0.16,9,0,1,0.7188911677293839
CARD,INVALID_CARD,26995,3,2,0.42,13,1,0,0.05263488588915303
CARD,INVALID_CARD,24552,2,4,0.3,17,1,1,0.01
NETBANKING,INVALID_CARD,41656,3,5,0.31,3,0,0,0.01
UPI,ACCOUNT_BLOCKED,27053,1,3,0.38,19,0,1,0.010336152003134471
UPI,CARD_DECLINED,27667,2,1,0.39,17,1,0,0.09055602381850977
CARD,NETWORK_ERROR,23077,4,3,0.45,20,1,0,0.4989616809596447
UPI,INVALID_ACCOUNT,18686,3,5,0.14,13,0,0,0.050018725327446355
CARD,BANK_TIMEOUT,1117,1,1,0.4,16,1,1,0.717041075199217
NETBANKING,INVALID_CARD,15948,4,1,0.31,12,0,1,0.01
NETBANKING,INVALID_CARD,47817,2,3,0.45,16,0,1,0.01
NETBANKING,GATEWAY_TIMEOUT,33146,1,5,0.29,12,1,0,0.6058700303751264
UPI,NETWORK_ERROR,6212,1,3,0.02,18,0,0,0.719809964260143
NETBANKING,NETWORK_ERROR,37573,4,0,0.37,4,1,1,0.5716555171308829
NETBANKING,INSUFFICIENT_FUNDS,19559,2,4,0.42,23,1,1,0.12392576954644087
CARD,NETWORK_ERROR,9522,1,5,0.49,3,0,1,0.6937199025421549
UPI,NETWORK_ERROR,9395,3,2,0.45,2,0,1,0.6794623613069932
UPI,INVALID_CARD,6697,4,0,0.21,15,0,0,0.028733641073038517
CARD,FRAUD_SUSPECTED,41620,4,1,0.1,0,0,0,0.01
CARD,FRAUD_SUSPECTED,31813,1,1,0.27,8,0,0,0.02061107742008212
NETBANKING,BANK_TIMEOUT,34047,2,1,0.43,3,0,0,0.6297539728124179
UPI,NETWORK_ERROR,47793,2,2,0.14,6,0,1,0.7168083574112483
NETBANKING,CARD_DECLINED,30708,4,3,0.26,12,0,1,0.021295951543656308
NETBANKING,CARD_DECLINED,25844,1,4,0.4,18,1,0,0.10940995261507615
NETBANKING,EXPIRED_CARD,28507,4,3,0.3,8,1,0,0.020729565011744083
CARD,INSUFFICIENT_FUNDS,37268,3,2,0.45,2,1,0,0.07394496860635279
NETBANKING,CARD_DECLINED,38561,4,2,0.31,20,1,1,0.01
UPI,FRAUD_SUSPECTED,28240,2,2,0.13,6,1,1,0.01
CARD,NETWORK_ERROR,731,3,5,0.02,10,0,1,0.6047469252610501
CARD,INSUFFICIENT_FUNDS,36907,1,3,0.15,6,0,0,0.17109587004635368
NETBANKING,ACCOUNT_BLOCKED,44097,1,4,0.45,13,1,1,0.041339447438807346
UPI,INSUFFICIENT_FUNDS,3354,4,3,0.03,8,1,0,0.01
UPI,ACCOUNT_BLOCKED,21522,4,1,0.29,9,0,0,0.05116431434584547
CARD,GATEWAY_TIMEOUT,26498,1,4,0.46,1,1,0,0.5309454114659826
UPI,INVALID_CARD,47499,3,2,0.17,11,1,0,0.0156450201381843
CARD,EXPIRED_CARD,40229,1,3,0.16,14,1,0,0.04430756432854092
NETBANKING,NETWORK_ERROR,2019,2,0,0.41,4,0,1,0.795138877039849
NETBANKING,INVALID_CARD,14933,2,0,0.1,11,0,0,0.015968769105761747
UPI,NETWORK_ERROR,3245,3,0,0.14,22,1,1,0.7258664830404064
UPI,ACCOUNT_BLOCKED,30292,1,1,0.17,4,1,1,0.05982352507291237
NETBANKING,INVALID_ACCOUNT,15862,4,5,0.25,8,1,1,0.01
CARD,CARD_DECLINED,46721,1,2,0.28,7,0,0,0.13951444024724155
CARD,BANK_TIMEOUT,14024,1,5,0.12,12,0,1,0.6484534717950599
UPI,ACCOUNT_BLOCKED,34679,3,2,0.36,20,0,0,0.051412526465997484
UPI,FRAUD_SUSPECTED,25369,4,4,0.26,12,0,0,0.01
UPI,CARD_DECLINED,37930,1,1,0.24,3,0,0,0.16765879345990575
CARD,GATEWAY_TIMEOUT,17582,1,3,0.33,14,1,1,0.658832619403994
NETBANKING,NETWORK_ERROR,23327,4,1,0.08,16,1,1,0.5573157072077248
CARD,FRAUD_SUSPECTED,6510,1,5,0.2,13,0,1,0.01
UPI,ACCOUNT_BLOCKED,18183,4,4,0.22,21,0,0,0.05589717172911971
UPI,NETWORK_ERROR,3582,1,4,0.14,2,0,1,0.6886465015728774
NETBANKING,INVALID_CARD,25784,4,0,0.12,22,1,1,0.01
UPI,FRAUD_SUSPECTED,41839,3,5,0.3,23,0,0,0.01
NETBANKING,ACCOUNT_BLOCKED,31344,3,5,0.13,10,0,0,0.01
CARD,GATEWAY_TIMEOUT,934,4,3,0.17,5,1,0,0.48007251122534494
UPI,ACCOUNT_BLOCKED,23178,4,4,0.01,7,1,0,0.01
UPI,ACCOUNT_BLOCKED,44667,3,1,0.27,5,0,0,0.01
NETBANKING,FRAUD_SUSPECTED,29762,4,5,0.18,17,1,1,0.01
CARD,BANK_TIMEOUT,23209,3,5,0.17,16,1,0,0.4499937445862473
NETBANKING,BANK_TIMEOUT,9792,4,1,0.33,4,1,1,0.5600904674860595
NETBANKING,INVALID_CARD,23654,2,5,0.05,12,0,1,0.047714403589734215
NETBANKING,INVALID_ACCOUNT,29543,2,2,0.46,11,1,1,0.01891478390790096
CARD,CARD_DECLINED,12589,1,4,0.26,10,0,1,0.23353329045700105
NETBANKING,FRAUD_SUSPECTED,19001,1,0,0.25,21,0,1,0.09309230681525749
NETBANKING,CARD_DECLINED,40981,2,2,0.25,2,1,0,0.10038581821393452
UPI,CARD_DECLINED,38967,1,0,0.25,0,1,1,0.28102533149280395
UPI,BANK_TIMEOUT,16577,2,2,0.44,16,0,0,0.6673197099198913
UPI,INSUFFICIENT_FUNDS,28414,1,2,0.12,15,1,0,0.19917090886719543
NETBANKING,INVALID_CARD,27793,4,0,0.45,9,1,0,0.01639076116369386
NETBANKING,FRAUD_SUSPECTED,37990,2,5,0.39,8,0,1,0.01542837694251773
CARD,CARD_DECLINED,5709,3,4,0.46,14,0,1,0.11224057331377374
CARD,NETWORK_ERROR,9183,4,5,0.16,21,1,1,0.4894193847087541
CARD,INVALID_CARD,26986,4,0,0.46,0,1,0,0.03558564554198503
NETBANKING,CARD_DECLINED,16002,3,1,0.31,18,1,0,0.1345335173346902
CARD,GATEWAY_TIMEOUT,26507,1,3,0.41,16,1,0,0.567465909253577
CARD,NETWORK_ERROR,21955,1,2,0.29,22,1,0,0.6131442681107467
NETBANKING,INVALID_ACCOUNT,48554,1,5,0.11,4,1,0,0.01
NETBANKING,GATEWAY_TIMEOUT,19819,3,5,0.49,0,1,0,0.4324708863699004
UPI,GATEWAY_TIMEOUT,39670,1,4,0.06,6,0,1,0.646465638393705
NETBANKING,EXPIRED_CARD,25705,1,0,0.16,15,0,0,0.08817208034375928
NETBANKING,CARD_DECLINED,40257,4,5,0.31,13,0,0,0.01
NETBANKING,INSUFFICIENT_FUNDS,11291,2,3,0.25,9,0,1,0.17173394074119602
CARD,INVALID_CARD,25385,1,3,0.21,13,0,0,0.01
UPI,ACCOUNT_BLOCKED,25621,1,4,0.16,20,1,0,0.05081083380211774
CARD,GATEWAY_TIMEOUT,30764,4,2,0.01,5,1,0,0.5138834081758189
NETBANKING,INVALID_ACCOUNT,25699,1,1,0.33,11,1,1,0.048518233313161074
UPI,CARD_DECLINED,43251,3,3,0.04,20,1,1,0.14225550096612594
NETBANKING,GATEWAY_TIMEOUT,37851,3,1,0.35,18,1,1,0.5817569971419343
UPI,GATEWAY_TIMEOUT,15284,1,5,0.06,21,1,1,0.6899909281369556
NETBANKING,INSUFFICIENT_FUNDS,7009,2,5,0.45,13,0,0,0.06619036246127175
UPI,BANK_TIMEOUT,49247,1,3,0.38,19,0,0,0.6241159214583494
NETBANKING,EXPIRED_CARD,24848,2,5,0.29,6,0,1,0.01
NETBANKING,CARD_DECLINED,14878,2,5,0.09,16,0,0,0.09921079464572895
NETBANKING,NETWORK_ERROR,13439,1,1,0.45,11,1,0,0.6790711311886491
NETBANKING,INVALID_ACCOUNT,32617,2,1,0.29,15,1,1,0.021847886368450337
NETBANKING,GATEWAY_TIMEOUT,4501,4,3,0.32,2,0,0,0.5562387357333651
CARD,NETWORK_ERROR,7828,4,1,0.04,17,1,0,0.5584021224836466
CARD,CARD_DECLINED,25686,3,0,0.44,5,1,0,0.09944238100599932
UPI,INVALID_ACCOUNT,40158,3,3,0.31,17,0,1,0.053692688582384095
CARD,BANK_TIMEOUT,2215,3,3,0.14,10,0,0,0.5664233307742234
NETBANKING,FRAUD_SUSPECTED,49733,1,1,0.25,18,0,1,0.06310560425427786
CARD,ACCOUNT_BLOCKED,48550,1,4,0.24,4,1,0,0.01
CARD,INVALID_ACCOUNT,14861,3,3,0.24,7,0,0,0.01
UPI,INVALID_ACCOUNT,39954,4,5,0.34,0,1,0,0.01
CARD,GATEWAY_TIMEOUT,28262,4,4,0.08,14,0,1,0.5271789095950467
CARD,INVALID_CARD,3896,2,1,0.06,0,0,1,0.0887475689296194
NETBANKING,ACCOUNT_BLOCKED,3100,1,5,0.13,1,0,0,0.01
UPI,CARD_DECLINED,2965,3,2,0.31,7,1,0,0.08961238452629643
CARD,NETWORK_ERROR,43130,1,0,0.13,17,0,1,0.8275255186075111
CARD,INSUFFICIENT_FUNDS,29167,3,2,0.39,9,0,1,0.10288589490784081
NETBANKING,INVALID_ACCOUNT,6940,1,2,0.45,22,1,1,0.01
UPI,INVALID_ACCOUNT,15208,3,5,0.28,3,1,0,0.01
UPI,EXPIRED_CARD,42692,4,0,0.02,1,1,1,0.018824015694988268
CARD,NETWORK_ERROR,4013,3,4,0.2,0,1,1,0.5744019735190389
UPI,INSUFFICIENT_FUNDS,24959,2,5,0.22,1,1,0,0.022154916676131106
CARD,BANK_TIMEOUT,39994,3,2,0.41,18,0,0,0.5530944384975629
NETBANKING,INVALID_CARD,28119,1,0,0.28,23,1,1,0.05438350210532738
NETBANKING,ACCOUNT_BLOCKED,34107,3,1,0.48,14,0,0,0.0507712593787785
CARD,CARD_DECLINED,5705,2,4,0.15,18,1,0,0.09655472492744765
CARD,CARD_DECLINED,43303,3,5,0.41,19,0,0,0.01
NETBANKING,FRAUD_SUSPECTED,17435,2,3,0.24,14,0,1,0.01
CARD,EXPIRED_CARD,41895,2,3,0.04,2,1,1,0.05532932867411038
CARD,GATEWAY_TIMEOUT,17008,3,2,0.44,4,0,0,0.5606901785368019
NETBANKING,BANK_TIMEOUT,15348,1,5,0.03,21,1,1,0.6211955586920737
NETBANKING,INSUFFICIENT_FUNDS,4085,3,2,0.02,11,0,0,0.12297296505359073
UPI,INVALID_ACCOUNT,29185,1,4,0.05,6,1,1,0.0429137852957047
NETBANKING,INVALID_CARD,4778,4,2,0.08,10,1,1,0.05750988290320155
NETBANKING,FRAUD_SUSPECTED,30946,3,4,0.03,11,0,1,0.05303085144613926
NETBANKING,BANK_TIMEOUT,7062,2,2,0.26,23,1,0,0.6218839692702343
NETBANKING,BANK_TIMEOUT,43161,2,3,0.38,20,0,0,0.6378625167127832
UPI,ACCOUNT_BLOCKED,33097,4,4,0.37,16,0,1,0.02591977590653901
NETBANKING,EXPIRED_CARD,20870,3,1,0.42,9,0,1,0.01
CARD,INSUFFICIENT_FUNDS,29972,3,5,0.49,22,0,1,0.04427983301699795
CARD,FRAUD_SUSPECTED,5322,3,4,0.26,11,1,0,0.01
CARD,INSUFFICIENT_FUNDS,37412,2,4,0.13,13,0,1,0.1665855948976317
CARD,FRAUD_SUSPECTED,7830,1,3,0.22,4,1,0,0.04998724682622827
CARD,BANK_TIMEOUT,11029,1,3,0.14,17,1,0,0.6286397951464794
UPI,INVALID_CARD,1668,2,0,0.07,16,1,1,0.04843677712042108
CARD,INVALID_ACCOUNT,15922,3,0,0.18,10,0,0,0.01
CARD,EXPIRED_CARD,26896,4,5,0.42,9,1,0,0.03334431348998158
NETBANKING,ACCOUNT_BLOCKED,33482,1,1,0.45,18,1,1,0.01
CARD,GATEWAY_TIMEOUT,33436,3,0,0.12,15,1,0,0.6344131338281018
NETBANKING,ACCOUNT_BLOCKED,33407,4,2,0.17,10,0,0,0.01
NETBANKING,INSUFFICIENT_FUNDS,28315,3,4,0.44,10,0,1,0.034479095671767365
UPI,CARD_DECLINED,18046,4,3,0.12,5,1,1,0.1168805574224667
UPI,INSUFFICIENT_FUNDS,43775,3,1,0.06,17,0,0,0.1438391539622406
UPI,INVALID_ACCOUNT,35352,2,0,0.25,0,1,0,0.01
NETBANKING,INVALID_CARD,48078,4,4,0.07,14,1,0,0.03162509091669485
UPI,EXPIRED_CARD,28428,4,2,0.05,4,1,0,0.05684395741948572
UPI,INSUFFICIENT_FUNDS,47768,1,2,0.09,10,1,1,0.23406239421332012
NETBANKING,NETWORK_ERROR,46421,3,0,0.22,22,1,0,0.6521431040750223
NETBANKING,BANK_TIMEOUT,41682,1,1,0.08,12,0,0,0.7085286046788957
UPI,EXPIRED_CARD,12362,4,2,0.07,20,0,0,0.01
UPI,EXPIRED_CARD,36651,2,5,0.1,13,1,1,0.02310263841144663
UPI,FRAUD_SUSPECTED,31834,2,2,0.42,9,1,1,0.039674617670496924
CARD,ACCOUNT_BLOCKED,23504,4,2,0.06,3,1,1,0.05693621430335411
CARD,INSUFFICIENT_FUNDS,43512,4,0,0.1,10,0,1,0.17969685807681773
NETBANKING,GATEWAY_TIMEOUT,31802,4,4,0.21,7,0,1,0.5057923865523095
UPI,INVALID_CARD,4084,3,2,0.34,13,1,1,0.01
CARD,BANK_TIMEOUT,17684,4,5,0.12,20,0,1,0.5327636346592095
UPI,ACCOUNT_BLOCKED,11014,2,5,0.06,19,1,0,0.02049612055701562
UPI,BANK_TIMEOUT,24950,1,5,0.17,11,0,0,0.604864899851727
CARD,INVALID_ACCOUNT,13104,2,4,0.2,22,0,1,0.040128539473864556
CARD,FRAUD_SUSPECTED,27192,2,4,0.37,0,0,0,0.03551218117799996
NETBANKING,NETWORK_ERROR,32966,4,3,0.03,9,1,0,0.4700005239185359
NETBANKING,INSUFFICIENT_FUNDS,2313,3,5,0.07,12,1,0,0.04482958866694995
CARD,NETWORK_ERROR,5115,1,4,0.36,23,1,0,0.5654741783906907
NETBANKING,ACCOUNT_BLOCKED,10051,1,5,0.3,12,0,1,0.038477175774966725
CARD,INVALID_ACCOUNT,48824,1,2,0.14,6,0,1,0.092926238876619
NETBANKING,EXPIRED_CARD,24779,3,3,0.06,13,1,1,0.01
NETBANKING,INVALID_ACCOUNT,33300,2,3,0.02,15,1,1,0.03627003829671547
NETBANKING,NETWORK_ERROR,29739,2,4,0.49,12,0,1,0.5879821626520204
NETBANKING,NETWORK_ERROR,42227,3,2,0.08,20,0,0,0.6080885423192797
UPI,EXPIRED_CARD,38989,2,0,0.08,19,1,0,0.01
CARD,CARD_DECLINED,27091,3,5,0.18,4,0,1,0.07089976007142092
NETBANKING,INVALID_CARD,465,3,5,0.11,17,1,1,0.01
NETBANKING,INSUFFICIENT_FUNDS,21191,4,5,0.25,17,0,0,0.01
UPI,INVALID_CARD,8441,1,1,0.26,3,0,0,0.03776012598704485
UPI,BANK_TIMEOUT,27899,4,1,0.32,16,1,0,0.5528993433074765
NETBANKING,INVALID_CARD,26275,1,2,0.07,9,1,1,0.03451004872437202
CARD,ACCOUNT_BLOCKED,42712,2,1,0.15,21,0,1,0.026937978420047318
CARD,EXPIRED_CARD,30435,2,2,0.46,23,0,0,0.012437845405251847
CARD,BANK_TIMEOUT,20920,4,1,0.08,2,0,1,0.6521464632061679
UPI,NETWORK_ERROR,35340,4,2,0.06,19,1,0,0.48067720016125787
NETBANKING,INVALID_ACCOUNT,14913,3,5,0.02,6,1,1,0.042075443052881
CARD,ACCOUNT_BLOCKED,47896,3,2,0.32,12,1,0,0.01
UPI,NETWORK_ERROR,47984,2,2,0.1,18,0,0,0.6796884481030089
NETBANKING,INVALID_CARD,21737,3,5,0.44,21,1,0,0.01
UPI,INSUFFICIENT_FUNDS,6085,2,1,0.09,0,1,0,0.2205953342093841
UPI,GATEWAY_TIMEOUT,33635,4,3,0.34,10,1,0,0.44007728922377903
CARD,INVALID_CARD,25366,4,2,0.16,16,1,0,0.048328560892776394
UPI,GATEWAY_TIMEOUT,41634,3,5,0.08,13,1,1,0.5515099754549303
CARD,NETWORK_ERROR,36662,4,5,0.18,0,1,1,0.49907447832080654
CARD,INVALID_CARD,14110,2,3,0.19,23,0,0,0.01
NETBANKING,INSUFFICIENT_FUNDS,467,3,2,0.06,11,1,0,0.11467744141297623
UPI,CARD_DECLINED,42152,4,3,0.03,22,1,1,0.05952704117985588
NETBANKING,BANK_TIMEOUT,47156,4,4,0.32,15,0,1,0.5429935998580879
NETBANKING,INVALID_ACCOUNT,6908,1,2,0.02,22,0,0,0.07509132213215762
UPI,NETWORK_ERROR,27597,1,0,0.23,22,0,1,0.7567475460603016
NETBANKING,CARD_DECLINED,12825,1,2,0.42,10,0,1,0.24963404495579836
NETBANKING,INVALID_CARD,27387,1,0,0.1,16,0,1,0.06839687002642843
CARD,BANK_TIMEOUT,18156,2,5,0.26,5,0,1,0.6013763139252062
CARD,NETWORK_ERROR,22477,4,4,0.42,2,1,0,0.38962616902441616
UPI,GATEWAY_TIMEOUT,47911,1,1,0.17,20,0,0,0.751873667873769
UPI,FRAUD_SUSPECTED,30269,1,5,0.47,9,0,0,0.01
CARD,CARD_DECLINED,11765,3,1,0.29,13,0,0,0.11827994239596172
UPI,GATEWAY_TIMEOUT,19428,3,5,0.23,2,1,1,0.554869616421769
CARD,INVALID_ACCOUNT,29569,2,0,0.48,18,1,0,0.013794878399902058
UPI,INVALID_CARD,22835,3,1,0.18,16,1,0,0.011327245513654499
UPI,CARD_DECLINED,14403,4,2,0.03,3,0,1,0.10098152818325667
NETBANKING,FRAUD_SUSPECTED,24497,4,5,0.3,1,1,0,0.0229472079566748
UPI,GATEWAY_TIMEOUT,27717,4,2,0.17,3,0,1,0.5736275629719687
CARD,INVALID_ACCOUNT,12300,1,3,0.41,14,1,1,0.01
UPI,CARD_DECLINED,47506,3,4,0.18,21,1,1,0.01
UPI,INVALID_ACCOUNT,7168,4,3,0.39,18,1,0,0.01
UPI,CARD_DECLINED,39215,2,4,0.38,4,1,0,0.0790325127917518
CARD,GATEWAY_TIMEOUT,22782,4,3,0.09,0,0,0,0.5592954740316186
CARD,CARD_DECLINED,5367,2,1,0.43,13,0,0,0.14241379368656396
NETBANKING,FRAUD_SUSPECTED,424,4,1,0.18,15,1,0,0.051283304596175215
NETBANKING,INVALID_CARD,30474,2,0,0.2,10,0,1,0.07732604393892874
CARD,INVALID_CARD,39220,4,4,0.05,15,0,0,0.048558812892826146
UPI,INSUFFICIENT_FUNDS,24291,3,2,0.26,0,1,0,0.06855772685265053
UPI,EXPIRED_CARD,12418,1,1,0.16,2,1,1,0.08940449349572932
CARD,GATEWAY_TIMEOUT,18775,3,3,0.34,15,0,1,0.6718512745462486
CARD,GATEWAY_TIMEOUT,10817,4,5,0.26,3,1,0,0.4286286868200194
NETBANKING,NETWORK_ERROR,43083,4,0,0.09,4,1,1,0.5821588659034218
NETBANKING,INVALID_CARD,27786,1,2,0.22,23,0,1,0.03820615858795146
CARD,FRAUD_SUSPECTED,35163,3,0,0.39,13,1,0,0.01
CARD,ACCOUNT_BLOCKED,16997,2,4,0.41,23,1,1,0.01
CARD,BANK_TIMEOUT,8065,4,3,0.19,19,1,1,0.553570253713028
NETBANKING,CARD_DECLINED,1642,3,1,0.15,13,0,1,0.1874632550013686
NETBANKING,BANK_TIMEOUT,39144,1,2,0.37,17,1,0,0.6105233647853484
NETBANKING,NETWORK_ERROR,8361,2,5,0.25,8,1,1,0.6138991961011597
UPI,INVALID_ACCOUNT,37394,4,0,0.05,11,0,0,0.020935349000128604
NETBANKING,NETWORK_ERROR,25129,1,2,0.46,23,1,1,0.6740739588010187
UPI,CARD_DECLINED,47390,1,3,0.48,6,1,1,0.16355814715775818
NETBANKING,INSUFFICIENT_FUNDS,45598,1,2,0.29,6,1,1,0.2256869792706246
UPI,CARD_DECLINED,32970,1,4,0.21,5,1,1,0.09950510496436266
UPI,BANK_TIMEOUT,27253,2,2,0.14,19,1,0,0.5881323685532992
UPI,FRAUD_SUSPECTED,14587,1,4,0.15,22,1,1,0.023477266278289825
CARD,INVALID_ACCOUNT,25596,4,4,0.02,10,1,1,0.04226287025539805
UPI,EXPIRED_CARD,48765,4,1,0.27,5,1,1,0.01
NETBANKING,ACCOUNT_BLOCKED,5251,4,4,0.49,2,0,1,0.01
CARD,EXPIRED_CARD,44304,4,0,0.09,18,0,1,0.01648924367988914
CARD,BANK_TIMEOUT,49342,3,4,0.37,7,1,0,0.47084288436705
UPI,NETWORK_ERROR,26035,2,1,0.5,18,1,0,0.646489328860579
NETBANKING,INVALID_CARD,36149,4,2,0.38,13,1,1,0.037049967172126975
NETBANKING,NETWORK_ERROR,43631,3,4,0.27,12,0,1,0.5724833214259358
CARD,CARD_DECLINED,29555,2,1,0.21,0,1,1,0.2046190612705578
NETBANKING,NETWORK_ERROR,25223,4,3,0.21,20,0,0,0.47285720417626653
NETBANKING,INVALID_ACCOUNT,5376,4,0,0.17,7,0,1,0.028436306037728808
CARD,BANK_TIMEOUT,48790,4,4,0.26,6,0,1,0.5109064321540744
UPI,GATEWAY_TIMEOUT,31044,2,2,0.07,2,0,0,0.6607602248349633
CARD,INSUFFICIENT_FUNDS,44905,4,1,0.4,14,0,1,0.13720854589354672
UPI,INSUFFICIENT_FUNDS,30391,1,0,0.38,21,1,1,0.288216897059467
UPI,INVALID_CARD,17141,1,5,0.39,20,0,1,0.01
NETBANKING,BANK_TIMEOUT,19299,4,5,0.39,11,1,1,0.47385885377781356
UPI,NETWORK_ERROR,9667,3,4,0.38,3,0,1,0.5832893054310508
CARD,GATEWAY_TIMEOUT,16029,4,1,0.14,10,0,1,0.6959195311286173
CARD,INSUFFICIENT_FUNDS,49709,3,2,0.15,14,1,1,0.13495616723442208
NETBANKING,CARD_DECLINED,39056,1,1,0.08,9,0,0,0.2700170593938612
NETBANKING,FRAUD_SUSPECTED,46879,3,2,0.47,5,1,1,0.03130788373936887
NETBANKING,CARD_DECLINED,10221,2,1,0.31,12,1,0,0.11180047047951756
UPI,ACCOUNT_BLOCKED,19954,2,4,0.02,11,1,1,0.0218459991365701
UPI,FRAUD_SUSPECTED,42295,2,4,0.43,10,1,1,0.046540868823291594
CARD,GATEWAY_TIMEOUT,34521,4,1,0.25,12,0,0,0.5492366995102355
CARD,INSUFFICIENT_FUNDS,14800,2,2,0.31,23,0,0,0.1446501463791655
CARD,ACCOUNT_BLOCKED,41953,1,5,0.42,16,0,0,0.01
UPI,INVALID_CARD,41151,1,2,0.26,8,0,0,0.01
NETBANKING,INSUFFICIENT_FUNDS,16136,3,5,0.1,20,0,0,0.058963745025828705
CARD,GATEWAY_TIMEOUT,2736,3,4,0.15,23,0,0,0.6056140967481835
UPI,INVALID_ACCOUNT,19941,1,1,0.12,18,1,1,0.03782702339957182
UPI,FRAUD_SUSPECTED,41643,1,1,0.24,14,0,1,0.01
NETBANKING,ACCOUNT_BLOCKED,14189,4,2,0.29,18,1,0,0.031998145346729075
CARD,INSUFFICIENT_FUNDS,38696,4,0,0.13,13,1,1,0.14011281932632014
CARD,INVALID_ACCOUNT,31772,3,5,0.16,17,0,1,0.01
NETBANKING,INVALID_ACCOUNT,20337,4,0,0.49,5,1,0,0.01
NETBANKING,EXPIRED_CARD,32591,2,1,0.04,13,1,0,0.05252953370066724
CARD,FRAUD_SUSPECTED,41904,2,1,0.39,7,0,1,0.010177967030840977
CARD,INVALID_ACCOUNT,31024,1,5,0.16,19,0,0,0.01
UPI,INVALID_CARD,11357,2,4,0.33,10,1,1,0.037975491230538706
CARD,INSUFFICIENT_FUNDS,17326,4,2,0.19,9,1,1,0.1239231290111049
CARD,EXPIRED_CARD,20286,4,4,0.2,13,0,1,0.01
CARD,FRAUD_SUSPECTED,42422,2,3,0.39,0,0,0,0.02620546260228209
CARD,CARD_DECLINED,24576,1,2,0.22,12,1,0,0.18774746168775847
NETBANKING,INVALID_ACCOUNT,28942,3,0,0.05,5,1,1,0.05414941573237179
NETBANKING,EXPIRED_CARD,3114,4,5,0.48,22,1,0,0.01
NETBANKING,ACCOUNT_BLOCKED,24677,1,0,0.04,10,1,1,0.07981243729860046
CARD,NETWORK_ERROR,31022,2,5,0.05,23,1,0,0.5723950616645958
NETBANKING,CARD_DECLINED,37723,2,4,0.05,7,1,1,0.12066744322406311
CARD,BANK_TIMEOUT,9305,1,5,0.36,10,1,1,0.6587273198400327
UPI,GATEWAY_TIMEOUT,21154,4,1,0.24,10,0,1,0.5915357776609189
NETBANKING,BANK_TIMEOUT,9292,1,5,0.21,12,1,0,0.6321674445632081
UPI,INVALID_ACCOUNT,24576,1,4,0.22,1,1,1,0.01
CARD,NETWORK_ERROR,48231,1,4,0.06,17,0,0,0.6738590976845475
UPI,ACCOUNT_BLOCKED,30800,2,0,0.39,13,1,1,0.01
NETBANKING,GATEWAY_TIMEOUT,42727,3,0,0.1,18,1,1,0.6827713967719026
NETBANKING,INVALID_CARD,1507,4,4,0.15,19,1,0,0.01
CARD,INVALID_CARD,9962,3,1,0.3,10,1,0,0.036992782817426885
NETBANKING,FRAUD_SUSPECTED,46951,2,1,0.39,6,1,0,0.01
NETBANKING,ACCOUNT_BLOCKED,2685,2,4,0.18,2,1,1,0.05284655021883835
NETBANKING,INSUFFICIENT_FUNDS,13318,3,1,0.22,8,0,0,0.1752345336938983
UPI,GATEWAY_TIMEOUT,28912,1,3,0.02,23,0,1,0.682921429192135
CARD,INVALID_CARD,13117,2,3,0.3,3,0,0,0.010670333142044545
NETBANKING,INVALID_ACCOUNT,8075,2,1,0.07,15,1,1,0.02451278673930552
UPI,NETWORK_ERROR,33320,3,3,0.14,3,1,0,0.48672555942835594
CARD,INVALID_CARD,6657,3,2,0.47,2,1,1,0.01
NETBANKING,NETWORK_ERROR,42726,4,3,0.02,8,1,0,0.462073581879895
UPI,GATEWAY_TIMEOUT,37100,1,1,0.26,4,1,0,0.640118146029267
UPI,CARD_DECLINED,24459,4,1,0.22,5,0,0,0.054506801008490764
UPI,GATEWAY_TIMEOUT,2064,4,1,0.16,20,1,1,0.636191356957758
UPI,BANK_TIMEOUT,21830,1,3,0.03,4,1,0,0.6509474922247505
NETBANKING,INVALID_ACCOUNT,11224,2,0,0.02,7,0,1,0.14681915082508754
UPI,EXPIRED_CARD,30537,4,4,0.23,19,0,1,0.01
CARD,GATEWAY_TIMEOUT,21260,3,4,0.34,3,1,1,0.560871891611136
NETBANKING,INSUFFICIENT_FUNDS,8346,2,4,0.07,4,0,0,0.1473185237756291
NETBANKING,INVALID_CARD,18600,1,1,0.12,5,1,1,0.09904604689326642
CARD,ACCOUNT_BLOCKED,34173,3,1,0.17,11,0,0,0.034793594260524606
CARD,BANK_TIMEOUT,13069,2,0,0.08,1,0,0,0.7316763595361504
UPI,ACCOUNT_BLOCKED,31608,4,2,0.1,18,1,1,0.0592698782792957
CARD,ACCOUNT_BLOCKED,17323,4,0,0.38,20,1,1,0.05966857052782688
UPI,CARD_DECLINED,22446,4,4,0.23,3,1,1,0.01
CARD,INVALID_CARD,42193,1,4,0.07,7,1,0,0.01
NETBANKING,CARD_DECLINED,8377,3,2,0.23,17,0,0,0.1067558099180658
NETBANKING,INSUFFICIENT_FUNDS,9387,2,0,0.11,23,1,0,0.21528830035025343
NETBANKING,INVALID_ACCOUNT,3179,3,4,0.12,16,0,1,0.01
NETBANKING,GATEWAY_TIMEOUT,41709,2,5,0.08,19,1,0,0.509842137999022
CARD,CARD_DECLINED,25644,4,3,0.24,4,1,0,0.01
NETBANKING,INVALID_ACCOUNT,43885,3,1,0.46,19,0,0,0.035516956605296975
UPI,GATEWAY_TIMEOUT,31618,2,1,0.2,5,1,1,0.6991416405091966
UPI,FRAUD_SUSPECTED,4722,2,2,0.08,12,0,0,0.01
UPI,CARD_DECLINED,49945,3,0,0.32,16,1,0,0.1351658030365003
NETBANKING,EXPIRED_CARD,15316,4,2,0.41,17,1,0,0.01
NETBANKING,FRAUD_SUSPECTED,17932,1,3,0.42,8,0,1,0.01
UPI,EXPIRED_CARD,49806,3,1,0.27,2,1,0,0.04693612877276943
NETBANKING,EXPIRED_CARD,46079,4,3,0.04,3,1,1,0.050473135748260324
NETBANKING,INVALID_ACCOUNT,21650,4,5,0.42,11,0,0,0.01
CARD,INSUFFICIENT_FUNDS,38489,4,1,0.3,21,1,0,0.07973025380143667
NETBANKING,EXPIRED_CARD,36844,4,4,0.26,21,1,0,0.020166230878083162
NETBANKING,NETWORK_ERROR,37824,1,0,0.48,7,1,1,0.7735283539844641
NETBANKING,BANK_TIMEOUT,22860,4,3,0.29,16,0,1,0.5823160671332632
NETBANKING,INVALID_CARD,43948,1,1,0.29,0,1,0,0.01
CARD,BANK_TIMEOUT,47879,4,2,0.19,21,1,1,0.6083579562944088
UPI,CARD_DECLINED,29329,1,2,0.23,20,1,0,0.12793810182696413
NETBANKING,FRAUD_SUSPECTED,48642,4,2,0.39,5,1,0,0.01
NETBANKING,INVALID_ACCOUNT,48587,2,2,0.42,3,0,1,0.01
CARD,GATEWAY_TIMEOUT,49682,4,1,0.14,22,1,1,0.5797001247747968
CARD,FRAUD_SUSPECTED,49564,2,1,0.17,3,0,1,0.05088303260961121
NETBANKING,INVALID_ACCOUNT,19512,2,3,0.31,2,0,0,0.01
NETBANKING,INVALID_CARD,17360,2,5,0.18,11,1,0,0.0521258325764836
UPI,CARD_DECLINED,40301,1,2,0.5,14,0,0,0.16479872163758563
NETBANKING,CARD_DECLINED,1827,4,1,0.42,7,0,0,0.07203559017769622
UPI,GATEWAY_TIMEOUT,913,3,1,0.48,19,1,1,0.6334525840851086
NETBANKING,ACCOUNT_BLOCKED,12698,4,1,0.43,18,1,1,0.034679278032103376
NETBANKING,FRAUD_SUSPECTED,17372,4,2,0.19,7,1,1,0.01
NETBANKING,GATEWAY_TIMEOUT,21180,2,4,0.29,3,1,1,0.5514807621294658
NETBANKING,INSUFFICIENT_FUNDS,47292,3,5,0.35,17,0,1,0.011913343797817166
UPI,EXPIRED_CARD,40654,4,3,0.3,2,0,0,0.01599587295090278
NETBANKING,BANK_TIMEOUT,22880,4,5,0.08,21,1,0,0.4774734248808538
CARD,ACCOUNT_BLOCKED,16615,1,5,0.3,13,0,1,0.01
CARD,CARD_DECLINED,35384,3,2,0.12,16,1,0,0.09463002501399262
NETBANKING,ACCOUNT_BLOCKED,20708,1,4,0.04,11,0,0,0.02138504599305148
NETBANKING,INVALID_CARD,47966,2,5,0.11,19,0,0,0.01
CARD,NETWORK_ERROR,21844,1,0,0.47,18,1,1,0.7311290709200613
CARD,GATEWAY_TIMEOUT,22598,2,0,0.16,5,1,1,0.7239681823631633
UPI,CARD_DECLINED,26407,2,1,0.18,20,0,1,0.2171727492748315
UPI,INVALID_ACCOUNT,16993,1,4,0.04,17,0,1,0.01
UPI,INVALID_ACCOUNT,924,1,2,0.2,0,1,0,0.05557117013066482
UPI,ACCOUNT_BLOCKED,32750,2,4,0.12,11,0,0,0.019971830527609806
NETBANKING,GATEWAY_TIMEOUT,28981,2,4,0.08,14,0,0,0.6355293045174999
UPI,CARD_DECLINED,19199,1,2,0.34,18,0,0,0.20576510494437789
NETBANKING,GATEWAY_TIMEOUT,40286,3,3,0.47,17,1,1,0.5974011100503666
NETBANKING,INVALID_ACCOUNT,4390,3,1,0.19,7,1,0,0.039405395987842005
UPI,FRAUD_SUSPECTED,3941,4,5,0.36,18,0,0,0.026351259987655383
CARD,INVALID_ACCOUNT,36996,4,4,0.33,9,1,0,0.01
UPI,CARD_DECLINED,41147,4,3,0.22,2,1,0,0.01
CARD,INVALID_ACCOUNT,31826,4,2,0.25,9,0,0,0.01
UPI,CARD_DECLINED,38600,2,5,0.16,1,0,0,0.10067681999724053
CARD,INSUFFICIENT_FUNDS,23153,1,5,0.44,23,0,1,0.14411333872317006
UPI,INSUFFICIENT_FUNDS,6565,4,1,0.45,22,1,0,0.06640345737606898
CARD,INSUFFICIENT_FUNDS,37530,1,0,0.46,6,0,1,0.22447387846141742
UPI,FRAUD_SUSPECTED,11703,4,1,0.19,12,0,0,0.01
UPI,ACCOUNT_BLOCKED,43912,3,3,0.34,22,1,0,0.054027279226989335
NETBANKING,CARD_DECLINED,26917,1,3,0.41,12,1,0,0.14067246414663293
CARD,CARD_DECLINED,39430,1,5,0.35,1,1,0,0.07129630304090631
UPI,NETWORK_ERROR,41885,1,0,0.09,15,0,0,0.7646939705367226
UPI,CARD_DECLINED,44723,4,2,0.27,9,1,0,0.03609892868951015
CARD,INSUFFICIENT_FUNDS,5769,4,1,0.07,1,1,1,0.09393438946560512
UPI,BANK_TIMEOUT,25532,2,0,0.38,2,0,1,0.74353208268501
CARD,GATEWAY_TIMEOUT,29068,1,5,0.47,6,0,1,0.5773757897382985
UPI,GATEWAY_TIMEOUT,22470,3,1,0.18,6,0,1,0.6600034343548846
CARD,INVALID_ACCOUNT,4271,2,1,0.32,10,1,0,0.047133731276192144
UPI,INSUFFICIENT_FUNDS,39530,3,4,0.09,17,1,0,0.01
UPI,INVALID_CARD,34050,1,4,0.36,23,1,1,0.01
UPI,INSUFFICIENT_FUNDS,486,4,0,0.29,12,0,0,0.1472176250132073
UPI,ACCOUNT_BLOCKED,35855,1,0,0.33,15,1,1,0.07556099860075795
CARD,EXPIRED_CARD,49125,2,5,0.25,8,1,1,0.01
UPI,EXPIRED_CARD,35257,3,1,0.08,20,0,1,0.0599140480586968
UPI,FRAUD_SUSPECTED,48597,1,3,0.4,4,0,1,0.01
NETBANKING,INSUFFICIENT_FUNDS,26460,2,5,0.18,12,1,1,0.06805815390754436
CARD,EXPIRED_CARD,25556,4,2,0.18,21,1,0,0.03233077103639898
UPI,INSUFFICIENT_FUNDS,14318,2,4,0.11,23,1,1,0.14382055162075064
CARD,FRAUD_SUSPECTED,42305,3,1,0.2,15,0,1,0.01
NETBANKING,INVALID_CARD,3434,2,1,0.18,5,1,1,0.01
CARD,BANK_TIMEOUT,45579,2,3,0.29,5,1,0,0.5851238141073856
NETBANKING,INSUFFICIENT_FUNDS,9975,4,2,0.24,23,0,1,0.09762146032628266
NETBANKING,INVALID_ACCOUNT,48289,1,5,0.06,2,0,0,0.01
UPI,FRAUD_SUSPECTED,5994,3,2,0.11,4,0,1,0.044067851354198974
CARD,ACCOUNT_BLOCKED,20776,4,3,0.18,5,1,1,0.01
NETBANKING,GATEWAY_TIMEOUT,10062,2,3,0.07,19,1,0,0.629166407132388
NETBANKING,EXPIRED_CARD,45966,3,5,0.43,7,0,0,0.05091848242648236
UPI,BANK_TIMEOUT,8986,4,3,0.2,5,0,1,0.6330942181057756
NETBANKING,ACCOUNT_BLOCKED,12016,4,0,0.49,21,1,1,0.05878152987734266
CARD,NETWORK_ERROR,11715,2,4,0.16,12,0,0,0.6632896802239335
NETBANKING,INSUFFICIENT_FUNDS,41664,3,2,0.36,2,1,1,0.04559555347402554
NETBANKING,INVALID_CARD,11179,3,2,0.1,8,0,1,0.01
UPI,BANK_TIMEOUT,42659,2,5,0.16,14,1,1,0.5280455738252673
NETBANKING,EXPIRED_CARD,43315,1,2,0.28,4,0,0,0.01
UPI,EXPIRED_CARD,25004,4,0,0.35,8,1,1,0.01
NETBANKING,INVALID_CARD,26785,3,1,0.47,23,1,0,0.01
CARD,NETWORK_ERROR,29582,1,5,0.46,16,0,0,0.6050755082432373
UPI,INSUFFICIENT_FUNDS,4976,2,2,0.04,18,0,0,0.222369039919534
UPI,BANK_TIMEOUT,48367,3,4,0.04,18,1,1,0.5946131632811861
UPI,ACCOUNT_BLOCKED,8093,1,5,0.08,23,0,0,0.01
UPI,BANK_TIMEOUT,28475,2,1,0.03,2,1,1,0.7195451740096014
UPI,EXPIRED_CARD,13030,4,4,0.36,15,1,0,0.01
NETBANKING,BANK_TIMEOUT,5313,2,1,0.14,17,0,0,0.7262868094754714
UPI,INSUFFICIENT_FUNDS,12358,3,1,0.09,20,1,1,0.18166544535800433
CARD,INSUFFICIENT_FUNDS,28052,3,2,0.37,16,0,1,0.1011449137287565
UPI,NETWORK_ERROR,4138,1,3,0.18,23,0,1,0.6999951611712837
NETBANKING,EXPIRED_CARD,886,1,2,0.3,11,0,1,0.0827148926554063
CARD,EXPIRED_CARD,23569,4,2,0.25,15,1,0,0.01
UPI,BANK_TIMEOUT,45376,3,3,0.24,14,1,1,0.5723623858009893
CARD,EXPIRED_CARD,10106,2,5,0.38,13,0,0,0.03882653051370643
CARD,GATEWAY_TIMEOUT,26276,3,0,0.22,21,0,0,0.6572937163606606
UPI,INSUFFICIENT_FUNDS,6315,1,3,0.24,8,1,0,0.10816806717017474
CARD,GATEWAY_TIMEOUT,19991,3,1,0.1,19,1,1,0.6735107573474429
UPI,EXPIRED_CARD,43733,1,2,0.48,2,1,1,0.020781765199692444
UPI,INSUFFICIENT_FUNDS,34097,4,1,0.21,0,1,0,0.022858050875707726
CARD,ACCOUNT_BLOCKED,28214,1,4,0.07,9,1,1,0.040712428456928206
UPI,FRAUD_SUSPECTED,37149,4,0,0.02,11,1,0,0.01
CARD,INSUFFICIENT_FUNDS,20582,4,2,0.28,18,1,0,0.05018558124239209
CARD,ACCOUNT_BLOCKED,15102,2,1,0.25,15,0,1,0.04609604662711038
UPI,INVALID_CARD,49264,2,4,0.17,16,1,1,0.020259977653943398
NETBANKING,CARD_DECLINED,4486,4,3,0.39,8,0,1,0.10577727828752938
UPI,EXPIRED_CARD,16260,2,5,0.01,11,1,0,0.03836842706259904
CARD,EXPIRED_CARD,20689,2,5,0.1,19,0,1,0.033341991797509
NETBANKING,INSUFFICIENT_FUNDS,34408,3,1,0.4,13,0,1,0.12609878793674703
UPI,CARD_DECLINED,1756,1,5,0.33,13,0,1,0.16349394808396464
UPI,EXPIRED_CARD,41118,4,4,0.09,14,1,0,0.05369029795643095
CARD,CARD_DECLINED,13061,4,2,0.09,4,1,0,0.013391494253593268
CARD,INVALID_ACCOUNT,31367,3,1,0.16,23,1,0,0.022889033879533123
NETBANKING,FRAUD_SUSPECTED,26021,2,2,0.31,1,1,1,0.01656168889737976
NETBANKING,BANK_TIMEOUT,33635,1,5,0.36,4,1,0,0.596694873413365
UPI,GATEWAY_TIMEOUT,6801,2,5,0.13,11,1,1,0.5651158723031295
CARD,NETWORK_ERROR,32373,4,4,0.04,13,1,0,0.4708097519746765
UPI,INSUFFICIENT_FUNDS,29492,2,0,0.38,8,0,0,0.13765141785499346
NETBANKING,INVALID_ACCOUNT,1687,1,5,0.42,7,1,0,0.01
UPI,GATEWAY_TIMEOUT,9122,3,2,0.2,20,1,0,0.5910246945660834
CARD,EXPIRED_CARD,1640,4,4,0.04,6,0,0,0.01
CARD,BANK_TIMEOUT,22997,1,4,0.44,16,0,1,0.6272778330983638
NETBANKING,BANK_TIMEOUT,41235,3,2,0.28,16,1,0,0.5854822343301668
NETBANKING,CARD_DECLINED,22020,2,2,0.45,12,0,1,0.16016497703553545
CARD,ACCOUNT_BLOCKED,42790,4,1,0.1,1,1,0,0.03428134078762198
UPI,INSUFFICIENT_FUNDS,49891,3,5,0.34,18,1,1,0.01
NETBANKING,INSUFFICIENT_FUNDS,37248,3,1,0.26,9,0,0,0.14695871926912601
CARD,INSUFFICIENT_FUNDS,32841,4,5,0.17,12,0,1,0.01
NETBANKING,CARD_DECLINED,43814,2,0,0.31,0,0,0,0.22471659774423533
CARD,BANK_TIMEOUT,19986,4,3,0.37,5,0,0,0.5098049764747237
NETBANKING,INSUFFICIENT_FUNDS,27832,3,0,0.15,20,0,1,0.23204436856135185
UPI,CARD_DECLINED,9395,3,3,0.47,6,0,0,0.10102905673611391
CARD,GATEWAY_TIMEOUT,1040,1,0,0.37,14,1,1,0.7352558947674012
NETBANKING,EXPIRED_CARD,4247,2,1,0.04,21,1,0,0.01
CARD,EXPIRED_CARD,27128,2,0,0.29,1,0,1,0.06199017447350072
NETBANKING,EXPIRED_CARD,13384,3,0,0.34,6,0,1,0.047035392732879974
NETBANKING,BANK_TIMEOUT,37010,4,4,0.48,15,0,0,0.430651710870888
UPI,ACCOUNT_BLOCKED,24171,4,3,0.28,11,1,0,0.01
NETBANKING,FRAUD_SUSPECTED,26773,2,4,0.21,14,1,1,0.01
NETBANKING,EXPIRED_CARD,44383,4,2,0.48,2,1,0,0.01
CARD,EXPIRED_CARD,29641,2,0,0.18,20,0,1,0.05602110415153016
NETBANKING,GATEWAY_TIMEOUT,37697,2,1,0.41,12,0,1,0.7370723015307485
NETBANKING,INVALID_ACCOUNT,2851,1,4,0.01,17,0,0,0.02840106897782755
CARD,EXPIRED_CARD,7762,3,5,0.42,11,1,1,0.01
CARD,INVALID_CARD,45175,1,1,0.32,14,0,0,0.031620188653913216
NETBANKING,NETWORK_ERROR,32553,2,0,0.35,9,0,1,0.715285760630095
UPI,INVALID_ACCOUNT,41928,1,1,0.02,0,1,0,0.01
NETBANKING,NETWORK_ERROR,4492,3,3,0.48,13,1,1,0.5330568452610214
NETBANKING,CARD_DECLINED,22589,4,2,0.11,13,1,0,0.03691174224863457
UPI,EXPIRED_CARD,21047,3,0,0.14,15,1,0,0.01
NETBANKING,ACCOUNT_BLOCKED,23106,4,0,0.2,15,0,1,0.01
UPI,NETWORK_ERROR,16181,1,3,0.2,10,0,1,0.6934342149815504
CARD,INVALID_ACCOUNT,46239,4,1,0.31,3,0,0,0.019342906521794705
NETBANKING,BANK_TIMEOUT,33280,4,0,0.26,14,1,1,0.6441307677663717
NETBANKING,BANK_TIMEOUT,16693,1,5,0.26,5,1,1,0.6793555062135653
UPI,CARD_DECLINED,39495,3,3,0.06,4,0,0,0.07221461922395783
UPI,BANK_TIMEOUT,25482,2,3,0.03,5,0,1,0.7135565588198849
NETBANKING,EXPIRED_CARD,15090,4,5,0.47,3,0,0,0.01
NETBANKING,ACCOUNT_BLOCKED,36981,1,3,0.25,22,1,0,0.030840880666058675
NETBANKING,FRAUD_SUSPECTED,41704,1,3,0.24,8,1,1,0.01
UPI,CARD_DECLINED,43661,3,3,0.21,7,0,0,0.011410927535590004
UPI,ACCOUNT_BLOCKED,12341,2,3,0.33,17,1,1,0.01
NETBANKING,GATEWAY_TIMEOUT,38249,4,0,0.28,7,0,0,0.5720343104699364
NETBANKING,INVALID_CARD,833,3,0,0.26,0,0,1,0.03255728501865216
UPI,CARD_DECLINED,9082,3,1,0.43,6,0,1,0.17482754367495645
UPI,NETWORK_ERROR,11399,4,4,0.32,17,0,0,0.5147082347921696
NETBANKING,GATEWAY_TIMEOUT,49941,1,3,0.26,2,0,0,0.6666940941463514
CARD,FRAUD_SUSPECTED,14868,3,3,0.04,13,0,1,0.03806319996314409
UPI,INSUFFICIENT_FUNDS,44117,3,3,0.23,7,0,1,0.11848957755371027
NETBANKING,INVALID_CARD,42438,2,1,0.3,9,1,0,0.01
UPI,INVALID_CARD,4447,1,5,0.45,4,0,1,0.01
CARD,EXPIRED_CARD,42709,3,2,0.42,19,1,1,0.04553789030648466
CARD,INVALID_ACCOUNT,32067,4,5,0.3,17,0,1,0.01
NETBANKING,EXPIRED_CARD,22540,1,2,0.32,8,1,0,0.01
CARD,INSUFFICIENT_FUNDS,37194,2,2,0.49,6,1,1,0.10885221357934934
NETBANKING,INVALID_CARD,43988,2,4,0.45,4,1,0,0.028710338090345004
CARD,INVALID_ACCOUNT,36335,3,1,0.4,18,0,0,0.03245926985348949
CARD,INSUFFICIENT_FUNDS,13582,3,1,0.44,15,1,0,0.08516302359427758
NETBANKING,CARD_DECLINED,37336,4,4,0.18,8,0,1,0.01
CARD,INVALID_ACCOUNT,25860,1,0,0.1,8,1,1,0.1234751018813653
NETBANKING,ACCOUNT_BLOCKED,18259,4,1,0.14,13,1,0,0.01
CARD,FRAUD_SUSPECTED,7927,2,1,0.07,1,0,0,0.01
NETBANKING,INVALID_ACCOUNT,17690,2,0,0.46,21,1,0,0.01
NETBANKING,ACCOUNT_BLOCKED,4024,1,0,0.18,19,1,1,0.09498026430657529
UPI,INSUFFICIENT_FUNDS,40621,3,4,0.18,7,0,0,0.037371024894803755
CARD,INSUFFICIENT_FUNDS,11361,4,1,0.28,0,0,0,0.09912402741644986
NETBANKING,CARD_DECLINED,31967,1,0,0.13,13,0,0,0.2529506613087708
UPI,GATEWAY_TIMEOUT,14540,3,0,0.01,21,1,1,0.7269637571132893
NETBANKING,INVALID_CARD,29339,2,1,0.06,2,1,1,0.01
NETBANKING,INVALID_CARD,40408,4,0,0.28,8,0,1,0.01
NETBANKING,FRAUD_SUSPECTED,21207,1,3,0.26,12,1,0,0.01
NETBANKING,NETWORK_ERROR,39484,4,1,0.4,6,0,1,0.5853265489675866
CARD,INSUFFICIENT_FUNDS,46953,3,1,0.2,15,0,0,0.13454772554157746
UPI,EXPIRED_CARD,46831,1,3,0.29,11,1,0,0.01
NETBANKING,EXPIRED_CARD,27896,1,3,0.13,7,1,1,0.051159864512904794
CARD,EXPIRED_CARD,10461,2,1,0.43,20,0,0,0.05791614963221855
CARD,BANK_TIMEOUT,49953,2,0,0.36,5,0,0,0.6590391118818933
NETBANKING,CARD_DECLINED,29794,2,2,0.08,13,1,0,0.09490886671056178
CARD,GATEWAY_TIMEOUT,34212,1,1,0.44,19,0,0,0.6748242992370862
CARD,INVALID_CARD,11105,2,0,0.41,6,0,0,0.037283631340794494
CARD,GATEWAY_TIMEOUT,35093,1,3,0.28,11,0,0,0.655365734168999
UPI,INSUFFICIENT_FUNDS,673,3,1,0.39,16,0,0,0.12038056762140179
UPI,BANK_TIMEOUT,30840,2,1,0.13,19,1,1,0.69324052140548
CARD,GATEWAY_TIMEOUT,46644,1,5,0.13,20,0,0,0.6552856298814901
UPI,BANK_TIMEOUT,18922,4,4,0.4,21,1,1,0.5488792697526893
CARD,INVALID_ACCOUNT,23295,4,2,0.27,13,0,1,0.01
UPI,INSUFFICIENT_FUNDS,4911,3,2,0.07,13,1,1,0.1329517962140019
UPI,FRAUD_SUSPECTED,32030,2,0,0.12,20,0,1,0.046519717865012515
NETBANKING,GATEWAY_TIMEOUT,42637,3,3,0.13,0,0,1,0.5922919953217923
CARD,EXPIRED_CARD,46819,4,2,0.44,14,0,1,0.05596183601867128
UPI,GATEWAY_TIMEOUT,42044,1,2,0.19,11,1,1,0.7497046528260648
CARD,NETWORK_ERROR,39306,3,2,0.41,17,1,0,0.582397717909036
CARD,NETWORK_ERROR,23200,3,1,0.16,16,0,0,0.6732099561551979
UPI,INVALID_ACCOUNT,17769,1,0,0.26,20,1,0,0.03883586579815452
CARD,ACCOUNT_BLOCKED,30265,3,4,0.17,11,0,0,0.048353303401468574
CARD,INVALID_CARD,33783,1,5,0.39,23,0,0,0.05329475821905804
CARD,FRAUD_SUSPECTED,43394,4,5,0.36,8,0,0,0.036210876490916914
UPI,NETWORK_ERROR,40527,4,2,0.2,1,0,1,0.5412114733111557
UPI,INSUFFICIENT_FUNDS,27518,2,3,0.4,4,1,1,0.15904262938802782
UPI,BANK_TIMEOUT,4440,2,0,0.14,15,0,0,0.7328306615316376
UPI,EXPIRED_CARD,7586,1,5,0.24,10,1,1,0.05556684267261904
CARD,ACCOUNT_BLOCKED,36706,3,5,0.34,16,0,1,0.04061889603275829
UPI,INSUFFICIENT_FUNDS,1556,4,3,0.14,16,1,1,0.1132761144669926
CARD,BANK_TIMEOUT,38877,3,2,0.06,4,0,0,0.6420746155650741
UPI,EXPIRED_CARD,10143,1,5,0.28,11,1,1,0.01
CARD,CARD_DECLINED,5416,2,1,0.32,21,0,1,0.28061245048739497
UPI,INVALID_CARD,26702,4,1,0.21,0,1,1,0.01
UPI,EXPIRED_CARD,32334,4,4,0.11,13,0,1,0.01
UPI,FRAUD_SUSPECTED,10532,3,4,0.19,2,0,0,0.01
NETBANKING,BANK_TIMEOUT,9933,4,3,0.45,22,0,0,0.4652087261313261
UPI,BANK_TIMEOUT,8847,3,2,0.34,22,1,0,0.5300429831782143
CARD,FRAUD_SUSPECTED,6651,1,4,0.05,1,0,0,0.0389542683735001
CARD,EXPIRED_CARD,7147,3,4,0.15,16,0,1,0.01
CARD,ACCOUNT_BLOCKED,17138,2,5,0.39,16,0,1,0.0206483587799906
NETBANKING,CARD_DECLINED,2199,4,2,0.34,22,1,1,0.06187519224860111
NETBANKING,CARD_DECLINED,19344,4,3,0.41,7,1,1,0.010054728508503172
CARD,GATEWAY_TIMEOUT,46187,2,0,0.05,18,0,0,0.67576744943725
CARD,GATEWAY_TIMEOUT,9886,1,2,0.39,22,1,0,0.69286404800534
CARD,INVALID_CARD,8135,3,5,0.11,15,0,1,0.01
UPI,FRAUD_SUSPECTED,4429,1,0,0.42,8,1,0,0.041251880897296166
CARD,INVALID_CARD,46574,3,3,0.08,10,1,1,0.05580651142857466
NETBANKING,GATEWAY_TIMEOUT,587,2,2,0.21,15,1,0,0.5932025475831472
UPI,INSUFFICIENT_FUNDS,33705,4,2,0.45,23,0,1,0.018844908454164762
UPI,FRAUD_SUSPECTED,46720,3,4,0.19,0,0,1,0.03715680288100543
NETBANKING,INSUFFICIENT_FUNDS,13932,2,2,0.34,23,1,1,0.2149586370652431
NETBANKING,ACCOUNT_BLOCKED,40222,2,3,0.39,23,0,1,0.056414252161314495
NETBANKING,INVALID_ACCOUNT,19118,4,0,0.15,0,1,0,0.01
CARD,EXPIRED_CARD,39995,2,2,0.42,7,1,1,0.01
NETBANKING,BANK_TIMEOUT,15138,3,3,0.14,16,0,0,0.5681800937891072
CARD,INSUFFICIENT_FUNDS,26116,1,3,0.03,2,1,1,0.1486343403620659
NETBANKING,CARD_DECLINED,39437,1,3,0.49,6,1,0,0.13652338796469077
CARD,INVALID_ACCOUNT,47660,3,1,0.28,6,0,1,0.01
NETBANKING,INSUFFICIENT_FUNDS,31548,1,0,0.07,23,1,0,0.2487457167597984
NETBANKING,CARD_DECLINED,27335,2,3,0.11,5,1,0,0.11550927002112674
CARD,CARD_DECLINED,35641,1,0,0.49,3,0,0,0.17759822730620567
CARD,GATEWAY_TIMEOUT,7529,4,2,0.07,17,1,0,0.5511241871923196
NETBANKING,CARD_DECLINED,5557,3,0,0.18,12,0,1,0.2545315243141558
NETBANKING,NETWORK_ERROR,4257,2,1,0.18,16,0,1,0.8011113535498932
NETBANKING,FRAUD_SUSPECTED,2052,3,3,0.4,13,0,1,0.01
UPI,ACCOUNT_BLOCKED,41878,4,4,0.38,2,0,1,0.015745776571958518
CARD,INVALID_CARD,21216,3,1,0.45,1,1,0,0.01
CARD,BANK_TIMEOUT,43653,3,5,0.18,23,0,1,0.5882006846543263
UPI,GATEWAY_TIMEOUT,6389,1,4,0.08,15,1,0,0.6544946548125367
UPI,FRAUD_SUSPECTED,16224,3,4,0.41,9,0,0,0.01
CARD,GATEWAY_TIMEOUT,45706,3,3,0.5,8,1,1,0.5981310263830403
NETBANKING,FRAUD_SUSPECTED,5022,4,2,0.37,13,0,0,0.05812538645055534
CARD,GATEWAY_TIMEOUT,46748,1,1,0.47,19,0,1,0.7043374181800762
CARD,FRAUD_SUSPECTED,20960,1,1,0.29,18,0,0,0.01
CARD,INVALID_ACCOUNT,49569,1,5,0.28,18,1,1,0.01
CARD,BANK_TIMEOUT,20540,4,0,0.33,8,0,0,0.54387475509518
NETBANKING,BANK_TIMEOUT,7101,4,0,0.24,11,1,0,0.5724282250097446
NETBANKING,INVALID_ACCOUNT,16325,1,2,0.09,20,0,0,0.028031567408455818
NETBANKING,GATEWAY_TIMEOUT,11199,2,3,0.01,16,1,0,0.6282652807739108
UPI,BANK_TIMEOUT,28262,2,4,0.34,6,1,1,0.5496210511658494
NETBANKING,INVALID_CARD,38001,3,2,0.13,3,1,1,0.024833761457544505
CARD,BANK_TIMEOUT,7611,4,4,0.1,8,0,0,0.5514446230536852
NETBANKING,NETWORK_ERROR,44076,2,1,0.36,7,0,0,0.6771252484561496
NETBANKING,INVALID_CARD,8813,2,2,0.48,18,0,0,0.03172365047840351
NETBANKING,BANK_TIMEOUT,27189,1,2,0.11,4,0,0,0.7358801142042553
CARD,INVALID_CARD,24920,3,3,0.33,20,0,0,0.01
UPI,INSUFFICIENT_FUNDS,32206,4,2,0.22,8,0,1,0.08435825094476718
UPI,BANK_TIMEOUT,49142,4,4,0.15,13,0,1,0.4990697861339496
CARD,GATEWAY_TIMEOUT,28028,1,3,0.39,16,0,1,0.6757842978709905
NETBANKING,INSUFFICIENT_FUNDS,29548,2,5,0.43,15,1,1,0.013045829266570677
UPI,EXPIRED_CARD,8848,1,1,0.33,12,0,0,0.01
NETBANKING,FRAUD_SUSPECTED,34311,3,5,0.06,21,1,1,0.01
NETBANKING,NETWORK_ERROR,15908,3,2,0.41,21,0,1,0.6967451745631753
UPI,GATEWAY_TIMEOUT,1382,3,5,0.39,13,1,0,0.47910192524896494
UPI,NETWORK_ERROR,48112,3,5,0.38,8,1,0,0.4648847043230784
NETBANKING,ACCOUNT_BLOCKED,37141,3,0,0.2,19,0,0,0.01
CARD,FRAUD_SUSPECTED,30992,2,4,0.17,7,1,0,0.028972929623922915
UPI,ACCOUNT_BLOCKED,9078,2,3,0.43,6,1,1,0.01349807142910067
NETBANKING,NETWORK_ERROR,6824,4,5,0.08,23,0,0,0.47908769835297477
UPI,CARD_DECLINED,866,4,0,0.5,20,1,0,0.02934829588295089
UPI,ACCOUNT_BLOCKED,7884,1,2,0.4,17,0,0,0.01
CARD,INVALID_ACCOUNT,11046,1,3,0.41,6,1,1,0.01
NETBANKING,ACCOUNT_BLOCKED,15129,3,0,0.22,11,1,1,0.01562868617172465
UPI,BANK_TIMEOUT,48524,1,5,0.29,21,1,0,0.5282068229483917
UPI,INSUFFICIENT_FUNDS,48431,1,5,0.1,6,0,0,0.08949999679688744
UPI,EXPIRED_CARD,14886,2,0,0.07,23,0,1,0.1057130566213946
CARD,INVALID_CARD,10187,1,1,0.24,0,0,1,0.04951295063870378
UPI,INVALID_CARD,7212,1,1,0.11,4,1,0,0.022461845985991602
NETBANKING,GATEWAY_TIMEOUT,17541,3,3,0.09,19,0,1,0.6434886317343527
NETBANKING,EXPIRED_CARD,18396,3,2,0.31,23,0,0,0.01
CARD,INVALID_ACCOUNT,30565,1,4,0.07,22,0,0,0.01
NETBANKING,INVALID_ACCOUNT,7516,4,3,0.46,18,0,0,0.011795443281376798
NETBANKING,INSUFFICIENT_FUNDS,8385,2,0,0.26,19,0,0,0.22790028845688498
UPI,FRAUD_SUSPECTED,34511,1,2,0.14,17,0,0,0.01
CARD,INSUFFICIENT_FUNDS,9256,2,5,0.32,16,0,1,0.07514352311352071
NETBANKING,INVALID_ACCOUNT,5353,3,3,0.09,8,1,0,0.01
UPI,BANK_TIMEOUT,43673,1,5,0.02,10,0,0,0.5762632606386814
UPI,EXPIRED_CARD,6539,4,4,0.33,1,0,0,0.058840290571255095
CARD,INVALID_CARD,44151,1,4,0.33,9,1,0,0.01
UPI,ACCOUNT_BLOCKED,43887,4,2,0.25,2,0,0,0.04243570235612144
CARD,INVALID_ACCOUNT,40840,1,2,0.2,1,1,1,0.01
NETBANKING,BANK_TIMEOUT,283,3,1,0.2,20,1,0,0.6061466740994894
NETBANKING,CARD_DECLINED,34836,2,3,0.2,3,0,1,0.12492730587549516
CARD,INVALID_ACCOUNT,15032,3,2,0.33,11,1,0,0.0385139907723853
CARD,BANK_TIMEOUT,36311,1,5,0.24,13,0,0,0.5870183464006353
NETBANKING,INVALID_ACCOUNT,30248,3,0,0.39,20,0,0,0.01
CARD,BANK_TIMEOUT,8122,4,2,0.42,3,0,1,0.6105578408936299
CARD,GATEWAY_TIMEOUT,35979,4,3,0.44,7,0,1,0.5578181399731732
UPI,INVALID_ACCOUNT,42550,1,3,0.14,4,0,0,0.02966445401317077
NETBANKING,CARD_DECLINED,47678,2,4,0.29,21,1,1,0.07075867253437107
UPI,INSUFFICIENT_FUNDS,27611,2,2,0.36,16,1,0,0.05440928908406572
CARD,NETWORK_ERROR,30375,1,3,0.15,20,1,0,0.6204676082329018
CARD,CARD_DECLINED,2873,2,3,0.4,23,1,1,0.14434692105888083
UPI,CARD_DECLINED,12661,1,5,0.05,12,1,1,0.19420937708004388
CARD,INVALID_ACCOUNT,37829,1,1,0.37,11,0,0,0.0430415636169165
CARD,FRAUD_SUSPECTED,47646,2,3,0.31,22,0,1,0.01
NETBANKING,BANK_TIMEOUT,19195,2,1,0.46,6,1,0,0.6768525576935801
CARD,ACCOUNT_BLOCKED,20748,1,3,0.37,4,0,0,0.01
NETBANKING,EXPIRED_CARD,34585,4,5,0.44,3,0,0,0.01
UPI,INSUFFICIENT_FUNDS,32381,2,1,0.21,10,0,0,0.20723827758926672
UPI,NETWORK_ERROR,5596,4,2,0.5,3,1,1,0.5878913345579428
NETBANKING,INVALID_ACCOUNT,649,1,1,0.11,0,0,0,0.04245884813266472
CARD,NETWORK_ERROR,36127,2,4,0.27,0,0,1,0.6063851959349759
NETBANKING,EXPIRED_CARD,17394,3,4,0.07,23,1,0,0.04822812707801021
NETBANKING,INSUFFICIENT_FUNDS,25774,3,4,0.4,4,0,0,0.01
UPI,NETWORK_ERROR,34569,3,0,0.27,7,0,1,0.6959888521711133
CARD,BANK_TIMEOUT,38540,2,3,0.11,23,0,0,0.6296568333521222
NETBANKING,GATEWAY_TIMEOUT,4916,2,3,0.14,10,1,0,0.5752224741392935
UPI,CARD_DECLINED,8623,4,5,0.03,11,0,1,0.020764865467232066
CARD,INVALID_CARD,28632,1,4,0.35,3,0,1,0.03803067628036214
UPI,BANK_TIMEOUT,12744,1,4,0.44,11,1,1,0.6944539601262119
UPI,BANK_TIMEOUT,25415,2,5,0.23,10,0,0,0.5922786692794473
UPI,CARD_DECLINED,22417,3,0,0.41,16,0,1,0.18620415048954908
CARD,EXPIRED_CARD,27918,2,4,0.11,16,1,1,0.03496633452410181
UPI,NETWORK_ERROR,15966,3,4,0.01,16,1,0,0.5332609281081262
UPI,EXPIRED_CARD,43819,2,3,0.03,7,1,0,0.01
NETBANKING,FRAUD_SUSPECTED,29691,1,4,0.41,16,1,0,0.04032865247826994
CARD,ACCOUNT_BLOCKED,12013,1,5,0.5,8,0,1,0.03562187135059413
NETBANKING,ACCOUNT_BLOCKED,40979,4,4,0.29,12,1,1,0.01
NETBANKING,CARD_DECLINED,9614,3,4,0.2,18,0,0,0.043035380814477685
UPI,CARD_DECLINED,1494,3,4,0.31,6,0,0,0.01
UPI,CARD_DECLINED,9359,4,3,0.29,1,1,0,0.05900226485573392
CARD,GATEWAY_TIMEOUT,26182,1,3,0.38,0,1,0,0.636927655768325
CARD,INVALID_ACCOUNT,47574,2,4,0.31,10,1,0,0.04985218998049599
NETBANKING,GATEWAY_TIMEOUT,43174,1,2,0.42,11,1,0,0.6861598050463618
NETBANKING,ACCOUNT_BLOCKED,40077,4,2,0.02,4,1,1,0.014450042304809533
UPI,INVALID_CARD,43413,3,0,0.39,12,1,1,0.01
UPI,INSUFFICIENT_FUNDS,1078,4,3,0.06,21,0,0,0.08472324658073827
CARD,ACCOUNT_BLOCKED,22175,1,2,0.42,8,1,0,0.01
CARD,INVALID_ACCOUNT,17919,1,0,0.42,5,1,0,0.01
NETBANKING,INVALID_ACCOUNT,28558,4,3,0.04,1,0,1,0.010389932991607986
UPI,NETWORK_ERROR,43898,2,4,0.17,0,0,0,0.5705191439150366
UPI,ACCOUNT_BLOCKED,42586,3,0,0.15,19,0,1,0.01
CARD,GATEWAY_TIMEOUT,41357,2,4,0.48,20,1,0,0.47702991730718036
CARD,INSUFFICIENT_FUNDS,41879,3,2,0.02,15,1,1,0.13788357088081607
CARD,GATEWAY_TIMEOUT,3913,4,1,0.37,13,0,0,0.5674550483073759
NETBANKING,NETWORK_ERROR,48980,4,5,0.32,15,1,0,0.4561982455856887
NETBANKING,ACCOUNT_BLOCKED,4477,3,0,0.2,16,1,0,0.05702969729547839
UPI,INSUFFICIENT_FUNDS,29844,2,0,0.47,10,1,0,0.11326185717041874
CARD,NETWORK_ERROR,30717,1,3,0.02,5,0,0,0.6882927171911172
UPI,INVALID_CARD,7480,2,3,0.13,16,1,0,0.01
NETBANKING,ACCOUNT_BLOCKED,22707,4,0,0.1,14,0,1,0.01
NETBANKING,BANK_TIMEOUT,47678,2,4,0.17,4,1,1,0.6040268621467063
UPI,INVALID_CARD,18148,3,0,0.13,6,1,0,0.01
NETBANKING,NETWORK_ERROR,9391,4,5,0.4,21,0,0,0.41751785636992267
UPI,NETWORK_ERROR,32315,2,0,0.32,8,1,0,0.6652519790724851
CARD,EXPIRED_CARD,48021,4,1,0.38,7,0,0,0.04480760717041813
UPI,INVALID_ACCOUNT,44764,3,3,0.02,7,1,0,0.01
NETBANKING,ACCOUNT_BLOCKED,35790,4,3,0.34,3,1,1,0.03001115460774969
CARD,EXPIRED_CARD,15563,4,4,0.39,4,0,1,0.0364536030607309
CARD,INVALID_ACCOUNT,9512,1,5,0.42,5,0,1,0.01
UPI,NETWORK_ERROR,25879,3,0,0.39,17,1,0,0.6196747493333433
CARD,ACCOUNT_BLOCKED,9952,1,4,0.33,5,0,0,0.01
CARD,EXPIRED_CARD,49577,1,4,0.3,21,1,0,0.01
NETBANKING,INVALID_ACCOUNT,19027,1,1,0.07,1,1,0,0.07813999864843975
NETBANKING,INSUFFICIENT_FUNDS,43505,4,5,0.3,22,1,1,0.024837065435937174
CARD,ACCOUNT_BLOCKED,22232,1,5,0.05,11,1,1,0.05624299914409175
UPI,EXPIRED_CARD,6107,3,1,0.13,17,1,1,0.01
UPI,INVALID_ACCOUNT,43139,2,0,0.47,14,1,1,0.038024792729312064
NETBANKING,NETWORK_ERROR,47247,4,3,0.31,15,1,0,0.5047023765322873
NETBANKING,INVALID_CARD,33248,4,5,0.42,4,1,0,0.01
NETBANKING,BANK_TIMEOUT,42259,3,5,0.27,12,0,0,0.47986809171130657
NETBANKING,CARD_DECLINED,2059,3,3,0.2,19,1,1,0.11691934826844619
UPI,NETWORK_ERROR,11104,3,4,0.1,23,1,1,0.5668322439873262
UPI,INVALID_ACCOUNT,25867,4,4,0.2,4,1,1,0.01
UPI,GATEWAY_TIMEOUT,44895,3,3,0.42,7,0,0,0.5220186069942274
UPI,CARD_DECLINED,5317,3,1,0.27,10,1,0,0.15439538477735548
CARD,INVALID_CARD,11089,2,3,0.47,7,0,1,0.012974091923190328
NETBANKING,FRAUD_SUSPECTED,6799,2,4,0.06,22,1,1,0.01
NETBANKING,EXPIRED_CARD,34108,3,3,0.48,17,1,0,0.02098838546905027
CARD,CARD_DECLINED,17251,2,0,0.11,20,0,0,0.28163186218768144
UPI,EXPIRED_CARD,39356,4,1,0.03,16,1,0,0.01
UPI,NETWORK_ERROR,23969,2,3,0.16,10,1,1,0.5947522631636022
CARD,INSUFFICIENT_FUNDS,7126,2,5,0.1,19,0,1,0.13758556315887094
NETBANKING,NETWORK_ERROR,15707,4,3,0.43,1,0,1,0.6122730602373221
UPI,NETWORK_ERROR,18678,1,0,0.39,5,1,1,0.7925718763539286
UPI,ACCOUNT_BLOCKED,34422,4,4,0.04,23,0,1,0.01
CARD,GATEWAY_TIMEOUT,15501,3,3,0.09,4,1,1,0.6126083105343352
CARD,ACCOUNT_BLOCKED,33290,4,3,0.27,8,1,0,0.01
NETBANKING,FRAUD_SUSPECTED,33537,3,5,0.45,8,1,1,0.05645354029812646
CARD,ACCOUNT_BLOCKED,18976,2,4,0.07,19,0,0,0.04124178848652559
CARD,FRAUD_SUSPECTED,1764,2,0,0.44,1,0,1,0.01
UPI,ACCOUNT_BLOCKED,42524,2,0,0.48,4,0,1,0.058848509548140276
UPI,INSUFFICIENT_FUNDS,465,3,2,0.25,16,0,1,0.17055460508030287
UPI,NETWORK_ERROR,18706,3,2,0.43,16,1,1,0.6256433504670578
NETBANKING,EXPIRED_CARD,9541,4,5,0.5,7,1,1,0.04988687667051093
CARD,CARD_DECLINED,42249,4,1,0.38,4,1,0,0.06392411032977277
CARD,INSUFFICIENT_FUNDS,4660,2,1,0.36,3,0,0,0.2176338662079838
UPI,INSUFFICIENT_FUNDS,39852,2,5,0.01,9,0,0,0.0567156330185357
UPI,NETWORK_ERROR,34151,2,3,0.14,5,0,1,0.650500709939171
NETBANKING,GATEWAY_TIMEOUT,31010,4,4,0.36,21,1,0,0.4626922947918365
CARD,EXPIRED_CARD,30525,3,2,0.38,11,1,1,0.01
UPI,ACCOUNT_BLOCKED,2242,3,1,0.31,16,1,1,0.04996514577990611
NETBANKING,INSUFFICIENT_FUNDS,47912,1,3,0.04,5,1,0,0.16054203014729357
UPI,NETWORK_ERROR,30060,2,1,0.23,22,0,0,0.712669100312785
UPI,FRAUD_SUSPECTED,12013,2,1,0.29,18,0,1,0.048155871012205316
UPI,INVALID_CARD,21527,1,5,0.16,17,0,0,0.04967065600049781
CARD,FRAUD_SUSPECTED,46137,2,4,0.43,17,0,1,0.015594413682592003
CARD,CARD_DECLINED,27485,1,3,0.37,14,1,0,0.07915616888421909
CARD,CARD_DECLINED,16296,1,4,0.17,8,1,0,0.10104604671394218
CARD,ACCOUNT_BLOCKED,38259,4,0,0.1,5,1,0,0.01
CARD,INSUFFICIENT_FUNDS,43794,4,4,0.46,23,0,0,0.01
CARD,GATEWAY_TIMEOUT,38083,2,1,0.08,21,0,0,0.7113233628305101
CARD,BANK_TIMEOUT,36012,2,1,0.03,1,1,1,0.7176579965433723
NETBANKING,EXPIRED_CARD,34088,4,2,0.34,22,1,1,0.01
NETBANKING,INVALID_ACCOUNT,25943,1,0,0.11,8,1,0,0.07125446610737676
NETBANKING,NETWORK_ERROR,37630,3,0,0.24,11,0,0,0.6832006615459605
NETBANKING,NETWORK_ERROR,1596,2,5,0.29,23,1,0,0.500247505890422
UPI,EXPIRED_CARD,18265,2,0,0.31,6,0,1,0.11821784286953257
UPI,INSUFFICIENT_FUNDS,45108,4,0,0.31,3,0,1,0.0938416462788661
UPI,GATEWAY_TIMEOUT,7673,2,1,0.07,21,1,1,0.7296552814488558
NETBANKING,GATEWAY_TIMEOUT,3606,1,4,0.39,21,0,0,0.6022709584702418
CARD,NETWORK_ERROR,8587,2,0,0.07,23,0,1,0.7565986773096021
CARD,INVALID_ACCOUNT,49904,4,1,0.11,19,0,0,0.01
UPI,INVALID_CARD,25022,3,1,0.27,21,0,1,0.02506265243654885
NETBANKING,CARD_DECLINED,34243,1,1,0.38,9,0,0,0.1610100461873788
UPI,INVALID_ACCOUNT,44863,4,5,0.27,10,0,1,0.058198384146864894
UPI,ACCOUNT_BLOCKED,18890,4,1,0.02,18,0,1,0.05945670885419572
CARD,INVALID_CARD,4426,1,1,0.36,18,1,0,0.03792188949477716
NETBANKING,EXPIRED_CARD,1219,1,1,0.48,3,0,1,0.041075643587009714
CARD,INVALID_ACCOUNT,21506,3,3,0.16,4,0,0,0.01
UPI,GATEWAY_TIMEOUT,1780,2,3,0.47,13,0,1,0.6744251152887597
CARD,INSUFFICIENT_FUNDS,36638,4,2,0.04,19,0,1,0.12788409844156162
UPI,INVALID_CARD,28031,1,3,0.12,4,1,0,0.01
CARD,GATEWAY_TIMEOUT,44956,1,1,0.35,9,0,0,0.6608647789990116
UPI,ACCOUNT_BLOCKED,23901,4,3,0.29,20,1,1,0.01
CARD,ACCOUNT_BLOCKED,4352,3,3,0.3,11,1,1,0.01
UPI,INSUFFICIENT_FUNDS,16567,4,0,0.08,8,1,1,0.1122732024420501
UPI,INVALID_ACCOUNT,3992,1,4,0.07,6,0,1,0.028384335093089172
UPI,EXPIRED_CARD,26225,3,0,0.25,13,0,0,0.011685192508569598
NETBANKING,FRAUD_SUSPECTED,29444,1,1,0.3,23,0,1,0.030430377171041398
CARD,NETWORK_ERROR,12911,1,3,0.23,7,0,1,0.7582621250966111
CARD,NETWORK_ERROR,3232,3,2,0.49,8,1,1,0.5809494531758328
CARD,GATEWAY_TIMEOUT,7584,2,0,0.02,13,0,1,0.801169169172201
NETBANKING,FRAUD_SUSPECTED,29382,4,5,0.22,8,1,0,0.01
NETBANKING,BANK_TIMEOUT,21973,2,5,0.4,6,1,0,0.5322585447206094
CARD,CARD_DECLINED,28770,4,3,0.41,2,1,0,0.012461591542175276
UPI,EXPIRED_CARD,1343,1,0,0.49,12,1,1,0.031016717248112932
CARD,ACCOUNT_BLOCKED,1734,1,0,0.03,18,1,1,0.0794323419585298
CARD,BANK_TIMEOUT,1387,3,4,0.13,17,0,1,0.6244168853484295
CARD,INSUFFICIENT_FUNDS,43859,1,2,0.39,1,1,0,0.1717831939977748
CARD,ACCOUNT_BLOCKED,32665,4,4,0.27,15,0,0,0.01
NETBANKING,EXPIRED_CARD,45002,1,3,0.2,17,1,0,0.01
CARD,NETWORK_ERROR,9828,2,3,0.15,1,1,1,0.6721017900602327
UPI,INSUFFICIENT_FUNDS,11516,3,3,0.1,23,1,0,0.11956705690215985
CARD,BANK_TIMEOUT,4490,3,1,0.44,21,0,0,0.5974342247450862
UPI,INVALID_ACCOUNT,30295,2,0,0.05,1,0,0,0.02808246314767711
NETBANKING,CARD_DECLINED,6331,1,1,0.19,22,1,0,0.26074468343850726
UPI,EXPIRED_CARD,1568,3,5,0.26,2,1,1,0.01
UPI,GATEWAY_TIMEOUT,49765,1,3,0.47,11,0,1,0.7302519155642748
CARD,EXPIRED_CARD,855,2,0,0.41,8,0,1,0.05643076363220673
CARD,NETWORK_ERROR,11885,2,3,0.29,9,1,0,0.6274609550296902
NETBANKING,NETWORK_ERROR,10443,4,5,0.41,8,0,1,0.5149688910125283
NETBANKING,GATEWAY_TIMEOUT,30466,4,4,0.47,21,1,0,0.3997134465598574
NETBANKING,FRAUD_SUSPECTED,15129,1,2,0.45,2,1,0,0.01
UPI,EXPIRED_CARD,36265,2,1,0.25,21,0,1,0.03728653086527204
CARD,NETWORK_ERROR,30262,4,1,0.15,1,1,1,0.6285086603535897
CARD,INVALID_CARD,35934,2,5,0.14,19,1,0,0.01
NETBANKING,CARD_DECLINED,10041,1,3,0.02,17,1,0,0.16659352107520378
UPI,FRAUD_SUSPECTED,38110,2,5,0.21,17,0,0,0.010253284698472356
NETBANKING,INSUFFICIENT_FUNDS,17527,4,4,0.35,7,0,1,0.01
CARD,INVALID_CARD,31526,2,4,0.23,18,0,1,0.01
UPI,NETWORK_ERROR,19754,1,1,0.5,3,0,1,0.7861181135144019
NETBANKING,GATEWAY_TIMEOUT,13506,4,0,0.12,15,1,0,0.5921729016502055
UPI,BANK_TIMEOUT,16779,3,4,0.26,12,1,0,0.5650009757917921
CARD,CARD_DECLINED,49283,3,3,0.08,3,0,1,0.10378836751750539
UPI,INSUFFICIENT_FUNDS,45779,3,2,0.02,18,1,1,0.16251279406486419
CARD,EXPIRED_CARD,49089,1,4,0.07,8,0,0,0.04662987530283975
CARD,INVALID_ACCOUNT,9632,1,2,0.05,8,1,0,0.03872768657391828
CARD,ACCOUNT_BLOCKED,12205,4,5,0.19,8,1,0,0.029888074677628128
NETBANKING,INVALID_CARD,45744,4,2,0.47,12,1,0,0.01
NETBANKING,CARD_DECLINED,20649,1,0,0.07,4,0,0,0.29748184854347454
CARD,FRAUD_SUSPECTED,16247,4,5,0.03,3,0,1,0.01
NETBANKING,BANK_TIMEOUT,14981,4,1,0.22,7,1,0,0.5280008312722055
NETBANKING,CARD_DECLINED,21573,3,4,0.04,15,0,0,0.01
NETBANKING,ACCOUNT_BLOCKED,19835,2,2,0.27,18,1,0,0.01
CARD,INVALID_CARD,44822,3,5,0.43,19,1,1,0.01
UPI,FRAUD_SUSPECTED,28660,3,1,0.02,9,1,1,0.0465178379149642
CARD,EXPIRED_CARD,22376,1,4,0.23,9,1,0,0.01
NETBANKING,ACCOUNT_BLOCKED,1993,4,1,0.13,11,1,1,0.047588564590558706
UPI,GATEWAY_TIMEOUT,27542,3,5,0.15,3,1,1,0.5353650462688805
CARD,INSUFFICIENT_FUNDS,3619,1,5,0.47,13,0,0,0.06484142841019325
UPI,CARD_DECLINED,11964,4,3,0.48,15,1,1,0.022123609553528226
CARD,ACCOUNT_BLOCKED,4512,4,0,0.06,5,1,0,0.01
NETBANKING,CARD_DECLINED,35057,4,0,0.01,17,0,0,0.11645853289128086
NETBANKING,INVALID_CARD,31635,4,4,0.07,2,0,1,0.01
UPI,CARD_DECLINED,29336,2,5,0.21,8,0,1,0.05661396895891033
NETBANKING,NETWORK_ERROR,10888,1,1,0.27,7,1,1,0.7357975945398836
CARD,ACCOUNT_BLOCKED,47908,4,4,0.03,17,1,0,0.01
CARD,INVALID_ACCOUNT,11557,3,1,0.07,17,0,1,0.05086499519140856
CARD,CARD_DECLINED,3189,1,5,0.47,8,1,1,0.10152069486097022
CARD,FRAUD_SUSPECTED,48581,2,1,0.42,2,0,0,0.05444643347974799
UPI,EXPIRED_CARD,18808,4,5,0.47,23,0,1,0.01
CARD,INSUFFICIENT_FUNDS,16018,3,5,0.32,23,0,1,0.03497210373781999
UPI,INVALID_ACCOUNT,35417,4,5,0.09,2,1,1,0.03142167762861816
NETBANKING,INVALID_ACCOUNT,4083,1,4,0.39,7,0,1,0.01
NETBANKING,INSUFFICIENT_FUNDS,2275,4,4,0.5,7,1,0,0.01
UPI,FRAUD_SUSPECTED,15141,3,0,0.03,22,0,0,0.03151553844853263
CARD,EXPIRED_CARD,31175,3,4,0.45,13,1,0,0.01
CARD,FRAUD_SUSPECTED,17247,3,3,0.04,17,0,1,0.028843402762679292
CARD,ACCOUNT_BLOCKED,40702,2,3,0.36,17,0,0,0.024178698276162446
NETBANKING,FRAUD_SUSPECTED,15889,1,1,0.27,16,1,1,0.04339051191665152
NETBANKING,ACCOUNT_BLOCKED,27991,2,5,0.3,9,1,1,0.01787751727035461
UPI,EXPIRED_CARD,6958,3,3,0.34,8,1,0,0.01
UPI,ACCOUNT_BLOCKED,35518,4,5,0.13,8,0,0,0.043164155152996674
NETBANKING,INSUFFICIENT_FUNDS,38923,4,1,0.27,7,0,0,0.11057859119231225
NETBANKING,INVALID_ACCOUNT,32865,1,3,0.46,5,0,0,0.011708110322754128
NETBANKING,BANK_TIMEOUT,46741,2,1,0.08,1,0,0,0.6505114273652579
UPI,BANK_TIMEOUT,1166,1,5,0.27,14,1,1,0.6044614330569726
UPI,INVALID_ACCOUNT,41478,4,5,0.2,0,0,1,0.01
CARD,NETWORK_ERROR,19024,1,5,0.13,17,1,1,0.6719875642686849
NETBANKING,NETWORK_ERROR,38742,1,3,0.15,17,0,0,0.6464861836353913
CARD,ACCOUNT_BLOCKED,20835,1,0,0.01,23,0,1,0.1525301077005244
CARD,GATEWAY_TIMEOUT,329,3,2,0.47,23,1,1,0.6464091142375267
CARD,BANK_TIMEOUT,45256,1,3,0.22,21,1,1,0.6548672548920121
UPI,BANK_TIMEOUT,42521,4,2,0.16,2,0,0,0.5926781561987046
UPI,EXPIRED_CARD,35597,3,0,0.21,18,1,1,0.01
NETBANKING,BANK_TIMEOUT,24170,2,3,0.22,6,1,0,0.5657920646475969
NETBANKING,ACCOUNT_BLOCKED,37101,4,1,0.2,14,0,0,0.013993561441785865
NETBANKING,INVALID_ACCOUNT,34181,1,3,0.27,21,1,0,0.01
CARD,ACCOUNT_BLOCKED,28198,2,2,0.23,2,1,1,0.01
NETBANKING,INSUFFICIENT_FUNDS,8390,1,0,0.08,22,1,1,0.3469270127440931
NETBANKING,INVALID_ACCOUNT,37934,2,3,0.02,2,0,1,0.053452432855367805
UPI,EXPIRED_CARD,23772,3,4,0.16,3,1,1,0.01
NETBANKING,NETWORK_ERROR,44072,2,3,0.16,19,0,0,0.5736571993394275
NETBANKING,INVALID_ACCOUNT,9580,3,0,0.31,18,1,0,0.01
UPI,GATEWAY_TIMEOUT,9334,4,2,0.26,2,1,0,0.5651162760161853
CARD,FRAUD_SUSPECTED,17558,2,0,0.41,11,1,1,0.01
UPI,FRAUD_SUSPECTED,28615,2,0,0.42,4,0,1,0.01
UPI,ACCOUNT_BLOCKED,1283,1,0,0.32,7,1,1,0.06551089852350889
UPI,EXPIRED_CARD,11351,2,1,0.15,15,0,0,0.051954238384954644
NETBANKING,FRAUD_SUSPECTED,47359,3,0,0.04,15,0,0,0.028884730534119572
NETBANKING,EXPIRED_CARD,15852,1,1,0.5,2,1,1,0.01
UPI,BANK_TIMEOUT,23131,1,0,0.07,11,0,0,0.7973840505658253
UPI,NETWORK_ERROR,20742,2,3,0.05,1,1,0,0.639700427216992
CARD,BANK_TIMEOUT,37423,2,1,0.03,14,0,1,0.7463648436024115
NETBANKING,BANK_TIMEOUT,401,4,2,0.45,20,0,1,0.6011774378354672
CARD,CARD_DECLINED,14976,2,4,0.27,13,0,1,0.13746137765907127
NETBANKING,CARD_DECLINED,18386,4,0,0.21,23,0,0,0.17674042105237758
UPI,CARD_DECLINED,35385,1,1,0.45,23,0,0,0.1707816928120629
UPI,GATEWAY_TIMEOUT,23155,4,1,0.35,2,1,1,0.5463335752269776
NETBANKING,FRAUD_SUSPECTED,28794,3,4,0.38,7,1,0,0.01
UPI,INVALID_CARD,17991,4,0,0.38,14,0,0,0.05897264370154425
CARD,CARD_DECLINED,35616,2,4,0.16,5,1,0,0.04226250800575118
NETBANKING,CARD_DECLINED,26700,2,4,0.03,10,0,1,0.17863044038737824
CARD,BANK_TIMEOUT,25886,3,3,0.31,11,0,1,0.6450920932867125
UPI,INSUFFICIENT_FUNDS,37099,2,5,0.41,19,0,1,0.11923133424346127
CARD,NETWORK_ERROR,2885,4,5,0.35,23,0,0,0.5039483215164923
UPI,NETWORK_ERROR,6661,4,4,0.47,3,0,0,0.46585339609193904
CARD,EXPIRED_CARD,44794,4,0,0.35,5,0,0,0.01
NETBANKING,FRAUD_SUSPECTED,15422,3,2,0.35,2,0,0,0.04929688117108718
NETBANKING,GATEWAY_TIMEOUT,12043,4,2,0.39,18,1,0,0.47205756756507494
CARD,BANK_TIMEOUT,5273,3,0,0.18,23,0,1,0.7786612412020175
NETBANKING,ACCOUNT_BLOCKED,17115,4,5,0.45,10,0,1,0.01
CARD,NETWORK_ERROR,29128,2,1,0.24,17,0,1,0.7368296989971127
NETBANKING,FRAUD_SUSPECTED,42299,1,1,0.34,2,0,0,0.05825671716978432
CARD,ACCOUNT_BLOCKED,14270,3,5,0.02,22,0,0,0.01
UPI,BANK_TIMEOUT,14158,4,0,0.26,22,1,0,0.5512008651068516
CARD,ACCOUNT_BLOCKED,6246,2,5,0.18,19,0,1,0.01
UPI,FRAUD_SUSPECTED,45059,3,1,0.03,12,0,0,0.01
CARD,ACCOUNT_BLOCKED,37954,1,5,0.02,18,1,0,0.01
CARD,EXPIRED_CARD,31393,3,0,0.39,7,1,1,0.029438819348974583
UPI,INSUFFICIENT_FUNDS,43498,2,4,0.43,9,1,0,0.01
CARD,EXPIRED_CARD,30146,4,1,0.17,0,0,0,0.023288310429408286
UPI,NETWORK_ERROR,32424,2,3,0.16,4,1,0,0.5625869062734901
CARD,INVALID_ACCOUNT,16796,2,4,0.04,5,0,0,0.03892768250504312
CARD,FRAUD_SUSPECTED,6342,1,0,0.37,1,0,1,0.09689302617070593
UPI,FRAUD_SUSPECTED,16109,1,5,0.38,17,1,1,0.01
UPI,NETWORK_ERROR,5892,4,3,0.23,4,0,1,0.626638471363737
CARD,EXPIRED_CARD,21994,4,2,0.43,5,0,0,0.0193419087953468
NETBANKING,INVALID_CARD,20526,2,3,0.03,7,1,0,0.0397339506510432
NETBANKING,GATEWAY_TIMEOUT,30087,3,2,0.27,2,1,1,0.6513303364093358
UPI,ACCOUNT_BLOCKED,8362,1,3,0.07,11,0,0,0.031369425767611224
NETBANKING,BANK_TIMEOUT,11957,2,3,0.35,5,0,0,0.5817525165919748
NETBANKING,NETWORK_ERROR,34326,4,5,0.01,11,0,1,0.47964160076737594
UPI,INVALID_ACCOUNT,28708,2,4,0.19,17,0,1,0.016897505186218513
CARD,EXPIRED_CARD,11075,1,3,0.28,1,0,1,0.07371678515995533
CARD,INVALID_ACCOUNT,45933,2,0,0.28,12,0,1,0.08192146862475444
NETBANKING,CARD_DECLINED,21838,3,0,0.33,16,0,0,0.1592382476583069
CARD,GATEWAY_TIMEOUT,179,1,1,0.28,19,1,0,0.7245272057403782
UPI,GATEWAY_TIMEOUT,43516,2,0,0.13,8,1,1,0.7757402985086748
NETBANKING,INSUFFICIENT_FUNDS,48016,2,5,0.43,23,0,0,0.01914601812805091
CARD,ACCOUNT_BLOCKED,39581,2,5,0.02,4,0,0,0.01
UPI,BANK_TIMEOUT,18253,2,1,0.43,4,1,1,0.6829175256270814
UPI,NETWORK_ERROR,16071,3,5,0.11,4,0,1,0.5725465147244453
UPI,INVALID_CARD,16711,4,1,0.01,1,1,0,0.05349027263237297
CARD,EXPIRED_CARD,30220,3,3,0.45,3,0,0,0.03679051389622514
NETBANKING,BANK_TIMEOUT,42813,2,4,0.05,21,0,1,0.6248537972406448
NETBANKING,BANK_TIMEOUT,10528,2,0,0.47,0,1,0,0.7072146858314878
NETBANKING,INVALID_ACCOUNT,18181,1,4,0.2,5,0,0,0.04014584397422847
UPI,NETWORK_ERROR,27611,4,0,0.26,11,1,1,0.6608839003452945
CARD,INVALID_CARD,30279,1,3,0.12,12,0,0,0.01703279414187743
CARD,FRAUD_SUSPECTED,23802,1,2,0.29,8,1,0,0.01
CARD,INVALID_CARD,12967,3,4,0.39,22,0,1,0.01
CARD,ACCOUNT_BLOCKED,24802,2,3,0.1,5,1,0,0.01
UPI,NETWORK_ERROR,19467,2,2,0.12,13,0,1,0.7720838341821328
NETBANKING,FRAUD_SUSPECTED,17568,2,0,0.34,16,0,1,0.06091435437375954
NETBANKING,ACCOUNT_BLOCKED,6528,4,1,0.32,23,1,0,0.02580150023161256
NETBANKING,INVALID_CARD,17379,2,1,0.28,7,0,1,0.08672347010741613
UPI,FRAUD_SUSPECTED,43793,1,2,0.27,7,0,1,0.05492351949386811
UPI,INSUFFICIENT_FUNDS,5182,1,5,0.42,21,1,1,0.08079894201000185
NETBANKING,CARD_DECLINED,24334,4,5,0.2,22,1,1,0.01
CARD,INVALID_CARD,38558,3,5,0.39,20,1,0,0.01
UPI,INVALID_CARD,24395,4,2,0.2,23,1,0,0.01
CARD,GATEWAY_TIMEOUT,5282,2,2,0.15,0,0,1,0.7675293034603982
NETBANKING,CARD_DECLINED,33395,1,2,0.1,12,0,1,0.27865273798998547
CARD,ACCOUNT_BLOCKED,25088,4,2,0.42,5,0,0,0.01
CARD,GATEWAY_TIMEOUT,15802,3,5,0.3,3,1,0,0.47848059633563444
CARD,BANK_TIMEOUT,43858,3,5,0.28,6,0,0,0.5360958637114287
UPI,CARD_DECLINED,20857,3,1,0.36,1,1,1,0.09600107176436887
CARD,INSUFFICIENT_FUNDS,6932,1,0,0.27,21,0,1,0.36701466811510186
CARD,GATEWAY_TIMEOUT,9411,1,0,0.19,17,1,0,0.792615024158755
NETBANKING,CARD_DECLINED,20962,2,1,0.19,21,1,0,0.13429455710141372
NETBANKING,EXPIRED_CARD,17123,3,5,0.33,21,1,0,0.01
UPI,GATEWAY_TIMEOUT,42574,1,5,0.27,10,0,0,0.6334937292968553
CARD,EXPIRED_CARD,8754,4,3,0.34,13,0,0,0.01
UPI,CARD_DECLINED,4159,1,5,0.35,4,1,0,0.03745866099564102
CARD,FRAUD_SUSPECTED,42637,1,0,0.02,4,1,0,0.03294882247449723
UPI,CARD_DECLINED,12309,3,3,0.33,6,0,1,0.07964697566942522
CARD,INSUFFICIENT_FUNDS,37695,1,1,0.38,16,0,1,0.30134545991158357
UPI,INSUFFICIENT_FUNDS,8070,2,3,0.31,11,0,1,0.14660102577990608
NETBANKING,BANK_TIMEOUT,39482,2,4,0.37,15,0,1,0.5757820519500497
CARD,ACCOUNT_BLOCKED,23184,2,1,0.08,4,1,0,0.029931051593980636
UPI,INVALID_ACCOUNT,39643,2,0,0.15,15,0,1,0.027550184375943747
UPI,INVALID_CARD,28072,1,4,0.18,1,1,1,0.01
UPI,INVALID_ACCOUNT,30188,1,4,0.1,19,1,0,0.03644912414674937
UPI,INSUFFICIENT_FUNDS,25077,1,0,0.02,3,0,1,0.27797766804264534
NETBANKING,INVALID_ACCOUNT,14666,2,5,0.05,15,1,1,0.01341323678160406
CARD,INVALID_CARD,31457,2,2,0.23,8,0,0,0.01
UPI,GATEWAY_TIMEOUT,9382,2,5,0.26,20,0,1,0.5993756307044166
UPI,FRAUD_SUSPECTED,36814,2,5,0.41,21,0,0,0.0334252474891799
CARD,INVALID_CARD,3846,4,1,0.41,19,1,0,0.01
UPI,INVALID_CARD,15975,4,1,0.04,20,0,0,0.01
NETBANKING,EXPIRED_CARD,18173,1,1,0.01,21,1,0,0.07467718532598801
CARD,NETWORK_ERROR,42908,3,1,0.02,21,0,0,0.6654768355379751
UPI,INVALID_CARD,43425,1,4,0.39,21,1,0,0.017091057172545734
NETBANKING,EXPIRED_CARD,43147,3,3,0.04,23,1,1,0.01
CARD,CARD_DECLINED,37368,1,1,0.47,21,0,1,0.20164779534050747
NETBANKING,CARD_DECLINED,4819,1,4,0.39,21,1,1,0.15382652085395093
UPI,ACCOUNT_BLOCKED,44043,1,4,0.36,18,0,1,0.01
CARD,FRAUD_SUSPECTED,12215,1,3,0.4,4,0,1,0.01
UPI,BANK_TIMEOUT,4760,4,0,0.08,21,0,0,0.6227480998883334
UPI,ACCOUNT_BLOCKED,16067,4,4,0.21,17,1,1,0.01
NETBANKING,EXPIRED_CARD,14230,1,1,0.22,15,0,0,0.07778898778702475
UPI,GATEWAY_TIMEOUT,28794,4,5,0.38,14,1,1,0.46687483422808096
CARD,FRAUD_SUSPECTED,15647,2,5,0.35,22,1,0,0.01
UPI,INVALID_CARD,21649,3,1,0.03,16,1,0,0.01
UPI,BANK_TIMEOUT,10490,1,4,0.04,0,1,1,0.7267554218010127
CARD,CARD_DECLINED,36999,4,2,0.25,22,0,0,0.01
NETBANKING,EXPIRED_CARD,26028,3,2,0.28,13,1,1,0.01
CARD,ACCOUNT_BLOCKED,29600,3,0,0.22,6,1,1,0.01
UPI,CARD_DECLINED,21767,1,0,0.21,11,1,0,0.21602597722350048
UPI,ACCOUNT_BLOCKED,48538,4,2,0.29,19,0,1,0.01
UPI,ACCOUNT_BLOCKED,42703,3,1,0.29,12,0,1,0.01
NETBANKING,FRAUD_SUSPECTED,38999,4,5,0.01,11,1,0,0.01
UPI,EXPIRED_CARD,27200,2,3,0.16,2,1,1,0.0516165139708819
NETBANKING,INVALID_ACCOUNT,37450,3,4,0.2,9,1,1,0.01
CARD,CARD_DECLINED,19246,2,2,0.36,2,1,0,0.1135521928141903
NETBANKING,ACCOUNT_BLOCKED,16129,2,5,0.47,8,1,1,0.01
NETBANKING,CARD_DECLINED,26964,3,0,0.27,21,0,0,0.11545287749748245
NETBANKING,FRAUD_SUSPECTED,32901,4,1,0.31,15,0,1,0.01
UPI,NETWORK_ERROR,622,4,1,0.04,5,0,1,0.6921683717693029
CARD,FRAUD_SUSPECTED,19849,3,1,0.15,22,1,1,0.01
NETBANKING,GATEWAY_TIMEOUT,8335,1,1,0.01,9,1,1,0.8238256567898293
CARD,NETWORK_ERROR,9824,2,4,0.04,0,0,1,0.6366636085632149
UPI,INSUFFICIENT_FUNDS,48192,4,2,0.43,11,1,0,0.01
CARD,EXPIRED_CARD,251,4,0,0.46,19,0,0,0.01
CARD,INVALID_ACCOUNT,19652,2,2,0.35,12,1,0,0.01
UPI,INVALID_ACCOUNT,36192,3,0,0.44,9,0,0,0.04288135707929409
UPI,GATEWAY_TIMEOUT,2294,2,1,0.16,9,0,1,0.7446577469467464
NETBANKING,NETWORK_ERROR,1326,3,1,0.34,22,1,1,0.6841430950921434
NETBANKING,BANK_TIMEOUT,2241,3,5,0.36,4,1,1,0.5593263239432623
UPI,GATEWAY_TIMEOUT,42948,1,5,0.33,15,1,1,0.563441129346055
CARD,INSUFFICIENT_FUNDS,2560,3,1,0.42,1,0,0,0.13165615173722744
CARD,BANK_TIMEOUT,10806,2,4,0.31,8,1,1,0.6028340455153391
CARD,FRAUD_SUSPECTED,47930,2,1,0.11,16,0,0,0.01
UPI,GATEWAY_TIMEOUT,21739,4,4,0.5,6,0,0,0.4229721822008242
UPI,INSUFFICIENT_FUNDS,16722,4,3,0.23,23,0,1,0.11533132107279764
CARD,BANK_TIMEOUT,28774,4,1,0.39,19,1,1,0.5459123460789359
NETBANKING,BANK_TIMEOUT,11474,3,5,0.19,1,0,0,0.5720235183170664
NETBANKING,ACCOUNT_BLOCKED,36546,3,3,0.09,0,0,1,0.03167388716183587
UPI,BANK_TIMEOUT,8426,3,3,0.04,18,0,0,0.6014218884689356
UPI,GATEWAY_TIMEOUT,43479,2,2,0.04,11,0,1,0.7374324206699983
NETBANKING,INVALID_CARD,17070,4,5,0.39,3,1,1,0.01
CARD,INVALID_CARD,7038,2,2,0.03,11,0,1,0.01
NETBANKING,EXPIRED_CARD,41317,2,2,0.26,2,0,0,0.01
UPI,ACCOUNT_BLOCKED,45194,3,3,0.2,17,1,1,0.05148580991263183
NETBANKING,GATEWAY_TIMEOUT,16313,4,1,0.32,14,0,0,0.5479729680493405
UPI,NETWORK_ERROR,3189,1,4,0.23,16,0,0,0.6766889075239417
NETBANKING,INVALID_ACCOUNT,27358,1,5,0.46,2,1,0,0.04629538627295134
CARD,CARD_DECLINED,45554,1,5,0.47,19,0,1,0.08335690053385265
NETBANKING,ACCOUNT_BLOCKED,16603,3,1,0.3,23,0,1,0.01
UPI,GATEWAY_TIMEOUT,32358,4,5,0.13,7,1,0,0.393354977355498
CARD,CARD_DECLINED,9907,2,0,0.19,12,1,1,0.26011026066472387
NETBANKING,INVALID_CARD,12706,2,5,0.37,22,0,0,0.057616197384816985
CARD,CARD_DECLINED,29120,1,2,0.26,16,1,1,0.15517435699027932
CARD,BANK_TIMEOUT,10992,1,2,0.31,12,1,0,0.6902077435598437
CARD,INSUFFICIENT_FUNDS,44787,4,3,0.14,22,0,1,0.05871386834581257
NETBANKING,INSUFFICIENT_FUNDS,10583,3,3,0.12,5,1,1,0.11541653004207221
UPI,GATEWAY_TIMEOUT,23607,2,0,0.21,12,1,0,0.6331759885918506
NETBANKING,GATEWAY_TIMEOUT,1920,3,4,0.37,5,0,1,0.5547025614316284
CARD,INVALID_CARD,14410,1,1,0.3,10,1,0,0.01
CARD,GATEWAY_TIMEOUT,42420,4,1,0.42,23,1,0,0.4722745399709525
CARD,NETWORK_ERROR,22069,3,4,0.26,20,1,0,0.4634531755184849
NETBANKING,NETWORK_ERROR,14716,1,0,0.14,17,0,0,0.7424232340596035
NETBANKING,NETWORK_ERROR,11685,2,0,0.48,5,0,1,0.7769183284462039
NETBANKING,NETWORK_ERROR,46711,3,4,0.09,13,1,1,0.6101433943818982
CARD,BANK_TIMEOUT,6914,1,4,0.17,17,0,1,0.6939303887105152
CARD,GATEWAY_TIMEOUT,44252,1,0,0.4,5,1,1,0.7638280946943293
CARD,INSUFFICIENT_FUNDS,20657,3,5,0.48,20,1,1,0.05457315792904518
CARD,CARD_DECLINED,48947,1,4,0.22,4,0,1,0.193850400313953
UPI,ACCOUNT_BLOCKED,9334,4,1,0.1,6,0,0,0.01
UPI,BANK_TIMEOUT,18733,2,4,0.13,6,0,1,0.6902738923174125
NETBANKING,ACCOUNT_BLOCKED,45976,1,0,0.24,19,1,0,0.048538235008978414
CARD,ACCOUNT_BLOCKED,40038,3,4,0.35,3,0,0,0.01
NETBANKING,BANK_TIMEOUT,3836,2,3,0.22,0,0,0,0.5942387958209088
CARD,INSUFFICIENT_FUNDS,49120,2,4,0.17,17,1,0,0.09029681752351014
UPI,FRAUD_SUSPECTED,41506,1,2,0.41,8,0,0,0.014983331046837847
UPI,FRAUD_SUSPECTED,36351,2,3,0.42,19,0,0,0.01
CARD,INVALID_ACCOUNT,45811,4,1,0.41,13,0,0,0.01
NETBANKING,INSUFFICIENT_FUNDS,32972,4,5,0.4,6,0,1,0.01
NETBANKING,NETWORK_ERROR,33238,3,5,0.07,20,1,0,0.47276493958747073
UPI,INSUFFICIENT_FUNDS,28546,3,0,0.01,2,0,0,0.1853824010683905
UPI,INSUFFICIENT_FUNDS,14885,2,0,0.34,16,0,1,0.3057711501917504
CARD,ACCOUNT_BLOCKED,47831,1,4,0.24,22,0,1,0.05526675857279676
CARD,EXPIRED_CARD,25373,1,5,0.03,20,1,0,0.01
NETBANKING,INVALID_ACCOUNT,6683,3,1,0.39,19,0,1,0.020669879946555697
CARD,NETWORK_ERROR,30288,1,2,0.49,13,0,1,0.6959943516110935
CARD,GATEWAY_TIMEOUT,48231,1,5,0.41,4,1,1,0.5858639451980078
CARD,INVALID_ACCOUNT,25296,2,4,0.44,18,0,0,0.01
UPI,CARD_DECLINED,40518,2,2,0.17,19,1,1,0.17582745796178423
UPI,EXPIRED_CARD,48476,3,1,0.29,19,0,1,0.01
CARD,GATEWAY_TIMEOUT,40558,4,3,0.3,9,0,1,0.5574094307562232
CARD,EXPIRED_CARD,1515,1,4,0.39,14,1,1,0.01
CARD,ACCOUNT_BLOCKED,37519,3,3,0.15,16,0,1,0.01
CARD,INSUFFICIENT_FUNDS,19038,4,4,0.47,10,0,1,0.056307613716665594
NETBANKING,INVALID_ACCOUNT,7100,4,2,0.39,17,0,1,0.01
UPI,ACCOUNT_BLOCKED,11022,4,0,0.17,5,0,0,0.01
UPI,EXPIRED_CARD,2661,4,3,0.15,19,0,0,0.04398672829893544
UPI,CARD_DECLINED,35138,3,2,0.26,7,0,0,0.12149340300688548
UPI,FRAUD_SUSPECTED,31718,3,5,0.41,17,0,1,0.01
NETBANKING,NETWORK_ERROR,36363,3,3,0.49,7,0,0,0.5735454340578104
CARD,FRAUD_SUSPECTED,933,1,0,0.11,21,1,1,0.08497722908766953
CARD,NETWORK_ERROR,38908,3,5,0.11,11,1,1,0.4887091403290318
CARD,ACCOUNT_BLOCKED,12655,4,4,0.34,9,1,1,0.016948222258527802
NETBANKING,EXPIRED_CARD,47352,1,5,0.07,15,0,1,0.04781868714298237
UPI,BANK_TIMEOUT,7505,2,3,0.19,22,0,0,0.6140926195318873
CARD,CARD_DECLINED,16619,2,4,0.3,1,1,1,0.09742587452029075
CARD,INVALID_CARD,36710,4,2,0.09,1,1,0,0.038739743514447485
UPI,NETWORK_ERROR,21307,3,4,0.3,15,0,1,0.6132438898276317
UPI,GATEWAY_TIMEOUT,11948,1,4,0.01,7,0,1,0.7229576825448336
UPI,CARD_DECLINED,32796,3,3,0.45,9,1,1,0.04223654195464231
UPI,ACCOUNT_BLOCKED,28744,3,1,0.06,7,0,1,0.01
UPI,GATEWAY_TIMEOUT,18939,3,5,0.18,3,0,0,0.4823324305571782
UPI,INVALID_CARD,8470,2,0,0.47,2,1,0,0.05231357110947441
NETBANKING,GATEWAY_TIMEOUT,41604,4,3,0.09,8,0,1,0.5765685053177066
NETBANKING,FRAUD_SUSPECTED,36416,3,1,0.1,21,1,0,0.02812678489215533
CARD,GATEWAY_TIMEOUT,46814,3,0,0.21,16,1,1,0.6558243393413334
UPI,EXPIRED_CARD,4462,1,2,0.46,16,0,1,0.02485138246363875
UPI,CARD_DECLINED,29475,4,2,0.14,7,1,0,0.01
UPI,CARD_DECLINED,28828,3,0,0.42,14,0,1,0.18605809594711675
NETBANKING,ACCOUNT_BLOCKED,30211,2,2,0.15,19,0,0,0.01
CARD,INVALID_ACCOUNT,35116,1,1,0.11,16,0,1,0.037314588571970876
UPI,INSUFFICIENT_FUNDS,15805,2,3,0.47,16,1,0,0.11420850616217304
NETBANKING,NETWORK_ERROR,23209,2,3,0.28,6,0,1,0.6847209923825055
CARD,GATEWAY_TIMEOUT,20807,1,2,0.1,14,1,1,0.702671473049918
NETBANKING,INSUFFICIENT_FUNDS,21558,2,3,0.41,16,0,0,0.0901884060237743
UPI,FRAUD_SUSPECTED,27943,4,1,0.15,12,1,0,0.03352206668197424
CARD,INVALID_CARD,10755,4,4,0.47,9,0,0,0.041363263276259436
UPI,ACCOUNT_BLOCKED,39723,3,3,0.32,13,1,1,0.01
NETBANKING,ACCOUNT_BLOCKED,38493,1,5,0.03,1,1,1,0.01
UPI,INVALID_ACCOUNT,15432,3,1,0.06,2,1,1,0.05046021050772804
UPI,CARD_DECLINED,25650,3,5,0.47,16,1,1,0.018283892550104965
CARD,GATEWAY_TIMEOUT,36868,3,3,0.17,22,1,0,0.5775447858559435
NETBANKING,NETWORK_ERROR,38919,1,1,0.08,14,1,0,0.7340001685154877
CARD,INVALID_ACCOUNT,35518,2,5,0.31,14,0,1,0.01
CARD,ACCOUNT_BLOCKED,34776,3,2,0.46,3,1,0,0.01
UPI,INVALID_ACCOUNT,25738,1,0,0.1,6,0,0,0.06281631164459697
CARD,INVALID_CARD,35251,1,0,0.29,19,1,0,0.01
CARD,ACCOUNT_BLOCKED,844,1,5,0.4,21,0,0,0.01
NETBANKING,BANK_TIMEOUT,24374,3,1,0.28,13,1,0,0.5541011160486286
CARD,NETWORK_ERROR,41256,3,5,0.26,0,1,0,0.49088022020171174
NETBANKING,FRAUD_SUSPECTED,12889,2,5,0.2,23,0,0,0.01756732690418595
NETBANKING,NETWORK_ERROR,783,2,4,0.07,18,1,1,0.6064401110159743
CARD,FRAUD_SUSPECTED,8047,2,5,0.22,18,0,1,0.04263517807052395
UPI,INVALID_ACCOUNT,47101,1,0,0.15,1,0,1,0.07621774160462146
CARD,INSUFFICIENT_FUNDS,26344,1,2,0.47,16,1,0,0.12091146483833046
CARD,GATEWAY_TIMEOUT,28927,1,1,0.35,16,1,0,0.645898579324208
UPI,ACCOUNT_BLOCKED,4055,1,5,0.17,10,1,0,0.01
CARD,EXPIRED_CARD,43724,2,0,0.33,12,1,0,0.01847831702779487
NETBANKING,GATEWAY_TIMEOUT,23500,3,0,0.06,9,0,1,0.7596518796673736
NETBANKING,BANK_TIMEOUT,43355,2,4,0.46,15,1,0,0.5196935733766652
UPI,INVALID_ACCOUNT,39061,4,5,0.2,0,1,0,0.01
NETBANKING,NETWORK_ERROR,24853,3,2,0.04,22,1,0,0.5294961923161904
UPI,ACCOUNT_BLOCKED,45750,4,2,0.32,6,1,1,0.01
CARD,BANK_TIMEOUT,24564,1,0,0.1,17,0,0,0.7590414954573879
UPI,BANK_TIMEOUT,17405,2,3,0.22,13,0,0,0.6143297122968435
CARD,CARD_DECLINED,29806,1,4,0.38,7,1,0,0.12465650065363028
NETBANKING,INVALID_CARD,37791,1,3,0.25,8,0,0,0.01
NETBANKING,CARD_DECLINED,40317,4,2,0.44,11,0,0,0.04911581524568245
CARD,INVALID_ACCOUNT,49161,4,1,0.42,3,1,1,0.04882659837346225
UPI,INVALID_CARD,36328,1,0,0.38,8,0,0,0.012506687571936119
UPI,ACCOUNT_BLOCKED,33122,1,4,0.25,17,1,1,0.02518995743052132
CARD,INVALID_ACCOUNT,14678,2,1,0.21,15,1,0,0.04294000942339666
UPI,INSUFFICIENT_FUNDS,47119,1,4,0.02,3,1,0,0.11926510845564652
NETBANKING,INVALID_CARD,1619,2,4,0.07,4,1,1,0.03875243065272178
UPI,CARD_DECLINED,4544,2,1,0.45,19,0,1,0.22002102469043822
UPI,BANK_TIMEOUT,17698,3,0,0.02,22,1,1,0.6779704783894317
UPI,GATEWAY_TIMEOUT,17842,3,1,0.42,20,0,0,0.6401384154876479
NETBANKING,ACCOUNT_BLOCKED,20387,1,5,0.46,4,1,1,0.01
NETBANKING,INVALID_ACCOUNT,31207,2,5,0.2,8,1,0,0.01
CARD,NETWORK_ERROR,32606,3,1,0.1,0,1,0,0.567239134325993
UPI,NETWORK_ERROR,35068,1,0,0.1,12,1,0,0.7487542269985992
UPI,BANK_TIMEOUT,31222,1,1,0.28,14,0,0,0.755425011582648
UPI,BANK_TIMEOUT,2183,3,1,0.2,13,0,0,0.6571241239908271
UPI,INVALID_CARD,35732,1,0,0.18,15,1,0,0.01
CARD,INSUFFICIENT_FUNDS,9049,3,4,0.48,0,1,0,0.021533593730240413
UPI,INSUFFICIENT_FUNDS,49424,1,5,0.23,5,0,0,0.06741938568691601
CARD,ACCOUNT_BLOCKED,2803,4,0,0.33,15,0,0,0.01
CARD,FRAUD_SUSPECTED,46626,3,5,0.21,3,1,0,0.01694794220267524
NETBANKING,NETWORK_ERROR,31161,1,3,0.14,7,1,0,0.6843250386851808
UPI,INSUFFICIENT_FUNDS,49879,3,2,0.43,4,0,1,0.08142246891024926
NETBANKING,INVALID_CARD,1109,2,2,0.1,18,1,0,0.01
NETBANKING,BANK_TIMEOUT,38329,3,2,0.37,14,1,0,0.5305827622540473
UPI,INSUFFICIENT_FUNDS,44297,2,3,0.32,11,1,0,0.04046493020873459
UPI,EXPIRED_CARD,26902,1,5,0.24,9,0,0,0.01
CARD,FRAUD_SUSPECTED,38395,3,0,0.2,4,0,0,0.017497246315639342
UPI,FRAUD_SUSPECTED,35294,1,1,0.4,17,1,1,0.0332506831039863
NETBANKING,INVALID_CARD,16831,4,4,0.22,16,1,0,0.01
CARD,BANK_TIMEOUT,733,3,2,0.23,0,0,1,0.6990864376853028
NETBANKING,NETWORK_ERROR,37098,1,4,0.03,9,0,0,0.6407183218455133
UPI,BANK_TIMEOUT,26554,2,3,0.31,23,0,0,0.6275423050269747
UPI,CARD_DECLINED,35511,3,4,0.22,14,0,0,0.01
NETBANKING,INVALID_ACCOUNT,26984,3,2,0.22,4,0,0,0.01
UPI,INSUFFICIENT_FUNDS,48824,4,5,0.47,4,0,1,0.050266237652937674
UPI,INSUFFICIENT_FUNDS,49996,2,0,0.04,0,1,0,0.21532794413841577
NETBANKING,INVALID_CARD,29816,2,4,0.06,0,0,0,0.01
UPI,INVALID_CARD,273,1,4,0.48,2,1,0,0.04203999790183973
UPI,EXPIRED_CARD,13308,4,5,0.42,21,1,0,0.01
NETBANKING,FRAUD_SUSPECTED,19774,1,4,0.22,8,1,0,0.01
UPI,ACCOUNT_BLOCKED,38732,3,5,0.12,13,0,0,0.03230125206338811
UPI,EXPIRED_CARD,5505,1,4,0.44,10,0,1,0.029430288120461924
CARD,INVALID_ACCOUNT,9374,3,1,0.49,6,1,0,0.01
UPI,FRAUD_SUSPECTED,15774,3,3,0.21,14,1,1,0.05434496430661837
NETBANKING,ACCOUNT_BLOCKED,16509,3,4,0.45,8,1,1,0.01
NETBANKING,BANK_TIMEOUT,6358,1,4,0.08,20,0,0,0.6926339968517357
NETBANKING,NETWORK_ERROR,45235,2,1,0.33,16,1,1,0.7238145981439416
UPI,INVALID_CARD,9323,1,4,0.18,2,1,1,0.028882717434139303
UPI,EXPIRED_CARD,15002,3,5,0.49,13,1,0,0.05510349700641045
UPI,FRAUD_SUSPECTED,29881,1,0,0.15,5,0,0,0.015166046843841296
CARD,NETWORK_ERROR,36076,1,5,0.22,2,0,1,0.6325951568815565
UPI,CARD_DECLINED,43718,4,0,0.44,1,1,0,0.01790632675244013
CARD,INVALID_CARD,26864,1,0,0.05,17,0,0,0.06082812345524573
UPI,NETWORK_ERROR,47509,2,1,0.49,4,1,0,0.5960847483348631
UPI,BANK_TIMEOUT,43017,3,4,0.36,0,1,1,0.5275226200159119
CARD,INSUFFICIENT_FUNDS,47974,3,2,0.2,1,1,0,0.09938336532140266
CARD,INVALID_CARD,14436,3,3,0.41,0,0,0,0.01
UPI,FRAUD_SUSPECTED,32816,2,5,0.16,4,1,0,0.01
CARD,NETWORK_ERROR,32289,4,4,0.09,10,0,0,0.5236050158283467
NETBANKING,GATEWAY_TIMEOUT,25936,4,0,0.26,13,1,1,0.6571882312139794
CARD,GATEWAY_TIMEOUT,8621,3,0,0.48,19,1,1,0.7072301236583126
CARD,INVALID_ACCOUNT,17766,3,3,0.24,2,0,0,0.02391119450903944
CARD,BANK_TIMEOUT,2492,4,0,0.41,9,1,1,0.6763554314267445
UPI,INSUFFICIENT_FUNDS,20626,3,1,0.16,9,1,1,0.14876837542083882
UPI,GATEWAY_TIMEOUT,5793,3,5,0.22,8,1,0,0.4836917204385831
NETBANKING,GATEWAY_TIMEOUT,1226,4,5,0.35,9,0,0,0.42510753487838854
NETBANKING,ACCOUNT_BLOCKED,32413,2,4,0.28,16,0,1,0.01
NETBANKING,INVALID_CARD,15402,3,1,0.18,18,1,0,0.03240156536159879
NETBANKING,INVALID_ACCOUNT,18268,4,4,0.02,12,1,1,0.04661713434318563
UPI,FRAUD_SUSPECTED,6544,1,0,0.1,5,1,1,0.02960733209290468
NETBANKING,CARD_DECLINED,5491,2,1,0.43,3,1,0,0.1280955357635772
NETBANKING,INVALID_ACCOUNT,27879,1,1,0.25,3,1,0,0.058745428814332305
UPI,GATEWAY_TIMEOUT,4194,2,0,0.3,17,0,0,0.6789465445336608
CARD,BANK_TIMEOUT,965,2,2,0.46,15,0,0,0.6046937823818715
NETBANKING,EXPIRED_CARD,49090,1,4,0.41,20,1,0,0.03806742843182013
UPI,INVALID_CARD,10296,3,5,0.36,1,1,0,0.018183441793929174
CARD,EXPIRED_CARD,34433,3,2,0.46,20,0,0,0.01
CARD,FRAUD_SUSPECTED,14744,3,4,0.09,3,0,1,0.0522623978305368
NETBANKING,INVALID_ACCOUNT,44402,4,4,0.37,15,0,1,0.019874430120328662
UPI,INSUFFICIENT_FUNDS,30767,1,3,0.06,0,0,1,0.27159479599802905
UPI,GATEWAY_TIMEOUT,13390,4,2,0.25,3,0,1,0.5988848001044252
UPI,BANK_TIMEOUT,29421,4,4,0.43,0,0,1,0.5117029882780644
NETBANKING,INVALID_ACCOUNT,24108,3,3,0.43,16,0,0,0.01
CARD,CARD_DECLINED,12824,2,1,0.44,5,0,0,0.16507030715426818
UPI,INVALID_CARD,39583,4,4,0.18,14,1,1,0.026638179475188116
UPI,INVALID_CARD,29098,3,0,0.22,22,0,0,0.017806418724137886
CARD,GATEWAY_TIMEOUT,5961,3,0,0.37,13,1,0,0.6218395190780607
UPI,EXPIRED_CARD,732,2,1,0.19,20,1,0,0.01
UPI,NETWORK_ERROR,40732,2,4,0.08,17,1,0,0.5340390647825487
UPI,CARD_DECLINED,7121,4,4,0.41,2,0,1,0.07481516536223373
UPI,GATEWAY_TIMEOUT,6714,3,0,0.19,23,1,1,0.7208285887321842
CARD,INSUFFICIENT_FUNDS,15244,3,1,0.16,2,0,0,0.13658516342720092
UPI,CARD_DECLINED,32780,4,2,0.39,4,1,1,0.07655227291521143
UPI,FRAUD_SUSPECTED,31063,2,4,0.18,23,0,0,0.014600865967890923
UPI,EXPIRED_CARD,32388,3,0,0.08,18,1,1,0.010668965353416186
CARD,FRAUD_SUSPECTED,17112,2,3,0.43,20,0,1,0.01
NETBANKING,INVALID_CARD,1336,2,2,0.4,13,1,1,0.01
CARD,EXPIRED_CARD,9363,1,2,0.04,3,0,1,0.056357420341034345
NETBANKING,EXPIRED_CARD,8128,3,3,0.4,20,1,0,0.01
NETBANKING,BANK_TIMEOUT,14289,1,3,0.17,7,0,0,0.7318667273836588
CARD,NETWORK_ERROR,19873,3,5,0.23,5,1,0,0.4631997650285233
UPI,FRAUD_SUSPECTED,17110,4,5,0.27,4,1,0,0.015500053253914714
CARD,BANK_TIMEOUT,29505,4,3,0.13,0,1,1,0.5553192642084319
UPI,EXPIRED_CARD,4530,2,2,0.11,17,1,1,0.01
UPI,FRAUD_SUSPECTED,39666,2,1,0.45,13,1,0,0.01
NETBANKING,BANK_TIMEOUT,17352,4,4,0.34,5,0,1,0.5740172097463283
UPI,CARD_DECLINED,494,3,0,0.35,19,0,1,0.18500147966869954
CARD,NETWORK_ERROR,21554,4,3,0.48,0,1,0,0.47018114642518577
NETBANKING,FRAUD_SUSPECTED,27067,4,0,0.37,16,1,1,0.031067994340509865
CARD,CARD_DECLINED,10506,4,0,0.3,0,0,1,0.13471625778457386
UPI,EXPIRED_CARD,13866,4,5,0.42,14,0,0,0.01
UPI,GATEWAY_TIMEOUT,42270,2,3,0.06,2,1,1,0.6591248826734776
CARD,INVALID_CARD,39863,1,3,0.06,5,0,1,0.01
NETBANKING,FRAUD_SUSPECTED,7572,3,2,0.42,12,0,0,0.01
UPI,INVALID_CARD,38018,1,1,0.3,5,0,0,0.04984887687875543
NETBANKING,INVALID_CARD,37366,1,0,0.5,8,0,1,0.04686376236040568
UPI,BANK_TIMEOUT,27776,1,0,0.23,0,0,0,0.7370062113432966
UPI,EXPIRED_CARD,2678,3,5,0.02,1,1,0,0.01
CARD,EXPIRED_CARD,12128,3,2,0.19,7,0,1,0.01
CARD,EXPIRED_CARD,28492,2,4,0.01,7,0,1,0.03562320823194686
CARD,CARD_DECLINED,4088,2,2,0.31,19,1,0,0.14888808185132082
UPI,ACCOUNT_BLOCKED,14836,2,3,0.35,15,0,0,0.01
NETBANKING,NETWORK_ERROR,25502,2,2,0.33,9,1,0,0.559543864421878
CARD,INVALID_CARD,29759,4,5,0.17,5,1,0,0.015296476665527572
CARD,FRAUD_SUSPECTED,13561,4,2,0.32,20,1,0,0.01
UPI,INVALID_ACCOUNT,35891,4,2,0.41,13,1,1,0.03535373524783795
UPI,GATEWAY_TIMEOUT,3022,1,5,0.36,3,0,0,0.5805903949634513
UPI,FRAUD_SUSPECTED,19714,2,4,0.03,8,0,0,0.01
UPI,FRAUD_SUSPECTED,12710,2,1,0.09,5,0,1,0.01
UPI,FRAUD_SUSPECTED,42827,3,2,0.43,1,0,0,0.0589310580027436
CARD,FRAUD_SUSPECTED,47149,1,1,0.43,18,1,0,0.022378163034946504
UPI,INSUFFICIENT_FUNDS,10730,3,1,0.2,5,1,0,0.07072424621272516
NETBANKING,BANK_TIMEOUT,22829,2,0,0.07,8,1,0,0.6491692298052488
NETBANKING,BANK_TIMEOUT,29219,3,4,0.2,19,0,0,0.4917904395927809
UPI,EXPIRED_CARD,26411,2,0,0.25,9,1,1,0.01
UPI,INVALID_CARD,12044,3,5,0.06,6,1,1,0.02221341191678023
UPI,ACCOUNT_BLOCKED,8779,2,3,0.23,22,0,0,0.01
UPI,INVALID_CARD,8495,4,2,0.24,4,1,1,0.01
UPI,BANK_TIMEOUT,40785,4,0,0.23,7,0,0,0.6041081896074798
UPI,INVALID_ACCOUNT,17701,3,1,0.14,6,0,0,0.01
NETBANKING,INSUFFICIENT_FUNDS,21849,3,0,0.17,8,0,0,0.11303675131640335
NETBANKING,NETWORK_ERROR,19728,2,5,0.42,16,1,1,0.6197325396770832
CARD,GATEWAY_TIMEOUT,17200,4,4,0.49,11,1,0,0.41633254233803446
UPI,INVALID_ACCOUNT,35833,2,5,0.41,20,1,0,0.019070076182732494
NETBANKING,BANK_TIMEOUT,19925,4,3,0.03,15,1,0,0.5731642415888382
UPI,GATEWAY_TIMEOUT,38694,4,2,0.06,19,0,0,0.5380293306613488
NETBANKING,INVALID_ACCOUNT,43715,3,3,0.14,16,1,1,0.0335240888053862
NETBANKING,INSUFFICIENT_FUNDS,48519,2,2,0.35,22,1,0,0.08545307918528922
UPI,BANK_TIMEOUT,48574,3,3,0.25,21,0,1,0.585514356437309
UPI,FRAUD_SUSPECTED,48407,3,0,0.4,12,0,0,0.01
CARD,BANK_TIMEOUT,49578,1,4,0.1,23,1,0,0.6356932958088242
CARD,EXPIRED_CARD,11378,4,1,0.3,8,0,0,0.01
UPI,GATEWAY_TIMEOUT,16201,3,0,0.15,18,0,0,0.7138061007957495
NETBANKING,INVALID_CARD,25948,2,5,0.23,4,1,1,0.01
CARD,BANK_TIMEOUT,38157,3,3,0.11,2,1,1,0.6037015907163458
UPI,INSUFFICIENT_FUNDS,40373,1,0,0.37,2,0,0,0.22007355392203892
UPI,INVALID_ACCOUNT,40679,2,1,0.09,14,0,0,0.05496377080074418
UPI,INVALID_CARD,479,1,3,0.48,16,0,1,0.010585353537705434
UPI,FRAUD_SUSPECTED,26312,3,3,0.06,21,1,0,0.01
CARD,GATEWAY_TIMEOUT,25719,3,1,0.36,22,1,0,0.5254725369009695
CARD,INSUFFICIENT_FUNDS,30445,2,1,0.14,2,1,1,0.21190347822503228
UPI,NETWORK_ERROR,13573,2,3,0.07,20,1,1,0.6942551296451341
CARD,CARD_DECLINED,9092,2,5,0.06,11,1,1,0.0756304203237542
NETBANKING,INSUFFICIENT_FUNDS,30231,2,3,0.24,12,1,1,0.1711021942646975
UPI,INVALID_CARD,45486,2,2,0.31,5,0,1,0.04799995066863811
UPI,EXPIRED_CARD,21582,3,0,0.26,14,0,0,0.04358934435712613
CARD,ACCOUNT_BLOCKED,40437,2,1,0.16,5,0,0,0.01
UPI,EXPIRED_CARD,20262,3,2,0.05,15,0,0,0.01
CARD,FRAUD_SUSPECTED,12969,4,4,0.14,18,0,0,0.01
CARD,INVALID_ACCOUNT,24330,2,3,0.42,4,1,0,0.01
CARD,GATEWAY_TIMEOUT,13066,4,5,0.36,2,0,0,0.4735620120606598
UPI,INVALID_ACCOUNT,22199,3,3,0.37,8,0,0,0.01
CARD,INSUFFICIENT_FUNDS,21155,1,0,0.29,7,1,0,0.18718502428528788
CARD,BANK_TIMEOUT,20070,4,5,0.32,23,0,1,0.46021289832563006
NETBANKING,INVALID_ACCOUNT,17265,3,1,0.23,12,1,0,0.014223220610947778
CARD,FRAUD_SUSPECTED,27339,3,3,0.43,4,1,0,0.01
UPI,FRAUD_SUSPECTED,43296,3,5,0.05,11,0,0,0.01
CARD,GATEWAY_TIMEOUT,37905,1,0,0.39,9,1,0,0.720750430773513
NETBANKING,INVALID_ACCOUNT,25335,1,2,0.49,11,1,1,0.01
UPI,INSUFFICIENT_FUNDS,46361,2,3,0.14,13,0,0,0.06870497753944843
CARD,EXPIRED_CARD,43738,2,0,0.41,15,0,0,0.01
UPI,INVALID_CARD,26990,4,4,0.32,2,0,1,0.010808524822475551
NETBANKING,INVALID_CARD,21667,2,4,0.38,21,0,1,0.01
UPI,ACCOUNT_BLOCKED,27278,2,2,0.34,5,1,1,0.01
CARD,FRAUD_SUSPECTED,1535,3,4,0.08,3,1,0,0.01
NETBANKING,INVALID_CARD,45985,1,4,0.43,21,1,0,0.01
UPI,GATEWAY_TIMEOUT,4110,1,3,0.38,18,0,1,0.6911657855685841
NETBANKING,ACCOUNT_BLOCKED,11720,1,5,0.5,17,0,1,0.01
UPI,INVALID_CARD,46134,3,1,0.39,7,1,0,0.01
UPI,INVALID_ACCOUNT,27814,3,4,0.14,12,1,0,0.01
NETBANKING,ACCOUNT_BLOCKED,35198,2,0,0.34,7,1,1,0.028708787850713048
NETBANKING,ACCOUNT_BLOCKED,45472,1,0,0.15,18,1,1,0.027678405488941002
CARD,ACCOUNT_BLOCKED,11872,1,4,0.18,17,1,0,0.01
CARD,ACCOUNT_BLOCKED,34866,2,2,0.12,16,1,0,0.041172306131052584
NETBANKING,GATEWAY_TIMEOUT,45564,1,3,0.37,3,1,1,0.6631997939199451
UPI,INVALID_CARD,41650,4,5,0.14,7,0,1,0.048302819166481374
NETBANKING,ACCOUNT_BLOCKED,49619,1,0,0.2,8,0,0,0.03285675719490103
UPI,EXPIRED_CARD,3139,1,3,0.04,19,0,1,0.06908107621844399
UPI,EXPIRED_CARD,3240,2,0,0.26,17,0,0,0.019426159470777228
CARD,GATEWAY_TIMEOUT,34748,2,4,0.47,17,0,1,0.6362923578464592
NETBANKING,FRAUD_SUSPECTED,49400,1,5,0.43,14,0,1,0.05514094707738377
UPI,EXPIRED_CARD,41475,3,0,0.05,17,0,1,0.0587059220614555
NETBANKING,NETWORK_ERROR,47235,4,0,0.09,15,1,1,0.5942431700941593
NETBANKING,BANK_TIMEOUT,34859,2,0,0.13,3,1,0,0.6905602628867402
UPI,INVALID_CARD,12854,3,2,0.14,10,1,0,0.024192502389164088
CARD,INVALID_ACCOUNT,44695,4,0,0.05,0,1,0,0.01
NETBANKING,FRAUD_SUSPECTED,14186,4,4,0.02,2,0,0,0.01
UPI,BANK_TIMEOUT,12069,3,4,0.23,22,0,0,0.568004486960711
NETBANKING,EXPIRED_CARD,150,2,2,0.13,10,0,1,0.01
CARD,INSUFFICIENT_FUNDS,45870,4,2,0.26,2,1,1,0.08188844625773307
CARD,BANK_TIMEOUT,16029,4,5,0.14,16,0,0,0.4712278172033118
NETBANKING,ACCOUNT_BLOCKED,29707,4,1,0.26,8,1,1,0.01
UPI,GATEWAY_TIMEOUT,15227,4,0,0.2,14,1,1,0.6585307173979954
UPI,FRAUD_SUSPECTED,38207,3,4,0.41,21,0,0,0.03484947148747571
CARD,GATEWAY_TIMEOUT,39738,4,1,0.09,13,0,0,0.5693831653125233
CARD,NETWORK_ERROR,29834,4,1,0.1,11,1,0,0.5587987705430486
NETBANKING,ACCOUNT_BLOCKED,48204,2,1,0.17,17,1,1,0.015597789224064252
CARD,EXPIRED_CARD,29652,2,2,0.46,13,0,1,0.01
CARD,INVALID_ACCOUNT,11415,1,4,0.47,8,0,0,0.01
NETBANKING,INVALID_ACCOUNT,48992,2,4,0.05,4,1,0,0.01
UPI,CARD_DECLINED,19596,1,5,0.49,22,1,1,0.0856794101894466
NETBANKING,NETWORK_ERROR,20085,2,0,0.44,23,0,0,0.6560518997894292
UPI,INSUFFICIENT_FUNDS,33954,4,2,0.08,20,1,0,0.01
NETBANKING,INVALID_ACCOUNT,28593,3,5,0.2,5,0,1,0.05085907117378453
CARD,ACCOUNT_BLOCKED,46592,2,0,0.26,7,1,0,0.01
CARD,INVALID_CARD,28156,1,4,0.47,17,1,0,0.0515373697412704
NETBANKING,INVALID_ACCOUNT,2325,3,3,0.27,0,0,1,0.02588817563987921
UPI,BANK_TIMEOUT,29497,4,3,0.06,16,1,1,0.5918170748653203
UPI,CARD_DECLINED,540,3,1,0.4,9,1,1,0.11205159776719001
UPI,FRAUD_SUSPECTED,14880,1,5,0.11,21,1,1,0.01
UPI,EXPIRED_CARD,32225,4,1,0.32,2,1,1,0.01
CARD,NETWORK_ERROR,49748,2,0,0.08,10,0,0,0.7135636410447055
UPI,INSUFFICIENT_FUNDS,30221,1,1,0.16,5,1,1,0.22150616732733586
CARD,CARD_DECLINED,36141,1,2,0.25,0,1,1,0.24160013685276416
UPI,FRAUD_SUSPECTED,4404,1,5,0.42,13,1,0,0.037739216206264185
NETBANKING,NETWORK_ERROR,30981,1,5,0.28,11,0,1,0.661507651954064
NETBANKING,GATEWAY_TIMEOUT,35372,3,0,0.14,12,0,1,0.6597039403654774
UPI,INVALID_ACCOUNT,23300,1,2,0.18,23,0,0,0.01
CARD,CARD_DECLINED,17876,4,5,0.19,19,0,1,0.01
CARD,EXPIRED_CARD,276,1,2,0.02,7,0,1,0.06989332179187868
CARD,NETWORK_ERROR,35461,3,0,0.5,7,0,0,0.5781434904070735
NETBANKING,BANK_TIMEOUT,44728,2,4,0.2,5,0,0,0.5813741518346568
NETBANKING,INVALID_ACCOUNT,26271,3,5,0.49,23,0,1,0.013417820141080684
UPI,GATEWAY_TIMEOUT,25773,3,1,0.31,10,0,1,0.6372484558910498
CARD,ACCOUNT_BLOCKED,13642,2,5,0.13,23,1,0,0.01
UPI,ACCOUNT_BLOCKED,30798,3,2,0.43,16,0,1,0.01
NETBANKING,ACCOUNT_BLOCKED,36694,4,0,0.3,1,0,0,0.01408513906530713
NETBANKING,CARD_DECLINED,14672,1,0,0.11,4,1,1,0.2690259975315991
CARD,INVALID_ACCOUNT,18166,3,4,0.03,5,1,0,0.01
UPI,NETWORK_ERROR,39028,4,0,0.15,14,0,0,0.5568089460682417
UPI,ACCOUNT_BLOCKED,30927,1,3,0.24,8,1,1,0.01
NETBANKING,BANK_TIMEOUT,34953,2,5,0.45,2,1,0,0.4739275455403338
NETBANKING,NETWORK_ERROR,40574,3,5,0.13,8,1,1,0.5573906495775923
CARD,GATEWAY_TIMEOUT,26802,2,1,0.17,18,1,0,0.6293302083552547
UPI,GATEWAY_TIMEOUT,49189,4,0,0.37,9,0,0,0.5703970296130789
NETBANKING,EXPIRED_CARD,489,2,3,0.26,1,1,0,0.01
UPI,INVALID_CARD,26039,2,3,0.42,11,0,0,0.03309340352632242
NETBANKING,NETWORK_ERROR,42500,4,2,0.42,19,0,0,0.5539581107023026
NETBANKING,BANK_TIMEOUT,38921,1,1,0.04,23,0,0,0.7003162394798074
UPI,BANK_TIMEOUT,39966,3,2,0.09,6,1,1,0.6278423699345372
NETBANKING,ACCOUNT_BLOCKED,24129,2,0,0.29,5,1,0,0.01
NETBANKING,INVALID_ACCOUNT,28305,1,1,0.43,14,1,1,0.06044447575157566
NETBANKING,FRAUD_SUSPECTED,16994,3,5,0.3,4,0,1,0.01
NETBANKING,ACCOUNT_BLOCKED,18549,3,2,0.12,2,0,0,0.023062170565917937
UPI,INVALID_ACCOUNT,39109,4,2,0.32,16,0,1,0.04863150241894099
CARD,FRAUD_SUSPECTED,26192,4,1,0.43,19,1,0,0.01
NETBANKING,EXPIRED_CARD,3529,3,5,0.21,0,0,1,0.01
CARD,GATEWAY_TIMEOUT,20389,4,0,0.23,9,1,0,0.5927769431334728
CARD,BANK_TIMEOUT,8690,2,2,0.4,2,1,1,0.6227173139683948
CARD,INSUFFICIENT_FUNDS,44723,1,0,0.23,21,0,1,0.2967050425477052
UPI,FRAUD_SUSPECTED,27837,1,2,0.27,18,0,1,0.01
CARD,CARD_DECLINED,5018,2,1,0.3,9,1,1,0.16566144042436415
CARD,CARD_DECLINED,48067,3,1,0.06,10,1,0,0.08593179050287748
CARD,NETWORK_ERROR,37630,1,5,0.47,20,1,1,0.6394423825916605
CARD,INVALID_CARD,38159,2,3,0.17,3,0,0,0.04811067962815548
NETBANKING,ACCOUNT_BLOCKED,32533,3,5,0.34,14,1,0,0.01
CARD,BANK_TIMEOUT,12272,2,5,0.35,15,0,1,0.5894360654469868
UPI,NETWORK_ERROR,37040,2,1,0.02,11,1,1,0.6821895505912705
UPI,GATEWAY_TIMEOUT,45333,4,1,0.4,4,0,1,0.5789095820926697
UPI,GATEWAY_TIMEOUT,36844,2,2,0.13,5,1,1,0.6546062062511678
NETBANKING,GATEWAY_TIMEOUT,17027,2,3,0.24,7,0,0,0.6580930051318686
CARD,GATEWAY_TIMEOUT,3162,2,1,0.35,0,0,1,0.7538739843603784
UPI,NETWORK_ERROR,27840,2,1,0.38,5,1,1,0.635830010751201
CARD,EXPIRED_CARD,43343,1,4,0.3,4,0,1,0.01
CARD,NETWORK_ERROR,21612,3,5,0.18,12,0,1,0.5343607455465329
NETBANKING,ACCOUNT_BLOCKED,40885,1,1,0.28,7,0,0,0.01
CARD,CARD_DECLINED,16212,2,5,0.09,13,0,0,0.09027631352052115
CARD,EXPIRED_CARD,14409,2,0,0.21,23,0,1,0.06918090883536622
CARD,EXPIRED_CARD,1953,4,0,0.11,11,0,0,0.01
UPI,FRAUD_SUSPECTED,40362,3,1,0.32,9,0,1,0.01
UPI,EXPIRED_CARD,46503,3,5,0.04,15,1,0,0.027539750522377913
CARD,EXPIRED_CARD,49816,3,4,0.09,14,1,0,0.01
UPI,INVALID_CARD,10579,1,0,0.13,12,0,1,0.15042927429597788
CARD,CARD_DECLINED,27076,1,2,0.29,8,1,1,0.21556888734266008
UPI,NETWORK_ERROR,34356,2,4,0.35,18,1,1,0.6192113547006665
NETBANKING,NETWORK_ERROR,16987,4,0,0.3,19,1,1,0.5914206043383297
CARD,ACCOUNT_BLOCKED,46119,2,1,0.41,13,1,0,0.01
NETBANKING,INSUFFICIENT_FUNDS,38797,3,3,0.06,3,0,0,0.09005328907595866
UPI,FRAUD_SUSPECTED,40464,3,4,0.47,7,1,0,0.01
UPI,GATEWAY_TIMEOUT,44995,4,3,0.37,5,0,0,0.5246620428797442
NETBANKING,CARD_DECLINED,32717,3,1,0.42,20,0,1,0.13776916724080768
CARD,INVALID_ACCOUNT,45718,4,0,0.43,16,0,0,0.01
NETBANKING,INVALID_ACCOUNT,42628,4,0,0.17,17,1,0,0.01
UPI,INVALID_CARD,45813,1,5,0.11,23,1,1,0.01
CARD,ACCOUNT_BLOCKED,39386,3,3,0.02,21,1,1,0.028669852945076506
NETBANKING,CARD_DECLINED,37283,4,1,0.44,17,0,0,0.08163160421020944
CARD,GATEWAY_TIMEOUT,13294,4,0,0.03,17,0,0,0.6387180836824135
CARD,INVALID_CARD,8777,1,0,0.22,11,1,1,0.11643838207913002
CARD,CARD_DECLINED,21762,4,5,0.46,12,1,1,0.03516078781980949
CARD,EXPIRED_CARD,23172,1,1,0.13,13,1,0,0.01
CARD,INVALID_ACCOUNT,29355,3,4,0.4,13,0,1,0.028329335046924524
CARD,NETWORK_ERROR,27279,4,2,0.14,3,0,0,0.5851774112408517
CARD,CARD_DECLINED,4603,4,2,0.01,6,0,1,0.1802149343895991
CARD,BANK_TIMEOUT,33691,2,2,0.41,1,0,1,0.6209879854905094
UPI,INVALID_CARD,12813,1,4,0.16,8,0,0,0.011269454243024992
CARD,BANK_TIMEOUT,11461,1,5,0.17,1,0,0,0.6813119268780301
CARD,NETWORK_ERROR,14032,3,5,0.29,18,1,0,0.5233672500307873
CARD,ACCOUNT_BLOCKED,31871,4,1,0.42,10,0,1,0.01
CARD,INVALID_CARD,40037,3,4,0.02,10,0,1,0.01
CARD,EXPIRED_CARD,19705,1,4,0.17,20,0,1,0.03068305824610483
CARD,ACCOUNT_BLOCKED,41252,1,1,0.33,13,0,0,0.031722706121944826
CARD,CARD_DECLINED,9742,1,1,0.49,11,0,1,0.2730584518316139
NETBANKING,BANK_TIMEOUT,30813,2,2,0.09,7,0,1,0.7174987895338507
CARD,CARD_DECLINED,35003,4,3,0.19,11,0,1,0.017669368977461214
CARD,CARD_DECLINED,45105,2,1,0.01,16,0,1,0.2676707860539762
NETBANKING,INVALID_CARD,45734,3,0,0.29,5,0,0,0.01
CARD,BANK_TIMEOUT,48388,3,5,0.28,22,1,0,0.4579246616214439
CARD,CARD_DECLINED,33939,2,0,0.43,14,0,0,0.16539490816209845
UPI,ACCOUNT_BLOCKED,14100,1,2,0.06,16,0,1,0.08808823676455971
UPI,CARD_DECLINED,9712,4,2,0.41,18,1,1,0.08128575449344463
NETBANKING,BANK_TIMEOUT,27651,2,1,0.08,23,0,0,0.6973763379706123
UPI,EXPIRED_CARD,41038,1,1,0.44,7,1,0,0.01
CARD,FRAUD_SUSPECTED,17973,4,0,0.34,17,1,1,0.05844307336705041
NETBANKING,FRAUD_SUSPECTED,46189,3,0,0.32,14,1,1,0.01
UPI,ACCOUNT_BLOCKED,34495,1,4,0.27,21,0,1,0.03489469663063507
CARD,INVALID_ACCOUNT,4445,3,4,0.04,15,0,1,0.01
NETBANKING,INVALID_CARD,11086,4,4,0.11,8,1,1,0.01
UPI,GATEWAY_TIMEOUT,1207,4,3,0.05,7,1,0,0.4930406705398234
NETBANKING,ACCOUNT_BLOCKED,1925,3,5,0.05,17,0,0,0.05283983228137525
NETBANKING,INVALID_ACCOUNT,34374,4,5,0.39,3,0,0,0.02488560052776328
CARD,BANK_TIMEOUT,26431,4,5,0.38,19,0,0,0.386707531969757
NETBANKING,GATEWAY_TIMEOUT,14481,4,1,0.3,4,1,0,0.5323903702757514
NETBANKING,INVALID_ACCOUNT,43534,4,5,0.16,14,0,0,0.031384811636941755
UPI,INVALID_CARD,32267,3,3,0.26,13,0,0,0.01
NETBANKING,EXPIRED_CARD,969,4,3,0.13,3,0,0,0.01
CARD,FRAUD_SUSPECTED,41526,1,5,0.42,10,1,0,0.01
NETBANKING,NETWORK_ERROR,34493,4,4,0.31,23,0,1,0.5400908344553172
CARD,CARD_DECLINED,3030,3,2,0.49,17,0,0,0.13818585839595637
CARD,NETWORK_ERROR,20322,4,0,0.33,22,0,0,0.6306209002337021
NETBANKING,FRAUD_SUSPECTED,3325,2,3,0.27,14,0,1,0.022778521142938733
CARD,INVALID_ACCOUNT,39535,1,5,0.03,20,1,1,0.021791017239100242
NETBANKING,BANK_TIMEOUT,9414,2,5,0.49,20,1,1,0.5636351685169175
CARD,CARD_DECLINED,27101,4,4,0.41,0,0,1,0.032562923175263984
CARD,CARD_DECLINED,1518,1,3,0.12,4,1,1,0.18986297905324584
CARD,INVALID_ACCOUNT,43478,2,0,0.18,15,1,1,0.04264184763803819
UPI,ACCOUNT_BLOCKED,46191,2,5,0.23,3,1,0,0.031067036716450648
UPI,ACCOUNT_BLOCKED,5914,3,4,0.19,22,1,0,0.05959297688427979
UPI,INSUFFICIENT_FUNDS,11572,3,0,0.19,23,1,0,0.15599902095419127
NETBANKING,CARD_DECLINED,35328,2,4,0.22,12,0,1,0.16903820190377827
CARD,CARD_DECLINED,25285,4,5,0.13,5,0,1,0.03430104660405927
NETBANKING,FRAUD_SUSPECTED,35802,3,5,0.05,20,1,1,0.0340723676472092
NETBANKING,NETWORK_ERROR,27932,1,3,0.01,0,0,0,0.6366922569525393
NETBANKING,NETWORK_ERROR,26608,1,5,0.42,9,0,0,0.6067735639238419
CARD,CARD_DECLINED,43854,4,3,0.35,1,1,0,0.02939948460970327
CARD,CARD_DECLINED,1792,2,4,0.41,4,1,1,0.1254437917149975
UPI,INSUFFICIENT_FUNDS,1979,2,3,0.48,20,1,0,0.08951379707903337
NETBANKING,ACCOUNT_BLOCKED,25296,2,0,0.28,6,1,1,0.01
UPI,ACCOUNT_BLOCKED,49006,4,3,0.21,2,0,0,0.05973818906653492
NETBANKING,INVALID_CARD,15862,3,1,0.41,1,0,0,0.01
NETBANKING,INSUFFICIENT_FUNDS,17707,1,0,0.45,6,1,1,0.28037267343752625
CARD,EXPIRED_CARD,23567,1,0,0.24,14,0,1,0.060971993592131686
CARD,CARD_DECLINED,26550,1,2,0.15,19,0,0,0.1695313232964754
CARD,NETWORK_ERROR,30110,3,3,0.45,13,1,0,0.5418553711541026
CARD,BANK_TIMEOUT,7311,4,1,0.25,4,1,0,0.5216484373566594
NETBANKING,FRAUD_SUSPECTED,48273,4,4,0.32,11,0,0,0.01
CARD,INVALID_CARD,17316,1,2,0.31,0,0,1,0.01
UPI,FRAUD_SUSPECTED,22596,1,5,0.36,6,1,1,0.05253595969330222
CARD,INVALID_ACCOUNT,26270,4,1,0.1,17,0,0,0.01
UPI,INSUFFICIENT_FUNDS,4432,3,2,0.15,23,0,1,0.19366377404496202
CARD,ACCOUNT_BLOCKED,13074,2,2,0.06,8,1,1,0.018964542913362005
CARD,INSUFFICIENT_FUNDS,4263,2,5,0.01,0,1,1,0.0933860218232961
CARD,INVALID_CARD,27947,1,4,0.11,22,1,0,0.01
NETBANKING,INVALID_ACCOUNT,31585,2,0,0.16,18,0,1,0.013209921165048148
UPI,CARD_DECLINED,15097,4,3,0.27,5,0,0,0.03158852386357766
NETBANKING,NETWORK_ERROR,36065,4,0,0.03,21,1,1,0.6293244687178674
UPI,FRAUD_SUSPECTED,49971,4,0,0.21,17,0,0,0.04637248458550405
NETBANKING,INSUFFICIENT_FUNDS,16116,1,2,0.47,5,0,0,0.1834244378456774
UPI,GATEWAY_TIMEOUT,12895,1,1,0.48,13,1,1,0.782995361428987
UPI,FRAUD_SUSPECTED,9150,2,2,0.37,3,1,0,0.01
CARD,EXPIRED_CARD,2503,1,2,0.05,10,0,0,0.01
CARD,INVALID_CARD,16474,2,5,0.26,4,0,0,0.01
UPI,FRAUD_SUSPECTED,15311,2,1,0.34,1,1,1,0.01
UPI,NETWORK_ERROR,43567,1,0,0.07,6,1,1,0.7539075907048786
NETBANKING,NETWORK_ERROR,12711,2,5,0.1,5,1,0,0.5896607071270623
UPI,INSUFFICIENT_FUNDS,48133,3,2,0.42,13,1,1,0.05062404189748934
CARD,GATEWAY_TIMEOUT,32907,4,2,0.39,9,1,1,0.570305128011835
UPI,CARD_DECLINED,38350,4,3,0.1,5,0,1,0.044751721648324555
CARD,EXPIRED_CARD,41066,2,2,0.33,17,1,0,0.022183045947475513
UPI,FRAUD_SUSPECTED,26626,1,2,0.35,12,1,1,0.04140741238930495
NETBANKING,NETWORK_ERROR,17631,4,3,0.48,11,0,0,0.5239588523478228
CARD,INVALID_CARD,19770,1,2,0.24,11,0,0,0.01
NETBANKING,FRAUD_SUSPECTED,10536,3,3,0.39,8,1,1,0.03196791791750545
NETBANKING,INSUFFICIENT_FUNDS,22255,2,4,0.29,22,1,0,0.06718893208637117
NETBANKING,INVALID_ACCOUNT,22322,2,1,0.15,22,1,1,0.05237789481311308
UPI,CARD_DECLINED,6867,3,3,0.05,20,1,1,0.1700902120743064
NETBANKING,INVALID_ACCOUNT,14819,3,2,0.11,21,1,1,0.014852876311930724
NETBANKING,INVALID_CARD,16244,1,3,0.39,12,0,1,0.02755067598103652
NETBANKING,INSUFFICIENT_FUNDS,40464,1,3,0.06,7,0,0,0.16336514250705927
NETBANKING,INSUFFICIENT_FUNDS,45623,4,0,0.02,0,1,0,0.08539838028758664
CARD,BANK_TIMEOUT,31002,2,0,0.47,8,1,1,0.7388925854816216
NETBANKING,BANK_TIMEOUT,36533,2,3,0.37,18,0,0,0.5561814911806674
UPI,CARD_DECLINED,26198,2,4,0.39,14,1,0,0.01333147311392744
CARD,GATEWAY_TIMEOUT,49164,2,3,0.42,9,1,1,0.5785114818492242
UPI,ACCOUNT_BLOCKED,7235,4,1,0.38,18,1,0,0.01
NETBANKING,CARD_DECLINED,33236,1,5,0.06,20,1,1,0.15586052820990354
NETBANKING,EXPIRED_CARD,5895,4,3,0.49,0,1,0,0.01
UPI,ACCOUNT_BLOCKED,7370,1,0,0.48,3,0,1,0.13052672396105333
NETBANKING,BANK_TIMEOUT,7544,4,5,0.13,19,1,0,0.48314186089810024
UPI,INSUFFICIENT_FUNDS,14938,2,2,0.49,6,1,1,0.19432307598146137
NETBANKING,INSUFFICIENT_FUNDS,45034,3,4,0.4,9,0,1,0.018861090785540907
UPI,NETWORK_ERROR,28553,4,4,0.12,2,1,0,0.41837294894490884
UPI,CARD_DECLINED,38002,1,0,0.03,9,0,0,0.23205221316936378
NETBANKING,INVALID_CARD,27428,1,3,0.46,1,0,0,0.01
UPI,NETWORK_ERROR,13244,3,4,0.45,10,1,1,0.5938155170946839
UPI,INSUFFICIENT_FUNDS,21022,2,0,0.22,22,1,0,0.16656634649435687
NETBANKING,NETWORK_ERROR,13561,4,0,0.05,15,0,0,0.6740715690668765
UPI,INSUFFICIENT_FUNDS,8962,1,4,0.34,0,0,1,0.23662122215623438
NETBANKING,BANK_TIMEOUT,10688,1,2,0.06,4,1,1,0.735711378795443
CARD,NETWORK_ERROR,39917,2,3,0.24,16,1,1,0.6140564393807679
CARD,INSUFFICIENT_FUNDS,39762,1,1,0.28,2,0,1,0.24216654596825396
UPI,INVALID_CARD,8102,3,1,0.13,4,0,1,0.01
UPI,NETWORK_ERROR,46629,2,0,0.46,6,1,0,0.6350964642441361
NETBANKING,INVALID_CARD,43477,2,3,0.04,17,1,1,0.01
CARD,GATEWAY_TIMEOUT,49754,4,5,0.16,2,0,0,0.46729965842014853
CARD,EXPIRED_CARD,47329,1,5,0.24,17,1,1,0.01
NETBANKING,CARD_DECLINED,33306,2,0,0.03,3,1,1,0.23214177020480342
NETBANKING,INVALID_CARD,13745,3,2,0.39,9,0,0,0.01
NETBANKING,NETWORK_ERROR,29963,2,3,0.21,20,1,1,0.6156958327784318
CARD,INVALID_CARD,623,4,0,0.34,2,1,1,0.01
UPI,BANK_TIMEOUT,24877,4,1,0.14,22,1,0,0.5836948788800448
UPI,INVALID_CARD,26915,1,5,0.14,3,1,0,0.013629863367020037
UPI,EXPIRED_CARD,26815,2,1,0.26,3,0,1,0.051018162602740245
NETBANKING,GATEWAY_TIMEOUT,9275,2,1,0.28,5,0,0,0.6703908501365564
NETBANKING,CARD_DECLINED,30970,3,1,0.27,11,1,0,0.03312888258168068
UPI,BANK_TIMEOUT,47698,3,3,0.31,3,0,1,0.6379906851811374
UPI,NETWORK_ERROR,16239,3,5,0.02,10,0,1,0.6447182090727752
CARD,GATEWAY_TIMEOUT,10895,2,0,0.4,13,1,0,0.6939556599409944
NETBANKING,FRAUD_SUSPECTED,32171,1,4,0.38,16,0,0,0.01
NETBANKING,BANK_TIMEOUT,4870,1,2,0.06,9,1,0,0.6841282287219176
NETBANKING,FRAUD_SUSPECTED,49845,2,4,0.38,3,1,1,0.01
CARD,EXPIRED_CARD,18963,2,4,0.03,2,0,0,0.01
CARD,EXPIRED_CARD,36750,1,5,0.5,14,0,0,0.01
NETBANKING,ACCOUNT_BLOCKED,47638,4,2,0.47,7,1,0,0.01
CARD,INVALID_ACCOUNT,21278,3,3,0.39,18,1,0,0.014473125755459426
CARD,GATEWAY_TIMEOUT,37843,1,3,0.31,13,0,1,0.6849286106332118
UPI,INVALID_ACCOUNT,39928,4,0,0.19,23,0,1,0.01
CARD,INSUFFICIENT_FUNDS,15404,4,2,0.19,1,0,1,0.10283473955385503
CARD,INVALID_CARD,6210,2,3,0.34,2,1,0,0.01
UPI,BANK_TIMEOUT,33656,3,1,0.24,12,0,1,0.6455760968844244
CARD,EXPIRED_CARD,32795,2,2,0.4,0,1,0,0.01
UPI,CARD_DECLINED,11510,2,2,0.26,1,1,0,0.12943692000913476
UPI,CARD_DECLINED,7348,3,2,0.13,12,0,1,0.18045771859439946
CARD,EXPIRED_CARD,18567,1,3,0.1,15,1,0,0.01
UPI,FRAUD_SUSPECTED,29733,1,1,0.5,6,0,0,0.022058260884007967
CARD,ACCOUNT_BLOCKED,19178,3,1,0.47,2,1,0,0.012536073615308755
UPI,BANK_TIMEOUT,18419,1,1,0.31,12,0,0,0.7332621858104554
UPI,EXPIRED_CARD,19465,2,4,0.08,4,0,1,0.01
CARD,INVALID_ACCOUNT,11688,1,2,0.35,18,0,1,0.043244973573180766
UPI,EXPIRED_CARD,424,4,1,0.49,11,0,0,0.01
UPI,ACCOUNT_BLOCKED,10382,1,2,0.27,11,0,0,0.01
CARD,NETWORK_ERROR,44102,1,0,0.29,20,0,0,0.7283671804510021
UPI,EXPIRED_CARD,39696,4,0,0.31,0,0,0,0.01
NETBANKING,FRAUD_SUSPECTED,28299,1,3,0.08,10,1,1,0.030001387217811794
UPI,INVALID_ACCOUNT,48594,3,2,0.49,9,0,1,0.017936711607501578
NETBANKING,GATEWAY_TIMEOUT,14970,1,2,0.4,11,0,0,0.7242899836855625
UPI,INVALID_CARD,42756,4,3,0.46,17,0,1,0.01
CARD,EXPIRED_CARD,48197,3,1,0.23,23,0,1,0.05449809100995733
CARD,INSUFFICIENT_FUNDS,44512,1,0,0.34,15,1,1,0.27714984126985887
CARD,BANK_TIMEOUT,22683,2,5,0.24,13,0,0,0.4986502711949895
NETBANKING,GATEWAY_TIMEOUT,36392,1,5,0.33,15,0,1,0.6532180863873505
NETBANKING,ACCOUNT_BLOCKED,4023,2,1,0.13,21,0,1,0.05484604283128947
NETBANKING,EXPIRED_CARD,1675,4,5,0.41,20,1,0,0.01
UPI,GATEWAY_TIMEOUT,13103,4,0,0.27,18,0,0,0.6599004697636213
CARD,INVALID_ACCOUNT,47316,3,5,0.26,13,0,1,0.01
CARD,GATEWAY_TIMEOUT,39832,3,1,0.02,0,0,1,0.7210178091948123
UPI,ACCOUNT_BLOCKED,49405,2,1,0.35,2,0,0,0.01
CARD,ACCOUNT_BLOCKED,43268,4,3,0.31,4,1,1,0.01
NETBANKING,INVALID_ACCOUNT,13318,4,3,0.18,2,1,0,0.05193498978301354
UPI,BANK_TIMEOUT,6276,1,2,0.34,0,1,1,0.692366746798403
CARD,INVALID_CARD,19291,2,3,0.23,7,1,0,0.04054821427501732
CARD,GATEWAY_TIMEOUT,18427,3,2,0.12,7,1,1,0.6652641220631093
CARD,INVALID_CARD,40312,4,3,0.14,14,1,1,0.01
CARD,ACCOUNT_BLOCKED,18972,3,0,0.02,13,0,1,0.01
CARD,ACCOUNT_BLOCKED,8594,4,2,0.2,10,0,0,0.04184234326494323
UPI,INVALID_CARD,8382,4,3,0.36,5,0,1,0.030215336249608475
NETBANKING,EXPIRED_CARD,38393,2,2,0.35,8,0,0,0.01
UPI,CARD_DECLINED,28744,3,0,0.1,6,1,1,0.17614690806724415
NETBANKING,BANK_TIMEOUT,18900,3,3,0.36,14,0,1,0.5856217396140241
NETBANKING,CARD_DECLINED,45851,1,3,0.02,7,0,0,0.15726049415229523
NETBANKING,GATEWAY_TIMEOUT,16026,2,3,0.33,4,0,1,0.6586656142950291
NETBANKING,INVALID_CARD,32097,4,5,0.23,12,0,1,0.023014017209194375
NETBANKING,GATEWAY_TIMEOUT,34193,4,1,0.01,2,0,0,0.5417066631776885
UPI,INVALID_ACCOUNT,19248,3,1,0.2,8,0,0,0.05928512554819738
UPI,INVALID_CARD,29680,4,0,0.47,16,0,1,0.01
NETBANKING,NETWORK_ERROR,45799,2,3,0.01,10,1,1,0.688065254058589
NETBANKING,GATEWAY_TIMEOUT,1674,3,3,0.15,22,0,0,0.6317086955814044
UPI,CARD_DECLINED,40839,3,0,0.45,6,1,0,0.12748701665780232
UPI,NETWORK_ERROR,7196,3,2,0.2,15,1,0,0.5940893367512338
UPI,INSUFFICIENT_FUNDS,34435,1,2,0.14,2,0,1,0.20214358355994463
UPI,NETWORK_ERROR,22943,4,3,0.45,10,0,0,0.5183637843505835
UPI,INVALID_ACCOUNT,41669,1,2,0.26,6,1,1,0.01
CARD,INVALID_ACCOUNT,3372,2,0,0.32,0,0,1,0.0696319624568499
CARD,INVALID_CARD,18570,4,0,0.25,14,1,0,0.01
NETBANKING,BANK_TIMEOUT,10242,4,5,0.06,19,0,1,0.5641726735404363
CARD,NETWORK_ERROR,7092,3,4,0.46,13,1,0,0.4625187454288827
NETBANKING,EXPIRED_CARD,25356,4,2,0.29,22,0,0,0.01
UPI,EXPIRED_CARD,2831,3,0,0.17,17,0,1,0.01
CARD,INVALID_ACCOUNT,4489,3,3,0.17,22,0,1,0.01
UPI,INSUFFICIENT_FUNDS,38012,2,2,0.09,12,0,0,0.14781245752082878
NETBANKING,EXPIRED_CARD,22064,1,0,0.34,17,1,1,0.04877569915954249
CARD,ACCOUNT_BLOCKED,13732,1,1,0.01,16,1,0,0.01
CARD,GATEWAY_TIMEOUT,31491,4,3,0.3,20,0,1,0.5316655785364154
NETBANKING,FRAUD_SUSPECTED,48508,1,1,0.17,16,1,1,0.01
UPI,BANK_TIMEOUT,35775,4,1,0.47,0,1,0,0.551600108565435
UPI,EXPIRED_CARD,14764,2,3,0.4,15,1,0,0.01
NETBANKING,CARD_DECLINED,9288,3,1,0.35,15,1,0,0.05510967089253125
NETBANKING,BANK_TIMEOUT,664,4,0,0.08,1,0,1,0.6560812286685871
CARD,CARD_DECLINED,32137,2,5,0.48,11,1,1,0.09054556133572088
UPI,ACCOUNT_BLOCKED,46749,4,0,0.34,18,1,0,0.01
NETBANKING,ACCOUNT_BLOCKED,28575,3,3,0.21,14,1,1,0.01
NETBANKING,INVALID_CARD,34441,2,1,0.15,8,0,0,0.021499326462596585
CARD,GATEWAY_TIMEOUT,10682,3,1,0.49,12,1,0,0.6190331324479676
NETBANKING,INSUFFICIENT_FUNDS,45618,2,1,0.42,18,0,1,0.17238772468572428
NETBANKING,BANK_TIMEOUT,30158,1,2,0.35,15,0,1,0.6800068846063785
UPI,FRAUD_SUSPECTED,32398,1,0,0.45,10,0,0,0.01
CARD,GATEWAY_TIMEOUT,27563,1,0,0.26,4,1,1,0.7700525049059247
NETBANKING,INSUFFICIENT_FUNDS,43971,3,3,0.46,19,1,0,0.01
CARD,INVALID_ACCOUNT,32893,2,2,0.25,2,0,0,0.01
CARD,EXPIRED_CARD,37464,1,2,0.2,22,1,1,0.04530637717517555
NETBANKING,INSUFFICIENT_FUNDS,10308,1,1,0.05,15,0,1,0.3073282618558907
UPI,INVALID_ACCOUNT,9405,3,3,0.27,8,0,1,0.026981054938238623
CARD,BANK_TIMEOUT,2681,1,5,0.44,21,0,0,0.610610435211005
NETBANKING,BANK_TIMEOUT,5759,3,5,0.38,0,1,0,0.4909228272617517
NETBANKING,FRAUD_SUSPECTED,18437,2,1,0.25,3,1,0,0.03296331380085651
NETBANKING,INSUFFICIENT_FUNDS,15466,3,3,0.42,6,1,0,0.06918235246305425
UPI,BANK_TIMEOUT,3826,1,4,0.04,19,0,0,0.6813044352258498
NETBANKING,NETWORK_ERROR,47752,1,2,0.43,17,0,0,0.669672733101023
UPI,FRAUD_SUSPECTED,45910,3,0,0.17,19,0,0,0.02216375361352793
UPI,BANK_TIMEOUT,17303,2,5,0.23,13,0,0,0.6040314428340525
CARD,GATEWAY_TIMEOUT,35082,1,4,0.4,2,0,0,0.6274379115068833
CARD,INVALID_ACCOUNT,4476,3,4,0.16,14,1,1,0.0446804179279103
CARD,INSUFFICIENT_FUNDS,4926,1,0,0.49,21,0,0,0.20183669935317183
NETBANKING,INVALID_CARD,32684,2,4,0.23,16,1,0,0.01
NETBANKING,NETWORK_ERROR,49055,3,1,0.34,19,0,1,0.7058698200346469
NETBANKING,FRAUD_SUSPECTED,42543,1,5,0.06,15,1,1,0.029007911433856136
UPI,INVALID_ACCOUNT,32556,4,3,0.44,4,0,1,0.05268369468762541
CARD,INVALID_ACCOUNT,34569,3,0,0.05,20,1,0,0.01
CARD,GATEWAY_TIMEOUT,38905,2,1,0.22,13,1,0,0.6449875975692547
NETBANKING,INSUFFICIENT_FUNDS,29430,4,0,0.48,10,0,0,0.07702969392893957
NETBANKING,ACCOUNT_BLOCKED,44400,1,3,0.15,18,0,1,0.021560057800606394
UPI,GATEWAY_TIMEOUT,21298,3,4,0.24,14,0,1,0.5582716072011974
NETBANKING,EXPIRED_CARD,25015,3,0,0.28,6,1,0,0.01
UPI,CARD_DECLINED,8278,4,0,0.45,12,1,1,0.1301436056067886
UPI,ACCOUNT_BLOCKED,4685,2,4,0.48,11,1,1,0.0401432386732195
NETBANKING,INVALID_ACCOUNT,29027,1,5,0.07,9,1,0,0.01
NETBANKING,FRAUD_SUSPECTED,2956,1,5,0.31,8,1,0,0.012285300156395241
CARD,INVALID_ACCOUNT,32296,3,5,0.24,1,0,0,0.03739414285219899
NETBANKING,INSUFFICIENT_FUNDS,1280,1,0,0.37,4,1,0,0.1893807857362524
NETBANKING,INVALID_CARD,41096,1,3,0.14,18,0,1,0.03215676406258941
NETBANKING,FRAUD_SUSPECTED,9880,2,1,0.12,6,1,0,0.04208398157288599
NETBANKING,INVALID_ACCOUNT,1127,4,1,0.44,0,1,0,0.01
UPI,CARD_DECLINED,11422,4,5,0.36,4,1,1,0.01
CARD,CARD_DECLINED,1730,3,3,0.44,22,0,1,0.09650755291508753
NETBANKING,ACCOUNT_BLOCKED,24183,4,5,0.39,15,1,0,0.03203611014815375
NETBANKING,EXPIRED_CARD,13749,3,5,0.16,11,0,1,0.01
UPI,CARD_DECLINED,25057,4,4,0.49,21,1,1,0.05274784615188719
NETBANKING,INSUFFICIENT_FUNDS,43763,3,4,0.11,9,0,1,0.10449141373264237
CARD,GATEWAY_TIMEOUT,27395,4,1,0.22,12,1,1,0.5620337574141155
UPI,EXPIRED_CARD,31082,3,4,0.24,16,1,0,0.01
NETBANKING,INVALID_CARD,40082,2,5,0.42,8,1,0,0.04712675271585342
NETBANKING,INVALID_CARD,39229,3,4,0.03,0,1,1,0.039970986440459925
CARD,BANK_TIMEOUT,39151,2,4,0.14,14,0,0,0.5411136623754245
UPI,CARD_DECLINED,11386,2,4,0.03,14,1,0,0.13846783257894518
CARD,GATEWAY_TIMEOUT,38785,3,2,0.32,11,0,0,0.5842228135208607
UPI,NETWORK_ERROR,27737,2,2,0.28,11,0,1,0.6358451549981415
UPI,BANK_TIMEOUT,19754,3,0,0.33,17,0,1,0.6879717723305656
UPI,NETWORK_ERROR,9227,4,4,0.14,21,0,0,0.5410596787716976
NETBANKING,FRAUD_SUSPECTED,12426,1,5,0.37,3,0,0,0.01
CARD,ACCOUNT_BLOCKED,2013,3,1,0.21,5,1,1,0.01
CARD,INVALID_CARD,12104,3,0,0.35,16,1,1,0.01
UPI,INVALID_ACCOUNT,46952,3,2,0.15,2,1,1,0.05767991381956473
NETBANKING,NETWORK_ERROR,38412,2,2,0.06,15,1,1,0.7068797335605912
CARD,INSUFFICIENT_FUNDS,45230,4,5,0.03,13,0,1,0.01
UPI,INVALID_CARD,29960,2,1,0.23,12,0,0,0.04458560711657177
NETBANKING,FRAUD_SUSPECTED,31270,3,3,0.36,23,0,1,0.01
UPI,GATEWAY_TIMEOUT,49465,4,0,0.26,16,0,1,0.6332254979608832
UPI,ACCOUNT_BLOCKED,40826,1,3,0.29,2,1,0,0.01
UPI,ACCOUNT_BLOCKED,39271,3,0,0.22,15,0,1,0.01
NETBANKING,FRAUD_SUSPECTED,47358,2,1,0.46,22,1,1,0.01
UPI,GATEWAY_TIMEOUT,49945,2,2,0.39,16,0,1,0.6712081813992233
UPI,CARD_DECLINED,42712,2,0,0.08,19,0,1,0.2417779935347049
UPI,GATEWAY_TIMEOUT,36339,2,5,0.13,7,1,0,0.524138065369287
CARD,EXPIRED_CARD,24911,4,1,0.31,2,0,1,0.01
UPI,CARD_DECLINED,41303,3,1,0.45,16,0,1,0.11987315940549861
NETBANKING,FRAUD_SUSPECTED,14847,1,0,0.35,5,1,1,0.01
NETBANKING,NETWORK_ERROR,21116,1,3,0.08,18,0,1,0.7324956642735803
CARD,FRAUD_SUSPECTED,4309,4,1,0.43,16,0,1,0.01
NETBANKING,NETWORK_ERROR,48835,1,5,0.26,7,0,0,0.553795022453147
NETBANKING,INSUFFICIENT_FUNDS,26122,1,2,0.23,21,1,1,0.23480140450898285
UPI,BANK_TIMEOUT,23626,2,4,0.26,14,1,0,0.538207092108927
CARD,FRAUD_SUSPECTED,39084,1,2,0.43,1,1,1,0.01
UPI,GATEWAY_TIMEOUT,485,2,5,0.19,16,0,1,0.6364951553142949
UPI,INSUFFICIENT_FUNDS,48909,3,5,0.18,1,0,1,0.05229989212733881
CARD,INVALID_CARD,3195,2,5,0.39,8,0,0,0.01
NETBANKING,EXPIRED_CARD,44626,3,2,0.32,17,0,0,0.038880767840120296
NETBANKING,INVALID_ACCOUNT,6408,1,0,0.45,17,0,1,0.0722523156342439
UPI,FRAUD_SUSPECTED,6662,2,1,0.15,1,0,1,0.01
UPI,NETWORK_ERROR,15502,2,2,0.4,5,0,0,0.6685141322994261
UPI,INVALID_CARD,34373,1,5,0.39,13,0,1,0.044109611070929165
UPI,INVALID_ACCOUNT,37150,1,5,0.47,15,0,1,0.020023266086451975
CARD,INVALID_ACCOUNT,38930,3,5,0.25,15,0,0,0.01
CARD,GATEWAY_TIMEOUT,5394,3,5,0.36,1,1,0,0.4796752010540216
CARD,INSUFFICIENT_FUNDS,17728,3,0,0.4,21,1,0,0.0980303359156039
CARD,BANK_TIMEOUT,34774,3,0,0.38,18,0,1,0.711854753347175
CARD,FRAUD_SUSPECTED,17109,3,3,0.31,4,1,1,0.01
UPI,ACCOUNT_BLOCKED,12293,4,3,0.25,7,1,1,0.03343615493502864
UPI,INVALID_ACCOUNT,32899,4,1,0.42,7,1,1,0.01
NETBANKING,INVALID_CARD,25113,4,4,0.12,0,1,1,0.01
CARD,NETWORK_ERROR,12918,4,5,0.15,1,0,0,0.4567415404970874
NETBANKING,CARD_DECLINED,43826,4,0,0.16,12,1,0,0.07342390726824317
UPI,INSUFFICIENT_FUNDS,155,3,5,0.06,14,1,0,0.032419780804358624
UPI,NETWORK_ERROR,24649,2,2,0.26,3,1,1,0.6247208945506625
CARD,CARD_DECLINED,31504,1,2,0.2,12,1,1,0.2526972657604869
UPI,INVALID_CARD,36223,2,0,0.02,17,0,1,0.08629114154230909
NETBANKING,INSUFFICIENT_FUNDS,26416,2,5,0.42,11,0,0,0.05594643562655655
NETBANKING,ACCOUNT_BLOCKED,7545,2,3,0.47,12,1,0,0.01
UPI,CARD_DECLINED,3368,4,5,0.47,4,0,0,0.014321609773980537
UPI,GATEWAY_TIMEOUT,33756,2,2,0.25,16,0,0,0.5937505113605211
UPI,EXPIRED_CARD,45747,4,5,0.04,15,1,1,0.012582028219716225
NETBANKING,INVALID_ACCOUNT,43102,3,4,0.24,9,1,0,0.01
UPI,NETWORK_ERROR,32234,1,0,0.15,13,1,1,0.7605946149802086
NETBANKING,NETWORK_ERROR,36334,1,0,0.22,15,0,1,0.7886382284027119
UPI,NETWORK_ERROR,26834,2,0,0.09,14,1,1,0.7258631337418974
UPI,INVALID_CARD,6873,4,4,0.16,13,0,1,0.05138559517305621
NETBANKING,NETWORK_ERROR,5911,2,4,0.43,22,0,1,0.6400401274398191
UPI,BANK_TIMEOUT,7559,2,5,0.41,15,0,1,0.6581108152968821
CARD,INSUFFICIENT_FUNDS,44878,2,0,0.2,22,0,1,0.2920923204127955
UPI,NETWORK_ERROR,30915,3,2,0.29,1,1,0,0.5252672610850793
NETBANKING,GATEWAY_TIMEOUT,39511,3,5,0.15,16,1,0,0.4591746372691129
CARD,INSUFFICIENT_FUNDS,44669,1,1,0.25,8,0,0,0.17954999291209583
CARD,FRAUD_SUSPECTED,7036,4,2,0.04,19,0,1,0.015765146673161236
UPI,CARD_DECLINED,32444,4,1,0.45,3,0,0,0.035581606932802545
UPI,NETWORK_ERROR,45727,4,1,0.29,8,1,1,0.5407667886501659
UPI,INVALID_ACCOUNT,16594,3,1,0.06,12,0,0,0.020310774477095478
UPI,EXPIRED_CARD,39278,4,4,0.33,10,0,1,0.02957635183751719
CARD,FRAUD_SUSPECTED,38064,4,1,0.32,23,0,0,0.030261820485898212
CARD,EXPIRED_CARD,41784,2,2,0.33,2,1,1,0.010822227496185837
UPI,INSUFFICIENT_FUNDS,14242,4,1,0.47,14,0,1,0.14224105818277993
UPI,EXPIRED_CARD,43148,2,5,0.15,0,0,1,0.01
UPI,GATEWAY_TIMEOUT,48267,3,0,0.35,16,0,0,0.6261794697297434
UPI,GATEWAY_TIMEOUT,48171,2,3,0.16,0,0,0,0.6288813514343669
CARD,CARD_DECLINED,17693,2,2,0.38,17,1,0,0.1389402062783016
NETBANKING,BANK_TIMEOUT,10411,3,1,0.41,11,0,1,0.6729218248511499
CARD,NETWORK_ERROR,7834,4,5,0.04,10,1,1,0.4668064378892545
NETBANKING,CARD_DECLINED,6853,3,3,0.18,19,0,0,0.08874580994168771
CARD,CARD_DECLINED,41799,2,2,0.42,2,0,0,0.10655435018247209
UPI,NETWORK_ERROR,1880,2,2,0.2,19,1,0,0.6649348935320281
NETBANKING,GATEWAY_TIMEOUT,2409,2,1,0.25,22,1,1,0.7233086018740871
CARD,ACCOUNT_BLOCKED,11455,2,4,0.18,7,1,0,0.016868113763666405
UPI,NETWORK_ERROR,41067,2,4,0.34,19,0,1,0.5786816557947119
NETBANKING,GATEWAY_TIMEOUT,19371,1,3,0.22,5,0,1,0.7290111510688928
UPI,CARD_DECLINED,44307,2,1,0.14,15,1,0,0.18990708502908515
NETBANKING,INVALID_ACCOUNT,25085,4,4,0.13,1,1,1,0.04119353822467484
UPI,CARD_DECLINED,16424,2,3,0.47,4,1,1,0.08508235565555605
CARD,INSUFFICIENT_FUNDS,22383,1,4,0.43,5,1,1,0.16491379405968148
CARD,BANK_TIMEOUT,16401,4,4,0.44,13,1,1,0.4769529283066958
NETBANKING,NETWORK_ERROR,30923,4,2,0.03,14,0,0,0.5074530221504238
NETBANKING,ACCOUNT_BLOCKED,22396,3,1,0.28,14,0,1,0.05859550989031936
NETBANKING,ACCOUNT_BLOCKED,42374,4,5,0.19,13,1,1,0.01890428538538061
NETBANKING,ACCOUNT_BLOCKED,17022,4,0,0.21,3,1,0,0.0472182584280449
CARD,ACCOUNT_BLOCKED,3474,1,2,0.31,2,0,0,0.05633739572667892
UPI,INVALID_ACCOUNT,17185,4,0,0.17,15,1,1,0.01
CARD,BANK_TIMEOUT,42870,3,0,0.28,16,1,0,0.6306224975406541
CARD,EXPIRED_CARD,43497,3,2,0.29,23,0,0,0.01
UPI,FRAUD_SUSPECTED,40122,4,4,0.26,0,1,1,0.035946877829232136
UPI,FRAUD_SUSPECTED,26901,4,5,0.29,7,1,1,0.01
UPI,CARD_DECLINED,11761,4,0,0.24,22,0,1,0.2061537293536235
UPI,CARD_DECLINED,2281,2,2,0.04,21,0,1,0.27312932892570296
CARD,INVALID_CARD,48896,2,3,0.44,9,0,1,0.036059114751127476
UPI,INVALID_ACCOUNT,42490,3,4,0.13,23,1,0,0.02711731879812674
UPI,FRAUD_SUSPECTED,33664,3,1,0.02,2,0,0,0.045015388402437566
UPI,EXPIRED_CARD,36097,4,4,0.17,19,0,0,0.03590920201982995
NETBANKING,INVALID_ACCOUNT,24274,2,5,0.25,11,1,1,0.01
UPI,INVALID_CARD,21566,4,1,0.04,6,1,0,0.01
NETBANKING,CARD_DECLINED,13946,3,3,0.26,19,1,0,0.027262915093415663
NETBANKING,NETWORK_ERROR,44288,2,1,0.12,14,1,0,0.6456777789846542
NETBANKING,BANK_TIMEOUT,29492,2,0,0.44,9,1,1,0.6920984084468713
CARD,GATEWAY_TIMEOUT,44350,4,1,0.2,12,1,1,0.6096620405026824
NETBANKING,ACCOUNT_BLOCKED,36424,4,3,0.14,15,1,1,0.02841383374248021
NETBANKING,INSUFFICIENT_FUNDS,18794,3,1,0.3,6,1,1,0.18872114870976645
UPI,INSUFFICIENT_FUNDS,31308,4,3,0.22,15,1,0,0.01
UPI,BANK_TIMEOUT,31558,4,3,0.18,9,1,1,0.5019721249178407
UPI,NETWORK_ERROR,20880,4,1,0.33,6,0,0,0.5858766354563222
NETBANKING,BANK_TIMEOUT,37519,3,5,0.03,13,1,1,0.5227068342909013
NETBANKING,GATEWAY_TIMEOUT,15970,3,5,0.14,7,1,1,0.5425456992730512
CARD,GATEWAY_TIMEOUT,13225,2,3,0.22,1,0,0,0.6140228398937099
UPI,ACCOUNT_BLOCKED,48391,1,0,0.04,7,1,1,0.11844718344615046
UPI,NETWORK_ERROR,39422,4,2,0.5,2,0,1,0.560238242160556
NETBANKING,EXPIRED_CARD,18232,4,3,0.05,23,1,1,0.01
UPI,INVALID_ACCOUNT,42228,4,4,0.25,0,1,1,0.033307765710018845
CARD,INVALID_CARD,44088,4,4,0.44,22,0,1,0.03120147953418436
CARD,INVALID_CARD,22584,3,0,0.27,19,0,1,0.03183290657704418
NETBANKING,INSUFFICIENT_FUNDS,45428,2,0,0.37,18,0,1,0.22528130721171807
CARD,BANK_TIMEOUT,20779,3,3,0.34,19,1,0,0.5574625772502766
UPI,CARD_DECLINED,3691,3,0,0.12,2,1,1,0.16122315194333117
CARD,CARD_DECLINED,29661,2,1,0.28,2,1,1,0.20532323397744406
NETBANKING,FRAUD_SUSPECTED,11087,3,3,0.16,9,0,0,0.01
NETBANKING,CARD_DECLINED,18582,1,0,0.47,23,0,0,0.2813091049675258
CARD,INSUFFICIENT_FUNDS,23519,1,4,0.46,21,1,1,0.10500937971895272
CARD,EXPIRED_CARD,19921,1,1,0.05,6,1,0,0.03554825296574533
UPI,BANK_TIMEOUT,9363,3,4,0.19,8,1,1,0.58445117286944
UPI,FRAUD_SUSPECTED,13865,3,5,0.09,3,1,1,0.01
NETBANKING,ACCOUNT_BLOCKED,3893,3,5,0.44,2,0,1,0.01
NETBANKING,NETWORK_ERROR,24793,4,2,0.38,5,0,0,0.5662464045091081
UPI,ACCOUNT_BLOCKED,14540,3,4,0.38,18,0,0,0.033233959120129906
UPI,INVALID_ACCOUNT,4361,3,3,0.1,4,0,1,0.051472789762158834
UPI,ACCOUNT_BLOCKED,24346,4,5,0.42,1,0,0,0.01
CARD,GATEWAY_TIMEOUT,31044,2,2,0.05,2,1,1,0.6338121072922958
UPI,NETWORK_ERROR,21880,3,2,0.11,1,0,1,0.6213457016341325
UPI,BANK_TIMEOUT,20239,3,0,0.23,17,0,0,0.6863703334387039
NETBANKING,INVALID_CARD,23729,3,5,0.39,10,1,1,0.034142233907736984
NETBANKING,INVALID_CARD,15656,3,2,0.49,9,0,0,0.01976358770654514
UPI,GATEWAY_TIMEOUT,26747,3,2,0.08,13,1,0,0.6154935611621466
NETBANKING,NETWORK_ERROR,1601,4,0,0.46,23,1,1,0.6430021720646765
UPI,BANK_TIMEOUT,3958,2,1,0.34,4,0,1,0.7395547227720881
CARD,INVALID_ACCOUNT,8353,2,5,0.05,15,1,1,0.01
CARD,ACCOUNT_BLOCKED,37355,4,1,0.02,6,1,1,0.017293521463596036
NETBANKING,NETWORK_ERROR,48973,1,0,0.18,7,0,1,0.8012276617359417
UPI,INVALID_ACCOUNT,41210,4,0,0.35,5,0,0,0.01
NETBANKING,EXPIRED_CARD,17619,3,4,0.25,4,1,0,0.0156501101427381
UPI,GATEWAY_TIMEOUT,40080,3,0,0.15,5,0,1,0.722689141628034
NETBANKING,BANK_TIMEOUT,46400,2,5,0.47,12,0,1,0.5273917822003633
NETBANKING,BANK_TIMEOUT,11470,2,2,0.02,11,1,1,0.6843490009688997
CARD,ACCOUNT_BLOCKED,22452,1,5,0.29,8,0,1,0.01
NETBANKING,CARD_DECLINED,13484,1,0,0.45,10,1,1,0.3055259139348099
UPI,INVALID_ACCOUNT,36725,4,4,0.26,16,1,1,0.01
NETBANKING,ACCOUNT_BLOCKED,40957,2,0,0.11,21,0,1,0.07371543247101975
UPI,ACCOUNT_BLOCKED,1609,1,0,0.4,6,1,0,0.07221049120980665
CARD,ACCOUNT_BLOCKED,18259,4,0,0.38,19,0,0,0.010893973571565988
UPI,FRAUD_SUSPECTED,8046,3,4,0.3,10,0,0,0.055073842047347214
NETBANKING,CARD_DECLINED,20287,1,4,0.36,3,1,1,0.1648879081631882
NETBANKING,BANK_TIMEOUT,23803,2,2,0.23,17,0,1,0.7252704966462967
NETBANKING,INVALID_CARD,31179,2,5,0.04,18,1,0,0.01
NETBANKING,INVALID_CARD,32437,1,4,0.14,16,1,1,0.04347131520485501
CARD,INVALID_CARD,45239,2,4,0.45,11,0,0,0.012553713996882146
UPI,INVALID_ACCOUNT,205,1,4,0.12,7,1,0,0.01
NETBANKING,INVALID_ACCOUNT,22568,4,4,0.37,21,1,1,0.05066479162089841
NETBANKING,EXPIRED_CARD,33024,1,4,0.48,8,1,0,0.01
CARD,CARD_DECLINED,37752,3,4,0.24,4,0,0,0.01174142130924638
UPI,NETWORK_ERROR,31398,3,2,0.35,22,1,0,0.5873765774838227
NETBANKING,ACCOUNT_BLOCKED,32117,3,4,0.36,8,0,0,0.030575409111465147
CARD,INVALID_ACCOUNT,25381,2,3,0.23,3,0,1,0.01
CARD,INSUFFICIENT_FUNDS,17678,4,2,0.4,2,1,1,0.05106805077695885
UPI,ACCOUNT_BLOCKED,26530,4,4,0.3,7,0,0,0.016572452899376568
UPI,FRAUD_SUSPECTED,48360,2,0,0.42,12,0,0,0.01
NETBANKING,FRAUD_SUSPECTED,37822,4,5,0.32,5,1,0,0.01
CARD,INVALID_ACCOUNT,48931,2,2,0.39,19,0,1,0.01
NETBANKING,BANK_TIMEOUT,37306,3,3,0.33,1,0,0,0.5244594299555619
UPI,INSUFFICIENT_FUNDS,19761,1,0,0.42,10,0,1,0.33277510142476174
CARD,INVALID_ACCOUNT,26257,4,5,0.25,11,1,1,0.01
UPI,FRAUD_SUSPECTED,16159,2,3,0.03,13,1,1,0.05313949849288061
CARD,GATEWAY_TIMEOUT,32590,2,0,0.32,23,0,1,0.7805178816145389
CARD,ACCOUNT_BLOCKED,37677,1,0,0.3,4,1,1,0.054444748564724546
NETBANKING,GATEWAY_TIMEOUT,32953,3,5,0.03,2,1,1,0.5592654863343142
NETBANKING,INSUFFICIENT_FUNDS,36608,2,0,0.34,14,1,1,0.2109022541483937
UPI,GATEWAY_TIMEOUT,25415,2,3,0.14,19,1,1,0.6337692511985806
NETBANKING,CARD_DECLINED,19011,4,0,0.23,19,0,1,0.210013600366856
UPI,ACCOUNT_BLOCKED,45776,1,4,0.26,14,1,1,0.01
UPI,ACCOUNT_BLOCKED,44506,3,2,0.06,9,0,1,0.01
UPI,INVALID_CARD,18161,2,4,0.38,7,1,1,0.01
CARD,INVALID_CARD,23070,4,2,0.3,1,1,0,0.01
CARD,ACCOUNT_BLOCKED,17357,2,5,0.42,7,1,1,0.025724271157852703
UPI,FRAUD_SUSPECTED,27004,2,1,0.37,18,1,0,0.01
NETBANKING,INSUFFICIENT_FUNDS,19659,1,2,0.11,18,1,1,0.2114989367977599
UPI,BANK_TIMEOUT,7295,1,2,0.33,14,1,0,0.7036499752459946
NETBANKING,CARD_DECLINED,15854,1,5,0.14,17,1,0,0.07329487803011953
CARD,EXPIRED_CARD,32899,3,3,0.13,7,1,1,0.024815779005291923
NETBANKING,EXPIRED_CARD,20351,1,3,0.27,20,1,1,0.01
NETBANKING,FRAUD_SUSPECTED,10038,2,1,0.27,11,1,0,0.04339898495021983
NETBANKING,ACCOUNT_BLOCKED,22645,4,5,0.3,15,1,0,0.025362111038553826
CARD,BANK_TIMEOUT,10283,3,5,0.32,6,1,0,0.461833616236899
NETBANKING,CARD_DECLINED,29200,1,2,0.02,3,1,1,0.25868637743063494
CARD,NETWORK_ERROR,16777,4,5,0.3,23,0,1,0.4824485556453251
CARD,FRAUD_SUSPECTED,37580,3,0,0.26,6,1,1,0.01
CARD,BANK_TIMEOUT,8138,4,0,0.1,12,0,0,0.5977833082229773
CARD,ACCOUNT_BLOCKED,44520,1,5,0.42,3,1,0,0.05401172130049587
CARD,ACCOUNT_BLOCKED,42449,3,4,0.03,17,1,0,0.05441592434719359
CARD,FRAUD_SUSPECTED,44658,1,3,0.45,4,0,1,0.01783008620919458
UPI,INVALID_ACCOUNT,38463,4,3,0.21,7,1,0,0.03905867131682953
CARD,INSUFFICIENT_FUNDS,24218,3,5,0.27,13,0,1,0.01
UPI,GATEWAY_TIMEOUT,35094,2,2,0.39,6,0,1,0.7030272833902168
UPI,ACCOUNT_BLOCKED,578,1,2,0.1,19,1,1,0.016496849426998875
NETBANKING,CARD_DECLINED,40370,2,3,0.21,21,0,1,0.1569784069301691
NETBANKING,ACCOUNT_BLOCKED,27234,4,0,0.48,8,0,0,0.03035936770412618
NETBANKING,BANK_TIMEOUT,43628,1,3,0.34,7,1,1,0.7003480902647655
NETBANKING,GATEWAY_TIMEOUT,25648,1,4,0.1,10,0,1,0.6637284585065595
NETBANKING,EXPIRED_CARD,38851,3,5,0.39,2,0,1,0.01
NETBANKING,NETWORK_ERROR,5897,2,5,0.07,6,0,0,0.5693854091067783
NETBANKING,GATEWAY_TIMEOUT,21220,2,3,0.05,3,1,0,0.6292901880541046
NETBANKING,CARD_DECLINED,25941,3,3,0.48,20,1,1,0.09347135568581635
NETBANKING,INSUFFICIENT_FUNDS,11953,3,5,0.41,8,1,0,0.01
UPI,INVALID_ACCOUNT,43729,3,0,0.11,14,0,0,0.028714944525157972
UPI,BANK_TIMEOUT,13605,1,5,0.3,14,1,1,0.6680322969702758
NETBANKING,CARD_DECLINED,32648,1,2,0.2,4,0,0,0.23461186161227582
CARD,INVALID_ACCOUNT,16079,2,1,0.17,1,0,0,0.01
UPI,INVALID_ACCOUNT,13669,4,0,0.11,16,1,1,0.052013426341921
CARD,EXPIRED_CARD,3128,1,3,0.33,15,1,0,0.05713242094476751
UPI,EXPIRED_CARD,24821,2,5,0.31,0,1,1,0.025420569094106803
NETBANKING,NETWORK_ERROR,41814,4,1,0.48,15,0,0,0.5201938929450513
NETBANKING,INVALID_ACCOUNT,25970,1,5,0.16,16,1,0,0.01
NETBANKING,GATEWAY_TIMEOUT,25470,3,5,0.17,12,1,1,0.5197268178600897
UPI,ACCOUNT_BLOCKED,40265,1,3,0.03,22,0,0,0.01
CARD,ACCOUNT_BLOCKED,2275,4,5,0.02,9,0,1,0.041435072915258754
UPI,ACCOUNT_BLOCKED,29632,1,0,0.28,23,1,0,0.01
NETBANKING,GATEWAY_TIMEOUT,38083,4,3,0.48,14,1,0,0.4137865696256797
CARD,INSUFFICIENT_FUNDS,4489,2,5,0.45,23,0,1,0.15026005549123306
CARD,BANK_TIMEOUT,9314,2,0,0.22,23,0,1,0.7646838401501382
CARD,INVALID_ACCOUNT,785,2,4,0.12,11,0,1,0.01
NETBANKING,NETWORK_ERROR,379,4,2,0.23,10,0,1,0.5981498398617446
CARD,INVALID_CARD,37711,2,5,0.36,3,0,0,0.03344046390167434
CARD,BANK_TIMEOUT,5895,2,4,0.13,2,1,1,0.6383227223988716
NETBANKING,ACCOUNT_BLOCKED,46403,4,4,0.29,7,1,1,0.01
CARD,NETWORK_ERROR,31946,1,1,0.03,13,1,0,0.7463251713910173
CARD,NETWORK_ERROR,8591,3,5,0.2,10,0,1,0.5553370028293659
UPI,INVALID_ACCOUNT,38805,3,1,0.13,12,1,0,0.03560541671317257
CARD,INVALID_CARD,30083,4,5,0.22,1,0,1,0.01
CARD,FRAUD_SUSPECTED,43095,4,5,0.32,7,0,1,0.036030424413334004
UPI,INSUFFICIENT_FUNDS,14897,2,2,0.29,13,1,1,0.22224088865140829
CARD,CARD_DECLINED,22400,1,0,0.16,8,0,1,0.3240909516761048
CARD,INSUFFICIENT_FUNDS,7772,1,2,0.2,10,1,0,0.18836487475891733
CARD,ACCOUNT_BLOCKED,38351,3,4,0.36,9,1,1,0.04319551208419129
UPI,NETWORK_ERROR,3457,4,4,0.24,9,1,1,0.5049930005920015
NETBANKING,FRAUD_SUSPECTED,27515,3,3,0.08,18,1,0,0.01
NETBANKING,ACCOUNT_BLOCKED,13868,3,4,0.18,21,0,0,0.017997000970256707
NETBANKING,INVALID_ACCOUNT,16996,4,4,0.43,23,1,0,0.04428509789248799
CARD,ACCOUNT_BLOCKED,47870,2,5,0.36,13,0,0,0.011940296688837384
CARD,INVALID_ACCOUNT,31318,1,4,0.39,14,1,1,0.01
CARD,EXPIRED_CARD,2779,2,4,0.29,13,0,1,0.01
CARD,ACCOUNT_BLOCKED,12141,4,0,0.34,2,0,1,0.03592893856641865
CARD,NETWORK_ERROR,8620,4,1,0.1,1,1,0,0.558741962612954
UPI,INSUFFICIENT_FUNDS,12721,2,0,0.4,6,0,1,0.23799229873648675
UPI,INVALID_CARD,46523,1,3,0.29,8,0,0,0.01
CARD,GATEWAY_TIMEOUT,12599,3,3,0.27,12,1,0,0.5628785685788994
UPI,GATEWAY_TIMEOUT,33251,3,1,0.25,1,0,1,0.7011485883148058
CARD,CARD_DECLINED,34903,3,2,0.27,10,0,0,0.044644791038220034
NETBANKING,INVALID_ACCOUNT,742,3,1,0.19,9,0,0,0.01
CARD,INVALID_CARD,49916,3,1,0.19,0,1,1,0.015064856655921012
NETBANKING,EXPIRED_CARD,35774,4,0,0.34,1,0,0,0.01
UPI,NETWORK_ERROR,31592,1,0,0.31,22,1,1,0.8054458066334618
UPI,ACCOUNT_BLOCKED,37893,2,4,0.41,18,1,0,0.05196855566318929
NETBANKING,EXPIRED_CARD,13402,1,2,0.4,9,1,1,0.01
UPI,EXPIRED_CARD,43781,4,2,0.16,13,0,0,0.01
UPI,INVALID_ACCOUNT,36584,1,3,0.01,10,0,0,0.01
CARD,CARD_DECLINED,22282,1,1,0.47,4,0,0,0.15122690630194435
CARD,FRAUD_SUSPECTED,19600,3,2,0.04,8,1,0,0.025854852545923256
NETBANKING,NETWORK_ERROR,3740,3,3,0.21,14,1,0,0.5869918939602936
CARD,GATEWAY_TIMEOUT,26691,4,2,0.15,1,0,1,0.5505402163276683
NETBANKING,FRAUD_SUSPECTED,19259,2,1,0.02,11,1,0,0.0502086863204149
NETBANKING,INVALID_ACCOUNT,14266,4,4,0.36,0,1,0,0.03956209636324982
CARD,FRAUD_SUSPECTED,29291,2,1,0.08,15,0,1,0.034152661609396166
NETBANKING,FRAUD_SUSPECTED,32878,1,4,0.32,0,0,1,0.01
UPI,ACCOUNT_BLOCKED,28430,4,4,0.49,15,0,0,0.021742516703252918
CARD,NETWORK_ERROR,37551,2,0,0.07,17,0,1,0.7256327859150432
UPI,GATEWAY_TIMEOUT,37134,4,0,0.42,18,0,1,0.6365490579459562
NETBANKING,GATEWAY_TIMEOUT,38988,1,2,0.27,20,1,1,0.7340554088092542
UPI,INVALID_CARD,13928,4,0,0.15,5,0,1,0.01
CARD,CARD_DECLINED,45712,1,2,0.46,9,1,0,0.14228238905373616
UPI,INVALID_CARD,8638,3,4,0.05,17,0,0,0.01
NETBANKING,ACCOUNT_BLOCKED,30890,4,1,0.38,20,1,1,0.01
CARD,CARD_DECLINED,12635,3,1,0.32,10,1,1,0.15988920311287588
UPI,ACCOUNT_BLOCKED,24767,3,3,0.06,12,1,0,0.049432713030671614
NETBANKING,BANK_TIMEOUT,10368,1,1,0.14,17,0,1,0.7685361057318834
CARD,ACCOUNT_BLOCKED,27543,1,5,0.02,1,1,0,0.020140748371046416
CARD,FRAUD_SUSPECTED,31749,2,3,0.21,9,0,1,0.01
NETBANKING,GATEWAY_TIMEOUT,8350,3,2,0.3,1,0,1,0.6881890121099319
UPI,BANK_TIMEOUT,39122,1,5,0.48,20,0,0,0.589876991131967
UPI,EXPIRED_CARD,15941,1,5,0.07,14,0,0,0.01
UPI,CARD_DECLINED,32300,3,3,0.29,0,0,0,0.053170335699539786
UPI,ACCOUNT_BLOCKED,14699,2,2,0.31,23,1,1,0.04011273541016492
UPI,GATEWAY_TIMEOUT,37796,2,5,0.38,19,1,1,0.5931593792539384
CARD,EXPIRED_CARD,5501,3,1,0.43,0,0,0,0.01
UPI,CARD_DECLINED,30572,2,3,0.17,1,0,0,0.12351138904896941
UPI,ACCOUNT_BLOCKED,2586,1,3,0.16,14,1,0,0.046466527611546994
NETBANKING,CARD_DECLINED,19833,2,3,0.26,7,1,1,0.1299807606478473
UPI,CARD_DECLINED,11636,2,0,0.21,15,0,0,0.2524707358724385
CARD,FRAUD_SUSPECTED,17640,2,4,0.11,7,1,0,0.01
UPI,ACCOUNT_BLOCKED,12107,3,1,0.26,17,0,1,0.01
UPI,INVALID_ACCOUNT,6562,2,1,0.02,15,0,1,0.052038692152911514
NETBANKING,INSUFFICIENT_FUNDS,3407,2,1,0.22,3,0,0,0.17731202632051185
CARD,CARD_DECLINED,1518,3,1,0.36,14,0,0,0.10817275177698694
CARD,BANK_TIMEOUT,21346,1,3,0.03,7,0,1,0.6865837584278387
UPI,EXPIRED_CARD,46545,1,2,0.47,10,1,0,0.040397181650816356
CARD,BANK_TIMEOUT,18016,2,1,0.45,21,1,1,0.6843270263862224
UPI,NETWORK_ERROR,39010,2,2,0.41,2,0,1,0.6422570219864634
UPI,EXPIRED_CARD,33973,1,4,0.05,7,1,0,0.01
NETBANKING,INSUFFICIENT_FUNDS,47890,3,4,0.48,2,1,0,0.01
CARD,FRAUD_SUSPECTED,23558,4,0,0.45,12,1,0,0.01
NETBANKING,GATEWAY_TIMEOUT,18297,4,1,0.02,13,0,1,0.6314127876500606
UPI,INVALID_ACCOUNT,43165,3,5,0.22,10,0,0,0.04740008009903416
UPI,EXPIRED_CARD,28661,1,2,0.03,4,0,1,0.0677113402801581
NETBANKING,INVALID_CARD,32931,3,5,0.33,19,1,1,0.04772644555370991
CARD,INSUFFICIENT_FUNDS,45047,2,5,0.48,0,0,0,0.01
UPI,CARD_DECLINED,49534,4,5,0.06,1,0,0,0.01
NETBANKING,INVALID_ACCOUNT,32922,1,4,0.3,1,1,1,0.025644362654224172
CARD,INSUFFICIENT_FUNDS,36463,1,3,0.48,15,1,0,0.10474422229625298
NETBANKING,FRAUD_SUSPECTED,27655,1,2,0.32,21,1,1,0.05932609826345723
NETBANKING,INVALID_ACCOUNT,49819,2,3,0.24,16,0,0,0.01
UPI,EXPIRED_CARD,10362,1,5,0.32,17,0,1,0.01
NETBANKING,INSUFFICIENT_FUNDS,30122,2,2,0.22,0,1,0,0.1307151742014513
NETBANKING,BANK_TIMEOUT,35061,2,0,0.39,19,1,1,0.6613240211617524
CARD,FRAUD_SUSPECTED,18715,2,3,0.24,2,1,1,0.01
NETBANKING,BANK_TIMEOUT,28593,4,4,0.26,13,1,1,0.45083781122296845
NETBANKING,FRAUD_SUSPECTED,32305,1,0,0.22,11,1,0,0.01
NETBANKING,FRAUD_SUSPECTED,26456,2,2,0.13,2,0,1,0.01
UPI,BANK_TIMEOUT,47270,1,1,0.18,11,1,1,0.7678421739868873
UPI,INSUFFICIENT_FUNDS,30883,4,3,0.4,0,0,0,0.01
NETBANKING,INVALID_ACCOUNT,31624,1,4,0.39,13,0,1,0.01
CARD,GATEWAY_TIMEOUT,926,1,1,0.14,1,0,1,0.8515304919317845
CARD,FRAUD_SUSPECTED,21153,1,5,0.04,10,1,0,0.010728082652038234
NETBANKING,BANK_TIMEOUT,43734,2,4,0.42,12,1,0,0.5300428393110647
CARD,GATEWAY_TIMEOUT,20406,4,0,0.2,0,0,1,0.624873064105326
UPI,BANK_TIMEOUT,1902,1,4,0.05,7,1,0,0.6565088010633092
NETBANKING,INSUFFICIENT_FUNDS,1263,4,5,0.49,8,0,1,0.059158970689877015
NETBANKING,INVALID_CARD,20684,3,3,0.38,4,1,0,0.01
NETBANKING,ACCOUNT_BLOCKED,24845,2,1,0.18,14,1,1,0.01
UPI,GATEWAY_TIMEOUT,16471,1,1,0.12,9,0,1,0.7962241642054604
CARD,EXPIRED_CARD,6790,2,2,0.05,11,0,1,0.01
NETBANKING,GATEWAY_TIMEOUT,33316,1,2,0.04,12,1,0,0.6969637884365505
UPI,GATEWAY_TIMEOUT,14354,2,3,0.27,9,1,1,0.6664885613726165
UPI,ACCOUNT_BLOCKED,36595,4,1,0.21,10,0,1,0.01
CARD,INVALID_ACCOUNT,18571,3,2,0.09,4,0,1,0.029407970872015805
UPI,CARD_DECLINED,35272,4,1,0.36,7,1,0,0.02020236015082106
CARD,FRAUD_SUSPECTED,2823,2,0,0.42,3,0,0,0.01
CARD,ACCOUNT_BLOCKED,8081,3,0,0.31,7,1,0,0.01
UPI,CARD_DECLINED,29866,1,4,0.29,23,0,0,0.1524582709820279
NETBANKING,GATEWAY_TIMEOUT,48179,3,3,0.48,21,0,1,0.6046281102643922
CARD,INVALID_ACCOUNT,36289,2,2,0.04,1,0,1,0.01
UPI,INSUFFICIENT_FUNDS,49620,1,4,0.06,17,0,1,0.14497074653862213
CARD,NETWORK_ERROR,45805,2,1,0.16,3,1,0,0.6249717732010923
CARD,BANK_TIMEOUT,33020,3,3,0.01,23,1,0,0.579667215585205
CARD,EXPIRED_CARD,6659,3,5,0.41,14,0,0,0.01
UPI,CARD_DECLINED,23279,4,2,0.16,4,0,1,0.07681222556635163
CARD,ACCOUNT_BLOCKED,17715,1,3,0.37,0,0,0,0.045785143817311004
CARD,CARD_DECLINED,17026,4,0,0.31,7,0,0,0.1398018937921221
CARD,ACCOUNT_BLOCKED,19035,1,1,0.41,12,1,0,0.01
CARD,BANK_TIMEOUT,14789,2,3,0.38,14,1,0,0.636030316967791
NETBANKING,INVALID_ACCOUNT,3080,3,3,0.46,12,0,0,0.028544509885099455
UPI,NETWORK_ERROR,1853,4,5,0.17,13,0,0,0.4652119163169409
CARD,BANK_TIMEOUT,25560,3,0,0.04,14,1,1,0.6823879142697507
CARD,INVALID_ACCOUNT,24910,3,4,0.13,2,1,0,0.04981830973150687
UPI,INVALID_CARD,7081,1,0,0.46,14,1,0,0.04934935628758071
CARD,EXPIRED_CARD,14643,4,2,0.29,9,0,0,0.04158732875453711
UPI,EXPIRED_CARD,34690,1,0,0.47,2,1,0,0.017373441534850216
CARD,BANK_TIMEOUT,2492,3,4,0.02,2,1,1,0.5773724656746768
CARD,FRAUD_SUSPECTED,38891,4,3,0.15,7,0,1,0.02635919031846868
NETBANKING,INVALID_CARD,46062,3,2,0.47,7,0,1,0.037615492552299824
UPI,INSUFFICIENT_FUNDS,47737,2,2,0.13,0,0,1,0.20871888090277593
NETBANKING,ACCOUNT_BLOCKED,11903,4,5,0.21,11,0,1,0.03176330470418048
NETBANKING,ACCOUNT_BLOCKED,31401,4,1,0.06,14,0,1,0.036334876885691224
NETBANKING,GATEWAY_TIMEOUT,17994,4,5,0.36,6,1,1,0.5197822621834051
NETBANKING,INSUFFICIENT_FUNDS,40845,2,3,0.33,12,1,0,0.043077449844252574
UPI,INSUFFICIENT_FUNDS,18022,2,0,0.45,15,1,1,0.2687225587914721
CARD,BANK_TIMEOUT,24039,3,4,0.32,15,0,1,0.5642507535573281
UPI,NETWORK_ERROR,47095,1,3,0.08,0,1,0,0.6854462777353136
CARD,CARD_DECLINED,25865,3,3,0.11,18,1,0,0.01
CARD,FRAUD_SUSPECTED,23733,4,0,0.43,7,0,1,0.026141199419141024
CARD,NETWORK_ERROR,47567,4,3,0.48,18,0,1,0.5142154217408175
NETBANKING,BANK_TIMEOUT,21678,1,4,0.46,12,0,0,0.5587910449406572
UPI,NETWORK_ERROR,43827,1,0,0.41,13,0,1,0.7360413193450034
NETBANKING,EXPIRED_CARD,12717,3,2,0.48,23,0,0,0.05475588283517959
UPI,BANK_TIMEOUT,3172,2,5,0.38,16,1,1,0.6152208071447616
NETBANKING,BANK_TIMEOUT,44690,4,3,0.07,21,0,0,0.47913613148309
NETBANKING,CARD_DECLINED,34783,1,3,0.34,14,0,1,0.23160782887119405
CARD,FRAUD_SUSPECTED,47589,4,0,0.31,4,0,0,0.04787864531554962
UPI,INVALID_CARD,14080,1,4,0.37,12,1,0,0.01
UPI,INSUFFICIENT_FUNDS,2004,2,1,0.21,3,1,0,0.16135605635251327
UPI,FRAUD_SUSPECTED,41104,1,3,0.43,13,1,0,0.04366011473820971
UPI,INSUFFICIENT_FUNDS,37940,1,5,0.29,7,0,1,0.10499119927614475
NETBANKING,GATEWAY_TIMEOUT,41719,4,3,0.46,5,1,0,0.45010953746972476
CARD,ACCOUNT_BLOCKED,41034,3,1,0.47,10,0,1,0.036161032361733174
CARD,CARD_DECLINED,44913,3,1,0.4,23,1,1,0.12072956242633279
UPI,NETWORK_ERROR,20357,2,1,0.03,8,0,0,0.6690474569215838
CARD,EXPIRED_CARD,5681,3,2,0.35,19,0,1,0.029860043293817286
UPI,EXPIRED_CARD,34876,4,4,0.04,11,0,0,0.01
NETBANKING,CARD_DECLINED,25670,2,3,0.09,13,0,1,0.16052697942021932
UPI,INSUFFICIENT_FUNDS,9652,2,2,0.26,2,0,0,0.1762488761838339
CARD,ACCOUNT_BLOCKED,38729,4,3,0.39,23,1,0,0.0201644313563245
CARD,EXPIRED_CARD,38036,3,2,0.04,20,0,1,0.031981165894448015
CARD,NETWORK_ERROR,4916,1,3,0.34,12,1,0,0.6178417992520958
NETBANKING,INVALID_CARD,9826,3,3,0.48,14,1,0,0.01
CARD,INVALID_ACCOUNT,19214,2,1,0.11,0,0,1,0.04879227539616875
UPI,BANK_TIMEOUT,48800,2,4,0.48,20,1,0,0.5231276360350382
UPI,GATEWAY_TIMEOUT,7350,1,3,0.34,16,0,0,0.6431764833008324
CARD,INSUFFICIENT_FUNDS,47041,4,2,0.38,9,1,0,0.01
CARD,GATEWAY_TIMEOUT,531,1,4,0.23,0,1,0,0.6314769983514847
CARD,NETWORK_ERROR,28729,2,3,0.31,13,0,1,0.6316247141258585
UPI,ACCOUNT_BLOCKED,48030,3,2,0.17,21,0,0,0.05569950577872409
UPI,BANK_TIMEOUT,33737,1,4,0.16,17,1,0,0.5668821316579539
UPI,INSUFFICIENT_FUNDS,45325,1,0,0.11,0,1,0,0.19190019246982568
CARD,BANK_TIMEOUT,10162,2,0,0.36,6,1,0,0.7217155324960313
NETBANKING,CARD_DECLINED,13042,4,2,0.41,18,0,1,0.12575200668955397
UPI,INVALID_ACCOUNT,2074,1,3,0.36,7,0,1,0.058023381695041086
CARD,ACCOUNT_BLOCKED,25364,4,5,0.34,0,0,0,0.04581280559408291
CARD,FRAUD_SUSPECTED,18348,3,0,0.47,12,0,1,0.01
NETBANKING,EXPIRED_CARD,380,1,5,0.28,9,1,0,0.01
NETBANKING,NETWORK_ERROR,32199,4,2,0.08,13,0,0,0.5606348534595921
CARD,NETWORK_ERROR,7899,3,0,0.17,0,1,1,0.6628715489587247
NETBANKING,INSUFFICIENT_FUNDS,8106,3,1,0.36,11,0,0,0.1536314134915506
UPI,INVALID_ACCOUNT,3245,3,4,0.42,6,1,1,0.02359610207688858
UPI,FRAUD_SUSPECTED,17861,1,5,0.43,9,1,1,0.01
CARD,INSUFFICIENT_FUNDS,39147,3,0,0.39,2,0,1,0.208629349499313
CARD,FRAUD_SUSPECTED,33296,4,1,0.24,22,0,1,0.01
UPI,EXPIRED_CARD,18211,1,1,0.02,11,0,1,0.07977329036352787
NETBANKING,INVALID_CARD,4517,3,1,0.1,7,1,1,0.05596242956231271
CARD,FRAUD_SUSPECTED,39176,2,0,0.17,11,1,1,0.01
CARD,ACCOUNT_BLOCKED,39897,1,0,0.34,14,0,0,0.05686411960829062
CARD,EXPIRED_CARD,27079,2,3,0.44,10,0,0,0.059732034943293495
UPI,INVALID_ACCOUNT,37454,3,4,0.29,1,0,1,0.02592975551513322
UPI,GATEWAY_TIMEOUT,7720,2,1,0.2,16,1,0,0.6207762401665845
NETBANKING,INSUFFICIENT_FUNDS,17945,4,3,0.34,2,0,0,0.01
CARD,CARD_DECLINED,25686,1,5,0.07,7,1,0,0.07965423117960432
NETBANKING,FRAUD_SUSPECTED,45708,4,0,0.46,7,0,1,0.03481682787910339
NETBANKING,FRAUD_SUSPECTED,9637,3,5,0.32,17,1,0,0.014609821567660641
CARD,INSUFFICIENT_FUNDS,37808,4,3,0.35,1,0,0,0.01
CARD,ACCOUNT_BLOCKED,18749,3,2,0.16,21,1,1,0.01
UPI,EXPIRED_CARD,26510,2,5,0.22,12,1,1,0.025419215136959834
CARD,EXPIRED_CARD,23342,1,5,0.2,23,1,0,0.01
NETBANKING,INVALID_ACCOUNT,13816,3,5,0.32,18,0,1,0.04123749614206707
NETBANKING,ACCOUNT_BLOCKED,28227,3,4,0.43,14,0,1,0.01
NETBANKING,INVALID_ACCOUNT,4821,4,3,0.27,6,1,0,0.01
NETBANKING,INSUFFICIENT_FUNDS,3821,4,5,0.34,21,1,1,0.05573015525037756
UPI,INSUFFICIENT_FUNDS,20829,1,5,0.32,15,0,1,0.14638682141655845
UPI,INSUFFICIENT_FUNDS,13034,3,2,0.02,6,1,1,0.12098958357716744
NETBANKING,FRAUD_SUSPECTED,44803,1,5,0.1,2,0,1,0.01
UPI,EXPIRED_CARD,15690,3,5,0.34,10,0,1,0.022306893952556188
UPI,CARD_DECLINED,39043,1,1,0.08,4,0,1,0.280207141076996
UPI,CARD_DECLINED,27879,3,0,0.3,22,1,1,0.1468144447689328
NETBANKING,EXPIRED_CARD,2846,2,0,0.03,3,1,1,0.02436429035258412
CARD,CARD_DECLINED,17497,3,4,0.14,15,1,0,0.06259713265308546
UPI,INVALID_ACCOUNT,37043,2,5,0.3,20,0,1,0.02770008037419546
UPI,INVALID_CARD,21394,1,3,0.37,3,0,0,0.04693035777615543
NETBANKING,INSUFFICIENT_FUNDS,43105,1,2,0.2,9,1,1,0.1848332378798698
UPI,CARD_DECLINED,24412,3,2,0.41,10,1,0,0.01
CARD,INSUFFICIENT_FUNDS,46348,3,3,0.01,15,1,1,0.14129319452761524
UPI,INSUFFICIENT_FUNDS,42447,2,3,0.21,6,0,1,0.1768374192293589
CARD,BANK_TIMEOUT,2015,2,5,0.37,7,1,1,0.6050872712587486
UPI,INVALID_CARD,36984,1,1,0.47,5,0,0,0.016423377576561732
CARD,FRAUD_SUSPECTED,44437,1,3,0.06,19,0,1,0.02433149869632053
CARD,BANK_TIMEOUT,47371,1,2,0.34,5,0,0,0.6467206380248207
UPI,CARD_DECLINED,20372,1,3,0.22,15,0,0,0.14623925493830556
NETBANKING,NETWORK_ERROR,36225,2,5,0.13,21,0,0,0.5810632612975453
UPI,ACCOUNT_BLOCKED,24867,2,0,0.01,10,0,0,0.017038394067466017
UPI,GATEWAY_TIMEOUT,27487,1,0,0.45,4,0,0,0.7402367766673126
CARD,CARD_DECLINED,12016,4,0,0.16,19,1,1,0.17753381405880572
NETBANKING,EXPIRED_CARD,11012,2,0,0.21,4,0,0,0.07499857261713615
UPI,INVALID_CARD,37909,1,2,0.14,22,1,1,0.016326943084292035
CARD,GATEWAY_TIMEOUT,48639,3,3,0.21,18,1,0,0.543673237820407
CARD,EXPIRED_CARD,10299,3,2,0.1,14,0,1,0.015011230309140982
NETBANKING,CARD_DECLINED,30854,4,4,0.45,8,0,1,0.01
NETBANKING,ACCOUNT_BLOCKED,17964,4,2,0.24,14,0,1,0.01
NETBANKING,INVALID_ACCOUNT,32876,4,1,0.28,4,1,0,0.03955654233600129
UPI,INVALID_ACCOUNT,9709,4,5,0.36,22,1,1,0.01
UPI,BANK_TIMEOUT,22487,2,3,0.05,16,1,0,0.5784688867533151
NETBANKING,INVALID_CARD,35669,1,1,0.05,20,1,1,0.03556143820245338
CARD,ACCOUNT_BLOCKED,24196,1,1,0.24,16,0,0,0.05401172835692778
CARD,GATEWAY_TIMEOUT,36580,3,1,0.49,21,1,0,0.5948454912594776
UPI,NETWORK_ERROR,37901,1,4,0.28,8,0,1,0.6222763077102319
NETBANKING,NETWORK_ERROR,30985,1,5,0.26,23,1,1,0.6512222601610512
UPI,FRAUD_SUSPECTED,11277,1,3,0.24,3,0,1,0.04270102239044899
UPI,CARD_DECLINED,14916,2,3,0.49,18,1,1,0.14071025927313202
CARD,GATEWAY_TIMEOUT,42574,3,3,0.05,1,1,0,0.5041590762399046
NETBANKING,BANK_TIMEOUT,3458,4,0,0.41,15,1,0,0.6016512761239785
UPI,FRAUD_SUSPECTED,3250,2,2,0.34,18,1,0,0.028607756318599874
NETBANKING,INSUFFICIENT_FUNDS,46193,2,0,0.05,21,0,1,0.25144743852650164
NETBANKING,ACCOUNT_BLOCKED,31122,3,5,0.24,22,1,0,0.046815611719448945
CARD,FRAUD_SUSPECTED,39094,4,5,0.16,5,1,0,0.01
NETBANKING,ACCOUNT_BLOCKED,48727,3,5,0.33,1,1,0,0.01
UPI,FRAUD_SUSPECTED,47207,2,3,0.15,21,1,0,0.05004565916811773
UPI,INSUFFICIENT_FUNDS,30153,2,3,0.4,12,1,1,0.11335732036472282
NETBANKING,INVALID_CARD,414,3,2,0.25,2,1,1,0.01987116817928792
UPI,FRAUD_SUSPECTED,34241,3,4,0.36,16,0,1,0.01
NETBANKING,BANK_TIMEOUT,33884,1,1,0.48,10,1,0,0.6403241463709408
UPI,FRAUD_SUSPECTED,29211,3,2,0.17,18,1,0,0.01
CARD,INSUFFICIENT_FUNDS,20897,2,3,0.37,3,0,0,0.05205291713138997
UPI,INVALID_ACCOUNT,24475,1,4,0.13,21,1,1,0.0196454294192586
UPI,NETWORK_ERROR,16009,3,4,0.21,16,0,0,0.590873425587326
CARD,INSUFFICIENT_FUNDS,42753,3,5,0.47,17,0,0,0.04847497415259231
UPI,INVALID_CARD,17447,2,2,0.31,15,0,0,0.01
CARD,CARD_DECLINED,35925,2,4,0.26,15,0,0,0.12083855627792904
CARD,EXPIRED_CARD,44866,3,4,0.37,8,1,1,0.01
CARD,GATEWAY_TIMEOUT,38364,2,3,0.48,15,1,1,0.6506666648048175
UPI,NETWORK_ERROR,17286,4,0,0.23,15,1,0,0.6278672176833628
CARD,GATEWAY_TIMEOUT,40830,2,3,0.23,13,1,1,0.67107082831162
CARD,CARD_DECLINED,18370,3,4,0.14,14,1,0,0.01
UPI,NETWORK_ERROR,40101,2,5,0.47,22,0,1,0.6224720979709335
UPI,FRAUD_SUSPECTED,39557,4,1,0.35,10,0,0,0.01
UPI,INVALID_ACCOUNT,39605,1,0,0.09,8,1,1,0.07885170153084609
UPI,INVALID_CARD,47205,3,3,0.07,2,1,1,0.015438440891591776
CARD,GATEWAY_TIMEOUT,46319,2,5,0.46,1,1,0,0.5097230872056524
CARD,ACCOUNT_BLOCKED,16636,1,2,0.48,3,1,0,0.01
UPI,EXPIRED_CARD,41758,3,1,0.13,6,1,0,0.04084262749921675
NETBANKING,EXPIRED_CARD,4517,4,5,0.33,9,1,1,0.04722048690493239
CARD,INVALID_CARD,12424,1,0,0.07,2,0,0,0.09215427308122126
UPI,INVALID_ACCOUNT,32099,1,3,0.21,10,1,1,0.02225828965139843
NETBANKING,FRAUD_SUSPECTED,33759,4,3,0.12,13,1,1,0.01
UPI,GATEWAY_TIMEOUT,41287,2,2,0.08,5,1,1,0.6803999686252352
CARD,ACCOUNT_BLOCKED,17959,4,4,0.46,19,1,0,0.01368568711094671
UPI,INVALID_ACCOUNT,18879,4,0,0.17,1,0,0,0.026984883859916993
NETBANKING,GATEWAY_TIMEOUT,40528,4,0,0.4,5,0,0,0.6217964168017883
UPI,INVALID_CARD,25110,4,2,0.07,14,1,1,0.01
NETBANKING,FRAUD_SUSPECTED,12299,4,1,0.27,23,1,0,0.032237523081303336
UPI,BANK_TIMEOUT,33249,4,3,0.28,8,1,0,0.5176587998147157
UPI,INVALID_CARD,12027,2,1,0.14,20,1,1,0.024033865722058637
CARD,INVALID_CARD,11469,2,5,0.07,14,1,0,0.01
CARD,INSUFFICIENT_FUNDS,22359,3,5,0.3,6,0,0,0.03759491314163966
UPI,GATEWAY_TIMEOUT,11255,3,3,0.46,0,1,0,0.5628659343530042
UPI,GATEWAY_TIMEOUT,21796,3,2,0.15,13,0,1,0.6842373062040678
CARD,BANK_TIMEOUT,19313,1,0,0.21,17,0,1,0.8578714972017567
CARD,CARD_DECLINED,26296,4,1,0.27,10,1,0,0.012701997312836048
CARD,INVALID_ACCOUNT,44087,3,5,0.34,15,0,0,0.01
UPI,ACCOUNT_BLOCKED,4723,2,2,0.28,10,1,1,0.05180197841634735
CARD,BANK_TIMEOUT,792,4,1,0.13,19,1,1,0.6352683748307119
NETBANKING,CARD_DECLINED,10563,4,2,0.03,13,0,1,0.10763289810654285
UPI,GATEWAY_TIMEOUT,47181,1,1,0.43,7,0,0,0.6711323878775094
NETBANKING,EXPIRED_CARD,6071,4,1,0.28,7,1,1,0.014972378629859033
UPI,FRAUD_SUSPECTED,36021,1,0,0.28,0,0,1,0.07386094851677096
UPI,EXPIRED_CARD,18463,2,2,0.21,0,0,1,0.018100216601566067
NETBANKING,EXPIRED_CARD,4745,3,3,0.19,13,1,1,0.02968375885227232
NETBANKING,CARD_DECLINED,23263,4,2,0.29,19,1,1,0.01
CARD,FRAUD_SUSPECTED,42602,2,5,0.32,4,0,1,0.01
NETBANKING,FRAUD_SUSPECTED,18858,1,4,0.12,11,0,1,0.01
NETBANKING,FRAUD_SUSPECTED,9498,1,3,0.45,16,0,0,0.01
CARD,NETWORK_ERROR,4497,2,0,0.16,11,1,1,0.7750532540797082
CARD,GATEWAY_TIMEOUT,4034,2,0,0.4,21,0,1,0.773067505796043
NETBANKING,CARD_DECLINED,30458,2,0,0.26,17,0,1,0.2891071419244136
UPI,FRAUD_SUSPECTED,44874,2,1,0.36,2,0,1,0.047805332982011055
CARD,BANK_TIMEOUT,48385,2,4,0.11,13,0,1,0.653398574706537
UPI,ACCOUNT_BLOCKED,16517,1,1,0.4,2,0,1,0.10184301155094289
NETBANKING,GATEWAY_TIMEOUT,23272,4,4,0.17,18,0,0,0.4612313122787125
CARD,ACCOUNT_BLOCKED,16672,1,1,0.4,20,0,0,0.012491749005382309
CARD,BANK_TIMEOUT,5758,1,0,0.11,9,0,1,0.8691044661569145
NETBANKING,FRAUD_SUSPECTED,31097,1,1,0.12,21,1,0,0.04924937804168516
CARD,INVALID_ACCOUNT,27363,1,1,0.25,9,0,0,0.04180032783485745
UPI,BANK_TIMEOUT,10941,1,5,0.36,16,0,0,0.5679433479996524
CARD,ACCOUNT_BLOCKED,20109,1,1,0.31,19,0,0,0.017839568242316056
NETBANKING,INVALID_CARD,19893,3,1,0.1,18,0,0,0.01131369468128665
UPI,INSUFFICIENT_FUNDS,12695,3,3,0.48,23,0,0,0.056226866184995304
UPI,INSUFFICIENT_FUNDS,49931,4,5,0.21,1,1,0,0.05112836456615711
UPI,BANK_TIMEOUT,43038,2,5,0.28,18,0,0,0.5807856524483692
CARD,CARD_DECLINED,2443,3,0,0.06,23,0,0,0.1462926254298109
UPI,CARD_DECLINED,17368,3,3,0.02,15,0,1,0.19743658733311192
CARD,INVALID_CARD,22706,1,5,0.25,11,0,1,0.03074862335597226
NETBANKING,EXPIRED_CARD,10063,2,0,0.41,23,0,0,0.01
UPI,EXPIRED_CARD,42206,1,0,0.33,21,0,1,0.11405432168305878
NETBANKING,EXPIRED_CARD,2130,2,4,0.31,6,0,1,0.01
CARD,BANK_TIMEOUT,995,3,4,0.31,12,1,1,0.5876418858204753
UPI,GATEWAY_TIMEOUT,16341,2,5,0.24,0,1,0,0.5702189464577937
CARD,INVALID_ACCOUNT,683,1,4,0.25,2,1,0,0.015943305358928586
UPI,INSUFFICIENT_FUNDS,12067,2,2,0.12,0,1,1,0.23695523587950817
CARD,CARD_DECLINED,18798,2,4,0.44,5,0,1,0.1195053768752356
NETBANKING,BANK_TIMEOUT,37964,4,1,0.08,10,0,1,0.6370409629535306
CARD,CARD_DECLINED,23435,3,0,0.11,3,1,0,0.1753855268171215
CARD,INVALID_ACCOUNT,10919,2,3,0.25,17,0,1,0.01
NETBANKING,INSUFFICIENT_FUNDS,9626,2,4,0.02,8,0,1,0.1535336161248205
CARD,INVALID_ACCOUNT,20494,4,3,0.45,8,1,1,0.054373015099548734
CARD,NETWORK_ERROR,25848,2,3,0.39,4,0,1,0.6137984950733552
CARD,FRAUD_SUSPECTED,22723,2,4,0.23,12,0,0,0.01
NETBANKING,CARD_DECLINED,419,1,0,0.38,8,1,0,0.21898714557246296
UPI,INVALID_ACCOUNT,7488,3,5,0.11,12,0,0,0.01
CARD,NETWORK_ERROR,6783,3,3,0.46,6,1,0,0.49293259608477136
NETBANKING,GATEWAY_TIMEOUT,26292,1,2,0.18,22,1,1,0.7591347565581159
CARD,GATEWAY_TIMEOUT,48696,4,4,0.49,12,1,0,0.42098318661159057
UPI,CARD_DECLINED,1889,2,2,0.44,21,1,1,0.14408097823849314
CARD,ACCOUNT_BLOCKED,23311,4,3,0.02,7,0,0,0.01
CARD,GATEWAY_TIMEOUT,10073,4,1,0.48,16,1,1,0.6327097095750687
NETBANKING,GATEWAY_TIMEOUT,45350,1,5,0.43,14,0,1,0.6567842521446772
UPI,INVALID_ACCOUNT,24194,1,4,0.17,21,1,0,0.05798402919619788
NETBANKING,INSUFFICIENT_FUNDS,17050,1,5,0.31,2,1,1,0.09231463183730526
UPI,NETWORK_ERROR,12484,4,5,0.4,0,0,1,0.5416246491131859
NETBANKING,CARD_DECLINED,36929,3,1,0.44,15,1,0,0.01755957318173896
CARD,GATEWAY_TIMEOUT,32016,3,5,0.33,10,0,1,0.5681301046470124
NETBANKING,FRAUD_SUSPECTED,16817,3,4,0.38,13,1,1,0.01
UPI,EXPIRED_CARD,45668,3,3,0.07,10,0,0,0.0567229098170853
UPI,INVALID_CARD,48759,1,5,0.5,6,1,1,0.01
NETBANKING,CARD_DECLINED,45786,3,4,0.1,10,0,1,0.11115988002185415
NETBANKING,INSUFFICIENT_FUNDS,10736,4,2,0.46,16,1,0,0.03268515607383079
NETBANKING,BANK_TIMEOUT,3574,1,3,0.02,17,0,0,0.7263088084400466
NETBANKING,CARD_DECLINED,41797,3,3,0.21,2,0,0,0.0946434906054914
NETBANKING,CARD_DECLINED,36763,3,0,0.35,9,0,0,0.1163379248333223
CARD,GATEWAY_TIMEOUT,35608,2,5,0.11,5,1,1,0.6149445269445951
NETBANKING,EXPIRED_CARD,37703,1,5,0.11,4,1,1,0.01
NETBANKING,EXPIRED_CARD,46694,4,0,0.42,10,0,0,0.0435791837607964
CARD,BANK_TIMEOUT,44345,3,0,0.47,0,1,0,0.5545993544376235
CARD,NETWORK_ERROR,5085,3,3,0.14,12,0,0,0.6459358486999003
NETBANKING,INSUFFICIENT_FUNDS,4055,4,2,0.4,5,1,1,0.04128856998653654
NETBANKING,INVALID_ACCOUNT,35923,3,5,0.1,15,1,1,0.015956785883523956
NETBANKING,EXPIRED_CARD,30147,1,0,0.24,17,0,0,0.030063694806583566
UPI,FRAUD_SUSPECTED,6313,2,0,0.38,23,0,0,0.03549516869038128
CARD,EXPIRED_CARD,37570,1,4,0.21,12,1,0,0.01
CARD,FRAUD_SUSPECTED,47215,2,4,0.5,18,1,1,0.01
CARD,INVALID_CARD,49775,2,0,0.39,0,0,0,0.028286559725570794
NETBANKING,EXPIRED_CARD,730,1,3,0.03,7,1,0,0.012772976183528932
NETBANKING,INVALID_CARD,46866,4,4,0.12,1,1,0,0.017063901397513195
NETBANKING,INSUFFICIENT_FUNDS,17988,3,4,0.09,22,1,1,0.11325363500749201
NETBANKING,EXPIRED_CARD,26928,2,4,0.21,1,1,1,0.027319762605042743
CARD,FRAUD_SUSPECTED,25984,3,3,0.08,15,1,1,0.027698173430693647
UPI,ACCOUNT_BLOCKED,33512,2,4,0.06,18,1,1,0.01
CARD,BANK_TIMEOUT,2744,2,2,0.17,4,0,0,0.6415902613680535
UPI,INVALID_CARD,40172,2,0,0.12,23,1,1,0.012531326719992249
CARD,EXPIRED_CARD,14693,2,0,0.31,22,0,1,0.09434857524579422
CARD,BANK_TIMEOUT,48101,4,1,0.17,13,1,0,0.5577296116862338
CARD,EXPIRED_CARD,26295,4,2,0.07,10,0,1,0.036005632901845074
NETBANKING,ACCOUNT_BLOCKED,1720,1,5,0.4,6,1,1,0.020047914036142513
UPI,INSUFFICIENT_FUNDS,9013,4,3,0.12,8,0,0,0.05127902134036757
CARD,INVALID_CARD,10542,2,3,0.08,7,1,0,0.01
NETBANKING,INSUFFICIENT_FUNDS,6785,1,1,0.41,22,1,0,0.14969056193770341
NETBANKING,ACCOUNT_BLOCKED,20559,2,5,0.11,1,0,1,0.01
UPI,INSUFFICIENT_FUNDS,15384,2,5,0.07,20,0,1,0.12971343430774182
NETBANKING,NETWORK_ERROR,8480,3,5,0.25,17,0,1,0.5714740009748345
CARD,NETWORK_ERROR,38926,3,5,0.34,15,1,1,0.5100353760246653
NETBANKING,INVALID_CARD,19485,3,5,0.18,9,0,0,0.01
NETBANKING,INVALID_ACCOUNT,14678,4,4,0.34,13,1,0,0.01
NETBANKING,GATEWAY_TIMEOUT,41337,4,1,0.33,19,1,1,0.588674034002556
CARD,GATEWAY_TIMEOUT,34583,2,5,0.4,1,0,1,0.5913609141932267
NETBANKING,EXPIRED_CARD,44463,2,5,0.11,22,1,0,0.01
UPI,ACCOUNT_BLOCKED,33510,3,4,0.41,13,1,1,0.0379377408926913
NETBANKING,BANK_TIMEOUT,8473,3,0,0.2,13,1,0,0.6403272424982729
CARD,INSUFFICIENT_FUNDS,19607,4,3,0.24,9,1,0,0.01
NETBANKING,FRAUD_SUSPECTED,47558,1,5,0.01,16,1,0,0.01
CARD,INVALID_CARD,11168,2,0,0.17,18,1,0,0.05075443199053751
CARD,CARD_DECLINED,13593,4,1,0.3,8,1,1,0.060722267628507694
NETBANKING,ACCOUNT_BLOCKED,22897,3,5,0.15,11,1,1,0.01
CARD,BANK_TIMEOUT,33755,4,1,0.03,4,0,0,0.6032186586458023
NETBANKING,EXPIRED_CARD,13470,4,5,0.19,21,0,1,0.03358303844222541
NETBANKING,EXPIRED_CARD,13527,2,1,0.47,6,1,1,0.01
UPI,ACCOUNT_BLOCKED,4380,4,5,0.2,3,0,0,0.020320814706665663
CARD,INVALID_ACCOUNT,34139,4,3,0.36,23,0,1,0.01
NETBANKING,GATEWAY_TIMEOUT,27189,3,2,0.46,14,0,1,0.6154098035971849
NETBANKING,FRAUD_SUSPECTED,41394,3,0,0.25,13,0,0,0.019947011767199277
CARD,NETWORK_ERROR,27286,3,5,0.33,11,0,0,0.46555641271924186
CARD,INSUFFICIENT_FUNDS,47008,3,3,0.22,18,1,1,0.1194166580839139
UPI,INSUFFICIENT_FUNDS,35460,4,4,0.44,23,1,0,0.010117345112103797
NETBANKING,BANK_TIMEOUT,43300,3,3,0.22,2,0,1,0.6122320317021368
CARD,EXPIRED_CARD,29102,1,4,0.27,17,0,1,0.01
CARD,FRAUD_SUSPECTED,2944,4,4,0.17,6,0,1,0.01
CARD,BANK_TIMEOUT,9917,2,0,0.26,18,1,1,0.7333281264619641
NETBANKING,GATEWAY_TIMEOUT,17481,2,2,0.39,7,1,1,0.6738389702779801
NETBANKING,FRAUD_SUSPECTED,11687,1,1,0.41,21,1,1,0.01
UPI,INVALID_ACCOUNT,29713,1,0,0.27,1,0,1,0.12977814029927656
CARD,ACCOUNT_BLOCKED,19153,4,3,0.01,9,0,0,0.01
CARD,EXPIRED_CARD,18201,4,3,0.37,18,0,0,0.01
UPI,GATEWAY_TIMEOUT,7688,3,0,0.49,7,1,1,0.7189034404092639
NETBANKING,INVALID_CARD,46641,1,5,0.29,20,0,0,0.03878288986425683
CARD,NETWORK_ERROR,20668,2,1,0.12,4,1,1,0.6481269460472592
UPI,INVALID_ACCOUNT,20664,3,5,0.01,0,0,1,0.038540437560218264
CARD,INSUFFICIENT_FUNDS,34090,1,0,0.5,0,0,0,0.2555567166911835
CARD,EXPIRED_CARD,6304,1,2,0.28,12,0,1,0.07275854790821998
NETBANKING,NETWORK_ERROR,12531,4,5,0.39,11,0,1,0.49460429415167434
NETBANKING,NETWORK_ERROR,44129,2,4,0.21,14,0,1,0.6584953373523535
CARD,NETWORK_ERROR,31755,1,4,0.02,9,0,0,0.6687135320923747
NETBANKING,FRAUD_SUSPECTED,1231,4,5,0.06,13,0,0,0.05628389298244683
UPI,INSUFFICIENT_FUNDS,9307,1,1,0.15,11,0,0,0.20920912546108483
CARD,BANK_TIMEOUT,43728,1,1,0.24,21,0,1,0.7656026704931375
NETBANKING,INVALID_ACCOUNT,22956,4,1,0.36,8,0,1,0.01
UPI,GATEWAY_TIMEOUT,27265,2,5,0.03,7,0,1,0.6261908998762376
CARD,NETWORK_ERROR,28236,3,3,0.34,5,0,0,0.5514367307064099
UPI,NETWORK_ERROR,35623,1,0,0.34,4,0,0,0.7055667058671171
UPI,FRAUD_SUSPECTED,23507,4,4,0.36,4,0,1,0.03880304541486756
UPI,NETWORK_ERROR,18744,3,4,0.22,21,0,0,0.5961473150720272
NETBANKING,INVALID_CARD,41601,1,4,0.38,17,0,1,0.01
CARD,GATEWAY_TIMEOUT,5936,1,1,0.38,6,1,0,0.70388667634312
CARD,CARD_DECLINED,6864,1,2,0.14,13,0,0,0.24517919264077004
CARD,NETWORK_ERROR,16920,1,4,0.42,8,1,1,0.6343612086180519
NETBANKING,FRAUD_SUSPECTED,2055,4,0,0.3,23,1,0,0.01
UPI,EXPIRED_CARD,17288,3,3,0.22,17,0,1,0.01714986000497732
UPI,EXPIRED_CARD,17001,2,4,0.49,2,1,0,0.0265155586739352
NETBANKING,BANK_TIMEOUT,19128,3,3,0.47,20,1,1,0.5509141590864928
UPI,INVALID_ACCOUNT,18951,4,3,0.38,19,0,1,0.01
UPI,INVALID_CARD,18823,4,1,0.27,20,1,0,0.01
CARD,INVALID_CARD,34096,3,4,0.45,4,1,0,0.020875031207977297
CARD,INVALID_CARD,5657,1,3,0.2,23,1,1,0.01
UPI,CARD_DECLINED,39209,2,2,0.41,12,1,1,0.15404669118372558
UPI,INVALID_CARD,24320,4,1,0.42,23,1,1,0.01
UPI,FRAUD_SUSPECTED,32687,2,1,0.05,4,1,0,0.01
UPI,FRAUD_SUSPECTED,10020,3,5,0.2,1,0,1,0.034512484548179366
NETBANKING,ACCOUNT_BLOCKED,20344,4,0,0.23,3,1,0,0.01
UPI,BANK_TIMEOUT,41121,3,5,0.45,10,0,0,0.443841781257832
UPI,INVALID_ACCOUNT,17938,3,3,0.02,19,0,1,0.026388164571980864
UPI,GATEWAY_TIMEOUT,8414,1,0,0.31,4,1,1,0.8279105899216014
UPI,NETWORK_ERROR,18264,1,2,0.43,17,1,0,0.6435239184310039
UPI,EXPIRED_CARD,31669,2,5,0.44,1,0,0,0.05279702686872873
CARD,INVALID_ACCOUNT,9751,2,0,0.12,19,0,0,0.053314359229425026
UPI,ACCOUNT_BLOCKED,25191,2,2,0.09,13,1,1,0.011931828835872486
NETBANKING,INVALID_CARD,14324,3,2,0.26,14,1,1,0.04668417791090652
CARD,INSUFFICIENT_FUNDS,46124,3,4,0.27,17,0,0,0.047898543772992026
CARD,GATEWAY_TIMEOUT,20715,3,2,0.38,4,1,0,0.5246935590183399
UPI,EXPIRED_CARD,34597,2,4,0.02,1,0,1,0.01
UPI,INVALID_ACCOUNT,48348,2,4,0.48,5,0,1,0.01
CARD,INVALID_CARD,24983,4,5,0.03,4,1,1,0.01
NETBANKING,INVALID_ACCOUNT,29377,1,5,0.34,1,1,1,0.01
NETBANKING,INSUFFICIENT_FUNDS,47075,4,4,0.19,6,0,1,0.05871355863665442
NETBANKING,GATEWAY_TIMEOUT,26060,2,0,0.33,1,1,1,0.7281872345942839
UPI,CARD_DECLINED,17357,2,0,0.32,3,0,1,0.2261619532982729
CARD,FRAUD_SUSPECTED,9428,4,2,0.18,14,1,1,0.053157346699194384
UPI,NETWORK_ERROR,39104,4,0,0.41,21,1,0,0.5217081610401628
UPI,CARD_DECLINED,38152,4,1,0.31,19,1,0,0.01
UPI,INSUFFICIENT_FUNDS,41596,3,1,0.15,19,1,1,0.16888929405170625
NETBANKING,FRAUD_SUSPECTED,36246,4,5,0.04,16,0,1,0.01117353752514042
UPI,GATEWAY_TIMEOUT,7676,3,4,0.3,15,1,0,0.5156344525792487
UPI,INVALID_ACCOUNT,8460,4,2,0.3,1,0,0,0.01
UPI,GATEWAY_TIMEOUT,15115,3,2,0.28,14,0,1,0.6570468951513913
NETBANKING,NETWORK_ERROR,20560,2,3,0.28,9,1,1,0.6443057082731296
CARD,CARD_DECLINED,517,4,0,0.12,12,1,1,0.14822167027929548
UPI,EXPIRED_CARD,24848,2,1,0.43,17,0,0,0.04654560742307735
UPI,INVALID_ACCOUNT,8426,1,4,0.42,6,1,0,0.01
CARD,EXPIRED_CARD,8859,4,2,0.36,6,0,0,0.045048752286354764
CARD,FRAUD_SUSPECTED,42295,4,4,0.09,1,1,1,0.02601328921811457
CARD,BANK_TIMEOUT,18002,3,1,0.06,6,1,1,0.6545583974707733
CARD,INVALID_ACCOUNT,47744,3,4,0.44,17,0,0,0.05665866756502893
NETBANKING,CARD_DECLINED,28476,3,0,0.09,8,0,0,0.11390892785259943
CARD,INSUFFICIENT_FUNDS,30750,1,3,0.38,0,1,0,0.14092845971604046
CARD,INVALID_ACCOUNT,6315,1,5,0.21,10,1,1,0.033811306048085805
NETBANKING,FRAUD_SUSPECTED,37633,3,1,0.05,7,1,0,0.05213960774570799
UPI,INVALID_CARD,12776,4,2,0.29,5,1,1,0.01
NETBANKING,EXPIRED_CARD,31310,4,2,0.29,11,1,0,0.01
CARD,NETWORK_ERROR,31919,3,4,0.05,11,0,0,0.5909933106211765
NETBANKING,INVALID_ACCOUNT,19615,2,3,0.4,4,0,0,0.020780561422506054
UPI,EXPIRED_CARD,26710,1,2,0.43,1,0,0,0.01
NETBANKING,NETWORK_ERROR,22009,3,4,0.48,9,1,0,0.4969383763960076
CARD,CARD_DECLINED,32828,2,0,0.14,18,0,0,0.1562535789191773
NETBANKING,INVALID_ACCOUNT,25906,1,3,0.39,8,1,0,0.01
NETBANKING,ACCOUNT_BLOCKED,37500,1,2,0.49,15,0,0,0.01
NETBANKING,ACCOUNT_BLOCKED,25062,4,5,0.12,14,0,0,0.018403333034801864
CARD,NETWORK_ERROR,3052,2,1,0.23,13,1,0,0.6844626754026495
UPI,FRAUD_SUSPECTED,33452,4,4,0.29,5,1,1,0.022044988560809768
CARD,NETWORK_ERROR,43653,3,2,0.46,14,0,0,0.5908220781359401
CARD,EXPIRED_CARD,566,1,0,0.34,9,0,1,0.13359273670549504
UPI,GATEWAY_TIMEOUT,47951,4,0,0.41,18,1,1,0.589630090615441
NETBANKING,INVALID_ACCOUNT,42098,4,0,0.03,16,1,1,0.01
CARD,INVALID_ACCOUNT,24905,4,4,0.15,6,0,1,0.01
CARD,BANK_TIMEOUT,11124,4,1,0.08,12,1,1,0.6705020813360234
CARD,ACCOUNT_BLOCKED,25902,3,5,0.17,14,1,1,0.02190204937702637
NETBANKING,CARD_DECLINED,29107,1,2,0.18,20,0,1,0.27736687675368216
CARD,FRAUD_SUSPECTED,42552,1,5,0.32,8,0,1,0.01
CARD,GATEWAY_TIMEOUT,39455,1,4,0.37,21,1,1,0.6708494964741101
NETBANKING,ACCOUNT_BLOCKED,17054,3,0,0.13,11,1,0,0.03728522492039008
CARD,INVALID_ACCOUNT,577,3,1,0.27,6,1,1,0.01803458928204247
UPI,ACCOUNT_BLOCKED,8021,2,3,0.3,9,0,1,0.04114224357962846
UPI,EXPIRED_CARD,14610,4,1,0.04,8,0,1,0.01
CARD,INSUFFICIENT_FUNDS,11678,3,0,0.16,1,0,1,0.2200964153085092
UPI,INVALID_ACCOUNT,29719,4,1,0.11,9,1,1,0.01
CARD,CARD_DECLINED,45428,4,3,0.38,7,0,0,0.05034289530343742
UPI,ACCOUNT_BLOCKED,40688,4,2,0.06,19,0,0,0.030871223475729757
NETBANKING,CARD_DECLINED,4675,1,0,0.02,20,1,1,0.27249206343512133
NETBANKING,NETWORK_ERROR,44799,3,0,0.2,16,1,1,0.6675776572270553
NETBANKING,EXPIRED_CARD,13350,2,1,0.43,0,1,0,0.01
UPI,FRAUD_SUSPECTED,29406,3,2,0.36,15,0,1,0.01
CARD,GATEWAY_TIMEOUT,26962,1,1,0.38,0,1,1,0.7054120142703602
CARD,BANK_TIMEOUT,31615,1,5,0.42,22,0,0,0.5879714220928649
UPI,INVALID_CARD,6316,2,4,0.06,6,1,1,0.01
NETBANKING,ACCOUNT_BLOCKED,34238,3,5,0.06,23,0,0,0.01
NETBANKING,EXPIRED_CARD,688,3,5,0.26,0,1,0,0.03584946382408597
NETBANKING,INVALID_CARD,42120,3,0,0.44,13,1,0,0.01
CARD,INVALID_ACCOUNT,13533,3,3,0.27,8,0,0,0.01
NETBANKING,FRAUD_SUSPECTED,30406,2,3,0.47,10,1,0,0.04679766825665086
CARD,ACCOUNT_BLOCKED,8573,4,1,0.26,19,0,0,0.01
CARD,INVALID_ACCOUNT,33264,2,5,0.4,8,0,0,0.01
NETBANKING,INVALID_ACCOUNT,21439,3,2,0.5,1,1,0,0.01
UPI,BANK_TIMEOUT,30323,3,3,0.01,22,1,0,0.5413325535798921
NETBANKING,BANK_TIMEOUT,8239,3,1,0.11,20,0,0,0.6697051707413652
NETBANKING,ACCOUNT_BLOCKED,26458,4,1,0.12,19,0,0,0.01
CARD,FRAUD_SUSPECTED,17449,1,1,0.02,19,0,1,0.045517850551824446
UPI,GATEWAY_TIMEOUT,44836,4,1,0.46,0,0,0,0.5806381808926789
NETBANKING,ACCOUNT_BLOCKED,23514,2,0,0.28,10,0,0,0.01
UPI,NETWORK_ERROR,43635,2,5,0.03,22,1,0,0.5677747728441399
UPI,CARD_DECLINED,34725,1,5,0.03,7,0,1,0.1467321725865354
CARD,EXPIRED_CARD,14355,3,3,0.38,15,1,0,0.018691278704515507
NETBANKING,GATEWAY_TIMEOUT,17853,3,5,0.34,7,0,1,0.6018021297191425
NETBANKING,GATEWAY_TIMEOUT,31951,2,5,0.1,16,0,1,0.6531797648031173
UPI,ACCOUNT_BLOCKED,23367,1,4,0.18,11,1,1,0.02855611310810053
NETBANKING,INVALID_ACCOUNT,43444,1,2,0.45,18,0,0,0.01
NETBANKING,NETWORK_ERROR,37795,4,5,0.37,19,1,1,0.42918017847965745
NETBANKING,EXPIRED_CARD,25507,1,5,0.4,0,1,1,0.018520361586996173
UPI,FRAUD_SUSPECTED,48406,1,4,0.29,20,1,1,0.01
CARD,BANK_TIMEOUT,15653,3,0,0.23,13,1,1,0.7253854293467826
NETBANKING,INSUFFICIENT_FUNDS,24234,3,4,0.26,1,0,0,0.018663670240818907
CARD,CARD_DECLINED,29396,4,5,0.25,15,1,1,0.017442391569822864
UPI,FRAUD_SUSPECTED,18703,1,1,0.12,14,0,1,0.08166607977956135
UPI,EXPIRED_CARD,39168,4,4,0.03,15,0,1,0.04741658354620184
CARD,ACCOUNT_BLOCKED,18725,3,4,0.35,13,1,1,0.05220229962440417
UPI,INVALID_CARD,28042,2,1,0.34,10,1,1,0.01
CARD,FRAUD_SUSPECTED,38512,2,2,0.45,5,1,1,0.01
NETBANKING,BANK_TIMEOUT,24715,3,0,0.39,4,1,0,0.6189539982100393
CARD,FRAUD_SUSPECTED,13033,1,2,0.41,3,0,1,0.01
NETBANKING,BANK_TIMEOUT,3762,3,2,0.48,10,0,1,0.627319220539664
NETBANKING,FRAUD_SUSPECTED,23924,4,1,0.48,13,0,0,0.01
NETBANKING,EXPIRED_CARD,45932,4,3,0.26,17,1,0,0.01
NETBANKING,ACCOUNT_BLOCKED,6106,1,4,0.21,22,0,1,0.01
CARD,NETWORK_ERROR,24384,3,5,0.24,10,0,0,0.5085747231529633
NETBANKING,EXPIRED_CARD,38312,2,1,0.2,12,0,0,0.0470340459559613
NETBANKING,INVALID_CARD,2462,3,5,0.34,2,0,1,0.01
NETBANKING,INSUFFICIENT_FUNDS,39239,1,0,0.06,6,0,0,0.23017634028635714
CARD,BANK_TIMEOUT,2261,2,5,0.34,7,0,1,0.5902993775753484
NETBANKING,BANK_TIMEOUT,12220,1,5,0.34,7,1,0,0.6303636981061721
UPI,INVALID_ACCOUNT,34984,2,4,0.16,14,0,1,0.03729248289227916
CARD,INVALID_CARD,16383,3,1,0.37,17,0,1,0.011250362172245598
UPI,GATEWAY_TIMEOUT,19364,2,5,0.39,13,1,1,0.5588094076729561
NETBANKING,INVALID_CARD,20216,3,0,0.14,20,0,0,0.036162545751709275
NETBANKING,INVALID_CARD,26738,2,3,0.3,20,1,0,0.02830993644375842
NETBANKING,EXPIRED_CARD,29173,3,2,0.31,5,1,1,0.012647452388602624
NETBANKING,NETWORK_ERROR,20151,3,3,0.41,6,1,0,0.46818514639912073
CARD,FRAUD_SUSPECTED,28749,4,2,0.33,6,1,0,0.054154837841239804
NETBANKING,INVALID_CARD,38329,1,4,0.47,12,1,1,0.01
NETBANKING,INVALID_ACCOUNT,4286,1,5,0.49,5,0,0,0.01
NETBANKING,GATEWAY_TIMEOUT,17551,4,4,0.25,5,0,0,0.5017710399685716
UPI,EXPIRED_CARD,46434,3,0,0.49,21,0,0,0.011468114118034936
CARD,CARD_DECLINED,46423,3,3,0.26,1,1,1,0.05678579978951935
CARD,FRAUD_SUSPECTED,44387,4,5,0.21,21,1,1,0.010241568971703209
NETBANKING,BANK_TIMEOUT,3646,3,2,0.04,23,0,1,0.6997201352034591
CARD,INVALID_CARD,17213,3,4,0.14,13,0,0,0.01
CARD,INVALID_CARD,7136,3,3,0.18,8,1,0,0.01
CARD,GATEWAY_TIMEOUT,5852,4,3,0.13,22,0,1,0.5607288041790643
UPI,FRAUD_SUSPECTED,5527,1,4,0.49,11,0,1,0.01
NETBANKING,NETWORK_ERROR,15529,2,2,0.44,17,1,0,0.6203423049804497
NETBANKING,CARD_DECLINED,12390,2,1,0.36,16,1,1,0.19507566007242907
UPI,GATEWAY_TIMEOUT,32210,1,2,0.07,6,0,0,0.6932211733464578
NETBANKING,INVALID_ACCOUNT,40444,1,5,0.41,1,0,1,0.01
NETBANKING,NETWORK_ERROR,34751,3,2,0.23,20,1,1,0.5931849498883892
NETBANKING,BANK_TIMEOUT,21972,2,3,0.02,5,1,1,0.6075682516377259
UPI,CARD_DECLINED,14227,3,4,0.41,1,1,0,0.022751116219148042
CARD,FRAUD_SUSPECTED,8193,2,0,0.22,0,0,0,0.01
NETBANKING,ACCOUNT_BLOCKED,29969,3,2,0.4,6,1,0,0.01
CARD,INSUFFICIENT_FUNDS,10257,1,2,0.13,19,0,1,0.25520038217970037
UPI,GATEWAY_TIMEOUT,27216,4,3,0.18,1,0,0,0.4821246316743688
UPI,INVALID_CARD,23417,3,4,0.02,4,1,1,0.01
CARD,GATEWAY_TIMEOUT,27689,4,1,0.45,21,0,1,0.607905667641496
CARD,BANK_TIMEOUT,9535,4,5,0.16,0,0,1,0.5743420424076366
NETBANKING,INVALID_CARD,36135,4,0,0.22,0,1,1,0.055693250802170725
UPI,GATEWAY_TIMEOUT,5554,1,3,0.23,22,0,0,0.7341838766641379
CARD,INSUFFICIENT_FUNDS,37740,2,5,0.46,0,1,1,0.046972515882459306
NETBANKING,ACCOUNT_BLOCKED,46031,3,0,0.44,13,1,1,0.04176994774942475
CARD,ACCOUNT_BLOCKED,19551,2,1,0.43,22,0,0,0.01
UPI,INVALID_CARD,44887,3,3,0.38,10,1,0,0.017353705186061434
UPI,BANK_TIMEOUT,20061,1,5,0.45,10,1,0,0.5729057870179882
UPI,BANK_TIMEOUT,39866,2,1,0.15,11,0,0,0.7230521212642249
UPI,INSUFFICIENT_FUNDS,526,3,3,0.36,11,1,0,0.04054622502666503
UPI,BANK_TIMEOUT,37956,3,0,0.21,8,0,1,0.7419076145954232
UPI,GATEWAY_TIMEOUT,6384,4,0,0.42,23,1,1,0.5841487668091946
UPI,FRAUD_SUSPECTED,46221,2,4,0.45,7,0,1,0.01
NETBANKING,INVALID_ACCOUNT,24617,4,4,0.06,12,1,1,0.01
NETBANKING,NETWORK_ERROR,32447,2,5,0.39,7,0,0,0.5791031723746696
NETBANKING,FRAUD_SUSPECTED,47358,3,4,0.05,12,0,0,0.03174744505469503
UPI,EXPIRED_CARD,38691,2,3,0.15,15,0,1,0.032268270179612556
UPI,INVALID_CARD,23062,3,2,0.42,23,1,0,0.0531395715780086
CARD,EXPIRED_CARD,1506,4,3,0.43,0,1,1,0.01
UPI,EXPIRED_CARD,35357,3,3,0.08,23,0,1,0.01
NETBANKING,GATEWAY_TIMEOUT,27013,1,1,0.49,20,1,0,0.6231281054326243
CARD,INVALID_ACCOUNT,1408,1,0,0.5,7,1,0,0.028763503022009924
UPI,ACCOUNT_BLOCKED,18341,1,4,0.04,14,0,0,0.04723573103271774
UPI,EXPIRED_CARD,45339,4,5,0.09,0,1,1,0.01
CARD,EXPIRED_CARD,3360,1,2,0.34,14,0,1,0.05665204585302039
UPI,NETWORK_ERROR,37007,3,3,0.33,23,1,1,0.5604014119417753
CARD,EXPIRED_CARD,13356,3,4,0.19,22,0,0,0.01
CARD,NETWORK_ERROR,13512,3,3,0.13,23,1,1,0.6400606999476603
NETBANKING,ACCOUNT_BLOCKED,11549,3,0,0.03,11,0,1,0.04369755901918379
CARD,INVALID_ACCOUNT,27367,4,1,0.19,3,0,0,0.01
CARD,CARD_DECLINED,33496,4,2,0.25,19,0,1,0.12133164017267864
NETBANKING,ACCOUNT_BLOCKED,43790,3,5,0.28,6,0,1,0.01
NETBANKING,ACCOUNT_BLOCKED,30880,1,1,0.18,1,0,0,0.01
CARD,CARD_DECLINED,28004,1,1,0.2,15,0,0,0.22685972900705687
NETBANKING,ACCOUNT_BLOCKED,12496,2,2,0.13,1,0,0,0.01
NETBANKING,EXPIRED_CARD,36591,2,0,0.17,12,0,1,0.040391104722129416
UPI,FRAUD_SUSPECTED,21824,2,3,0.35,1,0,1,0.03755520384673818
CARD,CARD_DECLINED,31560,1,0,0.1,5,1,0,0.20903828303963587
CARD,NETWORK_ERROR,29726,2,4,0.49,4,0,0,0.5092704063061596
NETBANKING,EXPIRED_CARD,33568,4,2,0.45,0,0,1,0.028566009194568608
CARD,FRAUD_SUSPECTED,49778,1,2,0.17,15,1,1,0.03809746998923399
NETBANKING,NETWORK_ERROR,30160,3,1,0.05,4,1,0,0.5851809449797414
CARD,INSUFFICIENT_FUNDS,23020,2,4,0.46,2,0,1,0.10349537020304678
UPI,ACCOUNT_BLOCKED,9322,4,1,0.03,8,0,0,0.01
NETBANKING,FRAUD_SUSPECTED,29637,3,3,0.1,19,1,0,0.01
UPI,INVALID_CARD,35216,4,3,0.49,16,1,1,0.01
NETBANKING,CARD_DECLINED,15031,3,2,0.4,1,0,0,0.07998419563912366
CARD,ACCOUNT_BLOCKED,31160,3,4,0.1,8,0,0,0.05208225232193179
UPI,NETWORK_ERROR,34478,1,4,0.28,20,1,0,0.5634127890463063
UPI,ACCOUNT_BLOCKED,16183,3,3,0.49,10,0,1,0.03965745963364627
NETBANKING,NETWORK_ERROR,6702,1,2,0.36,1,0,1,0.7498055566023524
CARD,BANK_TIMEOUT,42241,1,3,0.15,21,0,1,0.683737641946888
CARD,FRAUD_SUSPECTED,18701,4,1,0.01,5,0,0,0.01
CARD,INVALID_CARD,40927,2,1,0.34,18,1,0,0.01
UPI,EXPIRED_CARD,16229,3,1,0.15,12,0,1,0.04332002157433524
CARD,EXPIRED_CARD,45003,1,5,0.33,13,0,0,0.05263378126224908
NETBANKING,NETWORK_ERROR,3473,4,4,0.5,11,0,1,0.49898858125306444
UPI,NETWORK_ERROR,17123,1,5,0.1,5,0,1,0.7033107990821408
CARD,FRAUD_SUSPECTED,26272,1,3,0.26,19,1,1,0.01
UPI,INVALID_ACCOUNT,48067,3,2,0.07,6,0,1,0.01
NETBANKING,BANK_TIMEOUT,9306,3,4,0.4,2,1,1,0.5796642411939933
CARD,INVALID_ACCOUNT,7739,4,5,0.31,21,1,1,0.01488042620601907
NETBANKING,BANK_TIMEOUT,46230,3,1,0.37,9,0,0,0.5615644355523883
NETBANKING,NETWORK_ERROR,42247,1,5,0.15,18,1,0,0.5540193171129811
CARD,BANK_TIMEOUT,49322,1,1,0.41,11,1,0,0.6770487758822716
CARD,GATEWAY_TIMEOUT,27113,3,1,0.01,3,0,0,0.5998072634415512
CARD,BANK_TIMEOUT,10071,1,4,0.45,20,1,1,0.6485839799182643
NETBANKING,INVALID_ACCOUNT,34216,4,3,0.19,9,0,0,0.01
NETBANKING,NETWORK_ERROR,16306,4,3,0.44,10,0,1,0.5472171198104262
CARD,ACCOUNT_BLOCKED,8210,3,1,0.4,23,0,0,0.049243037324475665
UPI,INSUFFICIENT_FUNDS,4139,3,1,0.12,11,1,0,0.1667211359773907
UPI,CARD_DECLINED,12095,3,5,0.49,23,0,0,0.04814079294095013
NETBANKING,CARD_DECLINED,25956,2,3,0.24,2,0,0,0.0570027661882274
UPI,FRAUD_SUSPECTED,16280,3,1,0.13,13,1,0,0.04135425630821924
CARD,INVALID_CARD,2042,3,1,0.31,23,0,1,0.02397917174255789
CARD,INVALID_CARD,30886,3,0,0.49,22,1,1,0.04632580722428376
UPI,BANK_TIMEOUT,29513,3,1,0.4,22,0,0,0.5741101978961826
UPI,BANK_TIMEOUT,24372,1,0,0.35,19,1,0,0.6833657295989086
CARD,GATEWAY_TIMEOUT,22687,3,1,0.22,9,0,1,0.6924941397091917
NETBANKING,INVALID_ACCOUNT,38937,2,4,0.1,13,0,1,0.029931604106187983
UPI,INVALID_ACCOUNT,43194,1,4,0.09,16,0,1,0.024810419970530205
NETBANKING,GATEWAY_TIMEOUT,30208,4,4,0.02,23,0,1,0.5160645619710635
UPI,FRAUD_SUSPECTED,30024,2,0,0.27,19,1,0,0.01
UPI,INVALID_CARD,44775,2,5,0.05,6,1,0,0.01
CARD,BANK_TIMEOUT,22787,1,3,0.49,20,0,1,0.6789486073366973
UPI,INVALID_ACCOUNT,36248,3,4,0.15,18,1,0,0.038223812838273565
CARD,INVALID_CARD,33167,4,5,0.48,4,0,0,0.01468340511200125
UPI,FRAUD_SUSPECTED,38032,3,0,0.31,8,1,1,0.01
UPI,GATEWAY_TIMEOUT,24399,3,2,0.06,6,0,1,0.6652333685661264
CARD,CARD_DECLINED,6408,4,1,0.33,11,0,0,0.03959096890438372
CARD,EXPIRED_CARD,20325,3,0,0.34,13,0,1,0.03563098173996935
NETBANKING,ACCOUNT_BLOCKED,743,3,5,0.02,2,1,0,0.01
UPI,GATEWAY_TIMEOUT,15648,3,1,0.22,22,1,1,0.7048375174407218
UPI,INSUFFICIENT_FUNDS,44561,2,1,0.32,17,0,0,0.1595954487623113
CARD,NETWORK_ERROR,34593,2,2,0.47,9,1,1,0.6707325938187747
UPI,NETWORK_ERROR,10666,4,5,0.17,18,1,0,0.4787420039598861
CARD,INSUFFICIENT_FUNDS,4709,1,2,0.31,6,0,0,0.24876656125198965
NETBANKING,INVALID_ACCOUNT,26494,2,1,0.04,13,1,1,0.027333212368580863
UPI,BANK_TIMEOUT,15492,1,4,0.4,7,1,1,0.6647141648470126
CARD,NETWORK_ERROR,44501,1,0,0.07,16,0,1,0.7705802733796999
CARD,BANK_TIMEOUT,35749,1,3,0.03,16,1,1,0.6532681156580239
NETBANKING,INVALID_ACCOUNT,30940,4,5,0.4,6,0,0,0.01
NETBANKING,ACCOUNT_BLOCKED,31442,1,1,0.34,0,1,0,0.024422723137876252
NETBANKING,EXPIRED_CARD,16864,2,5,0.11,9,0,0,0.01
CARD,NETWORK_ERROR,3048,1,2,0.42,0,0,0,0.710900617191416
UPI,INSUFFICIENT_FUNDS,8092,2,2,0.19,23,1,1,0.15431579912254592
NETBANKING,EXPIRED_CARD,49896,2,5,0.34,21,0,1,0.01
NETBANKING,EXPIRED_CARD,8650,1,3,0.2,2,1,1,0.01
CARD,EXPIRED_CARD,24418,1,1,0.26,14,0,0,0.04298339421531792
NETBANKING,INVALID_ACCOUNT,5606,2,4,0.23,20,0,0,0.01
CARD,INSUFFICIENT_FUNDS,2645,3,2,0.07,8,1,1,0.17692638661063562
CARD,INVALID_ACCOUNT,5637,4,5,0.12,3,0,1,0.05618403984195044
NETBANKING,INVALID_CARD,20527,1,1,0.32,3,1,1,0.058485782264916866
NETBANKING,FRAUD_SUSPECTED,40720,2,4,0.06,17,1,0,0.026167488240672353
NETBANKING,GATEWAY_TIMEOUT,2260,3,2,0.42,19,0,0,0.6063529205491396
CARD,NETWORK_ERROR,44289,3,2,0.03,13,0,1,0.6917439985129807
CARD,BANK_TIMEOUT,9292,1,5,0.24,20,0,1,0.6457219822247598
NETBANKING,CARD_DECLINED,12283,1,5,0.45,11,1,1,0.15057616250145842
NETBANKING,FRAUD_SUSPECTED,17596,3,0,0.23,16,1,1,0.01
NETBANKING,INVALID_ACCOUNT,35361,2,5,0.36,23,0,0,0.036228600684545566
UPI,BANK_TIMEOUT,29953,2,5,0.34,8,0,1,0.5854489966033506
UPI,NETWORK_ERROR,11489,3,3,0.06,14,1,1,0.6277414861417194
UPI,CARD_DECLINED,6311,1,5,0.49,17,1,1,0.1193475380255421
NETBANKING,INVALID_CARD,16950,3,1,0.48,4,1,1,0.042372562547934735
CARD,BANK_TIMEOUT,45693,3,4,0.28,15,0,0,0.5525204391596256
UPI,INVALID_ACCOUNT,30455,4,0,0.12,5,1,1,0.03765580940768585
NETBANKING,CARD_DECLINED,43328,3,1,0.4,0,1,0,0.03346037932333181
CARD,INVALID_CARD,34841,4,5,0.45,19,0,0,0.02390872282966878
UPI,CARD_DECLINED,15014,1,3,0.23,19,0,1,0.22739433065167136
NETBANKING,GATEWAY_TIMEOUT,18687,4,0,0.15,16,0,0,0.6779091274253244
NETBANKING,INSUFFICIENT_FUNDS,3978,1,4,0.22,9,0,0,0.13274605372826592
CARD,FRAUD_SUSPECTED,45276,4,2,0.06,3,0,1,0.01
UPI,EXPIRED_CARD,3826,1,1,0.14,14,1,0,0.048883725049254215
UPI,FRAUD_SUSPECTED,25091,4,2,0.02,22,1,0,0.01
CARD,NETWORK_ERROR,42659,2,1,0.07,10,1,0,0.6666987478036146
UPI,ACCOUNT_BLOCKED,1870,2,0,0.2,15,0,0,0.05370053559691551
NETBANKING,ACCOUNT_BLOCKED,13462,1,0,0.19,4,0,0,0.1287770802936679
CARD,CARD_DECLINED,10844,4,3,0.33,7,1,0,0.016053814489777524
NETBANKING,GATEWAY_TIMEOUT,20806,4,0,0.07,13,0,1,0.6798075470361468
NETBANKING,ACCOUNT_BLOCKED,46985,3,2,0.37,13,0,1,0.04510185020195775
CARD,FRAUD_SUSPECTED,13839,4,2,0.27,4,1,0,0.03198366496053014
NETBANKING,FRAUD_SUSPECTED,4033,1,2,0.43,18,1,0,0.01
UPI,GATEWAY_TIMEOUT,12869,3,4,0.19,7,1,0,0.5503664440559255
NETBANKING,FRAUD_SUSPECTED,42360,2,4,0.26,10,0,1,0.01
CARD,INVALID_ACCOUNT,5869,4,1,0.19,9,0,1,0.01
NETBANKING,EXPIRED_CARD,32366,4,3,0.13,8,1,1,0.039432367971018324
UPI,BANK_TIMEOUT,20161,4,2,0.41,1,1,0,0.477653210228905
NETBANKING,INVALID_ACCOUNT,8994,4,2,0.28,4,1,1,0.04062274259701846
UPI,EXPIRED_CARD,30419,2,4,0.18,20,1,1,0.01
UPI,GATEWAY_TIMEOUT,8048,1,2,0.02,5,1,1,0.7889826187623762
CARD,INSUFFICIENT_FUNDS,39621,4,0,0.06,13,0,0,0.07813354489386617
NETBANKING,CARD_DECLINED,30818,1,3,0.29,12,0,1,0.21784288228904894
UPI,EXPIRED_CARD,19541,2,0,0.35,1,0,0,0.01
NETBANKING,INSUFFICIENT_FUNDS,49220,3,1,0.34,19,1,1,0.1697830955941638
CARD,INVALID_ACCOUNT,37665,3,1,0.35,7,1,0,0.038635817655297604
CARD,ACCOUNT_BLOCKED,17440,4,5,0.14,9,1,1,0.044272341770245714
NETBANKING,INVALID_ACCOUNT,7700,2,3,0.37,23,0,1,0.030963055546642727
CARD,GATEWAY_TIMEOUT,28899,1,4,0.12,4,1,0,0.5741401392618397
NETBANKING,INSUFFICIENT_FUNDS,25930,2,3,0.2,14,1,1,0.15104920896172466
NETBANKING,CARD_DECLINED,2749,3,5,0.46,10,1,0,0.01
NETBANKING,INVALID_CARD,15265,1,0,0.48,11,0,0,0.07273494931269342
UPI,INVALID_ACCOUNT,47184,2,0,0.24,20,1,1,0.024766253558179116
UPI,INVALID_ACCOUNT,47165,2,3,0.39,13,1,1,0.03945894842811488
UPI,INSUFFICIENT_FUNDS,41056,2,2,0.35,6,0,1,0.14435263181582758
UPI,EXPIRED_CARD,34180,2,4,0.21,23,0,0,0.04248718079814081
CARD,NETWORK_ERROR,2791,1,1,0.2,15,1,0,0.6767712234388736
UPI,CARD_DECLINED,45772,4,4,0.34,12,1,0,0.047458636236726005
UPI,FRAUD_SUSPECTED,23461,4,1,0.06,0,1,0,0.01
NETBANKING,INVALID_ACCOUNT,12849,1,4,0.23,0,1,0,0.01
UPI,INSUFFICIENT_FUNDS,30710,4,1,0.06,4,1,0,0.09290882801004023
CARD,NETWORK_ERROR,48732,3,4,0.18,5,1,1,0.5626537197820106
NETBANKING,BANK_TIMEOUT,34538,2,3,0.28,0,0,0,0.5992068832447702
UPI,BANK_TIMEOUT,36850,4,0,0.44,3,1,1,0.5639987685719958
NETBANKING,FRAUD_SUSPECTED,37470,4,0,0.07,6,0,1,0.041069105580956757
NETBANKING,INVALID_ACCOUNT,47389,4,2,0.07,11,1,0,0.01
UPI,BANK_TIMEOUT,36197,1,3,0.43,19,1,0,0.6034856962384434
UPI,GATEWAY_TIMEOUT,48219,3,0,0.47,0,0,1,0.6743236877510499
NETBANKING,INVALID_CARD,32450,3,4,0.35,15,1,1,0.028277177617855177
CARD,BANK_TIMEOUT,38615,3,4,0.38,9,1,0,0.4616675999601282
CARD,GATEWAY_TIMEOUT,16359,4,3,0.31,21,1,0,0.4935313030317287
NETBANKING,INVALID_CARD,22324,1,4,0.46,9,0,0,0.01
UPI,INVALID_ACCOUNT,17820,3,0,0.34,22,1,1,0.01
CARD,INVALID_CARD,17191,2,2,0.31,6,1,0,0.01
NETBANKING,INVALID_CARD,29534,3,0,0.23,21,1,1,0.01328984358509292
CARD,CARD_DECLINED,40771,1,0,0.04,20,1,1,0.30011064129414866
CARD,CARD_DECLINED,6106,4,4,0.13,18,1,1,0.01
CARD,BANK_TIMEOUT,4850,2,2,0.29,3,1,1,0.6666374112336252
NETBANKING,ACCOUNT_BLOCKED,34279,2,2,0.49,14,0,1,0.01
CARD,BANK_TIMEOUT,31719,2,3,0.18,16,1,1,0.6213912246721746
NETBANKING,GATEWAY_TIMEOUT,28418,2,0,0.42,7,0,1,0.7732829183700254
CARD,EXPIRED_CARD,7820,2,2,0.2,15,0,0,0.01
UPI,BANK_TIMEOUT,1860,3,3,0.33,18,1,0,0.5337410184697274
UPI,CARD_DECLINED,12003,3,3,0.2,0,0,1,0.18168733692996605
NETBANKING,INSUFFICIENT_FUNDS,26790,1,5,0.48,0,0,1,0.07931747956659913
UPI,INVALID_CARD,22275,2,1,0.3,10,1,1,0.021653245158512274
NETBANKING,ACCOUNT_BLOCKED,29185,4,0,0.37,1,1,0,0.01
CARD,INVALID_CARD,6608,3,1,0.13,14,0,0,0.03839340737296535
NETBANKING,ACCOUNT_BLOCKED,5299,4,2,0.45,9,0,1,0.015981934396686333
UPI,INVALID_CARD,15721,4,3,0.1,2,1,1,0.030787288613463006
CARD,BANK_TIMEOUT,48534,3,2,0.49,16,1,1,0.5431939096775077
UPI,CARD_DECLINED,49927,4,2,0.04,5,1,1,0.11423786842366049
NETBANKING,NETWORK_ERROR,16529,1,5,0.37,16,1,0,0.5748264874869882
NETBANKING,CARD_DECLINED,45060,2,0,0.32,4,0,0,0.19562418126279035
NETBANKING,INVALID_ACCOUNT,10534,1,2,0.29,0,0,1,0.08086765848264162
UPI,INSUFFICIENT_FUNDS,9184,1,2,0.36,16,1,1,0.2159909502963568
CARD,NETWORK_ERROR,23914,3,0,0.37,14,1,1,0.6037066326563812
CARD,INVALID_CARD,36017,2,4,0.05,3,1,1,0.01
NETBANKING,INVALID_CARD,32314,4,3,0.47,15,1,1,0.01
CARD,EXPIRED_CARD,25924,1,4,0.18,0,1,0,0.01861155199690933
CARD,FRAUD_SUSPECTED,21114,2,0,0.25,1,1,1,0.012921974014013854
NETBANKING,INVALID_ACCOUNT,32951,4,1,0.24,9,1,0,0.01
CARD,NETWORK_ERROR,45119,3,5,0.03,19,0,1,0.595363633662044
UPI,INVALID_ACCOUNT,28398,3,0,0.04,15,0,1,0.01
CARD,INSUFFICIENT_FUNDS,38383,1,1,0.09,2,1,0,0.1565609711959814
UPI,INVALID_ACCOUNT,45732,2,4,0.41,7,0,0,0.04968377566261587
UPI,NETWORK_ERROR,33412,3,5,0.02,11,1,1,0.5223138147317397
CARD,FRAUD_SUSPECTED,24448,2,5,0.15,4,1,0,0.01
CARD,INSUFFICIENT_FUNDS,27105,4,2,0.18,22,0,1,0.049285796059265204
CARD,ACCOUNT_BLOCKED,35896,2,5,0.26,22,0,0,0.01
CARD,INVALID_CARD,40576,4,1,0.33,6,1,1,0.026429451294493693
UPI,EXPIRED_CARD,42916,2,2,0.47,12,0,0,0.020000582497364174
NETBANKING,ACCOUNT_BLOCKED,7364,4,1,0.14,13,1,1,0.01
UPI,ACCOUNT_BLOCKED,12940,4,5,0.47,9,0,1,0.012521069988612734
CARD,NETWORK_ERROR,31901,4,1,0.22,18,0,0,0.5992652944607478
UPI,GATEWAY_TIMEOUT,43024,4,0,0.31,1,1,0,0.5926684390969785
UPI,INVALID_ACCOUNT,43380,4,1,0.06,4,0,1,0.02369417315366231
NETBANKING,BANK_TIMEOUT,41644,3,2,0.37,12,0,1,0.6545509356455678
NETBANKING,CARD_DECLINED,27433,2,1,0.03,12,1,1,0.19780343188126848
NETBANKING,INSUFFICIENT_FUNDS,39528,2,5,0.18,16,0,1,0.07086105815454809
UPI,INVALID_CARD,8503,3,1,0.34,2,1,0,0.01
NETBANKING,EXPIRED_CARD,20670,3,4,0.38,9,0,1,0.04939684343310071
UPI,GATEWAY_TIMEOUT,18652,3,1,0.38,11,0,1,0.6600019844838028
UPI,ACCOUNT_BLOCKED,14017,2,1,0.26,18,1,0,0.01
CARD,BANK_TIMEOUT,19910,2,0,0.02,19,0,1,0.796421647471333
NETBANKING,INVALID_ACCOUNT,11496,2,5,0.17,22,0,0,0.03564908926922616
CARD,EXPIRED_CARD,41361,2,3,0.22,10,1,1,0.01
CARD,GATEWAY_TIMEOUT,29185,3,3,0.47,10,1,1,0.5587416274597885
UPI,CARD_DECLINED,30780,1,1,0.46,13,1,0,0.14795856387266165
NETBANKING,INSUFFICIENT_FUNDS,38117,2,4,0.38,4,1,0,0.02826713298842516
UPI,GATEWAY_TIMEOUT,4620,3,0,0.47,3,0,1,0.7360506509944857
UPI,INSUFFICIENT_FUNDS,37415,1,3,0.09,19,1,0,0.1801638608932655
CARD,EXPIRED_CARD,12482,2,5,0.44,18,0,0,0.02030211587612945
NETBANKING,BANK_TIMEOUT,14586,4,0,0.35,3,0,1,0.6496637402470815
UPI,ACCOUNT_BLOCKED,45766,3,2,0.24,2,1,0,0.01
NETBANKING,NETWORK_ERROR,27718,2,1,0.03,22,1,1,0.7168039992815572
UPI,BANK_TIMEOUT,47098,3,2,0.1,8,0,1,0.6267045671419065
CARD,INSUFFICIENT_FUNDS,10609,4,4,0.06,4,0,0,0.03715405969051596
CARD,GATEWAY_TIMEOUT,10923,4,3,0.36,7,1,0,0.49018155770645466
UPI,INVALID_ACCOUNT,29331,3,5,0.25,1,0,0,0.014040702246583886
CARD,INSUFFICIENT_FUNDS,2688,1,0,0.3,1,1,0,0.25341362817247925
UPI,FRAUD_SUSPECTED,33816,4,5,0.48,14,1,1,0.01
NETBANKING,INVALID_CARD,8003,4,1,0.28,9,1,0,0.01
CARD,INVALID_CARD,41893,2,1,0.1,9,1,1,0.024850722841138005
NETBANKING,INVALID_CARD,34726,3,0,0.17,23,1,0,0.01
CARD,FRAUD_SUSPECTED,32545,2,2,0.49,2,1,0,0.03876080179891631
CARD,INVALID_CARD,37382,4,2,0.35,18,1,1,0.01
CARD,BANK_TIMEOUT,2837,2,5,0.12,23,1,0,0.5262338309059804
CARD,CARD_DECLINED,33905,3,5,0.08,0,0,0,0.059076194649414514
UPI,FRAUD_SUSPECTED,6167,3,2,0.18,18,1,0,0.01
UPI,INSUFFICIENT_FUNDS,31863,4,3,0.03,2,1,0,0.0535713756305305
CARD,INSUFFICIENT_FUNDS,3862,2,4,0.42,1,0,0,0.11700752163431777
UPI,GATEWAY_TIMEOUT,38788,2,0,0.02,6,1,0,0.669139720896253
NETBANKING,INSUFFICIENT_FUNDS,39822,2,1,0.31,11,0,0,0.1806299153784276
NETBANKING,CARD_DECLINED,37309,4,1,0.28,0,1,1,0.09968710661412122
NETBANKING,ACCOUNT_BLOCKED,21623,2,4,0.04,17,1,0,0.025923085062743247
NETBANKING,CARD_DECLINED,49351,4,3,0.23,19,0,0,0.05508840290977802
CARD,INVALID_ACCOUNT,10312,3,2,0.21,12,1,1,0.028783300043648645
UPI,INVALID_CARD,44945,1,5,0.48,20,1,0,0.011804049617405747
NETBANKING,GATEWAY_TIMEOUT,44813,3,5,0.02,10,1,0,0.4714197877251578
NETBANKING,INVALID_CARD,10924,4,1,0.19,18,0,0,0.04071940385781487
UPI,FRAUD_SUSPECTED,29455,2,3,0.13,9,1,0,0.01
UPI,CARD_DECLINED,30739,2,1,0.39,21,0,1,0.21480335632816366
CARD,INVALID_CARD,26167,1,0,0.18,9,1,0,0.026684627092031572
CARD,INVALID_ACCOUNT,26042,2,4,0.41,12,1,0,0.01
CARD,ACCOUNT_BLOCKED,16799,1,1,0.34,20,1,0,0.012014146713224342
CARD,ACCOUNT_BLOCKED,46452,3,3,0.4,7,1,1,0.01
NETBANKING,INVALID_ACCOUNT,15032,2,0,0.28,17,0,0,0.01150420288689593
NETBANKING,INSUFFICIENT_FUNDS,17654,4,3,0.3,4,0,1,0.1265556155844292
NETBANKING,INSUFFICIENT_FUNDS,41495,1,0,0.39,5,0,0,0.18867788766738455
UPI,NETWORK_ERROR,32944,3,1,0.03,20,0,0,0.6449940200592623
CARD,GATEWAY_TIMEOUT,14272,1,1,0.13,12,0,0,0.736108878052252
UPI,ACCOUNT_BLOCKED,36361,2,0,0.09,1,0,0,0.01
NETBANKING,INVALID_CARD,31813,2,0,0.42,5,1,0,0.049756576603777476
UPI,NETWORK_ERROR,43556,4,3,0.32,12,0,0,0.5179156247121864
NETBANKING,NETWORK_ERROR,43101,1,3,0.19,10,0,0,0.7049011009738042
CARD,INVALID_ACCOUNT,15727,3,1,0.39,16,1,0,0.01
UPI,FRAUD_SUSPECTED,18756,4,2,0.22,3,0,1,0.05763686927136489
UPI,INVALID_ACCOUNT,29735,1,1,0.25,17,0,0,0.04937660951503783
UPI,BANK_TIMEOUT,40944,2,5,0.5,23,0,0,0.4983032220803941
NETBANKING,ACCOUNT_BLOCKED,42142,1,1,0.42,5,0,1,0.06460656309221928
UPI,BANK_TIMEOUT,24653,2,1,0.14,2,0,0,0.6943241082251276
CARD,GATEWAY_TIMEOUT,46722,4,3,0.09,4,0,0,0.47982578285056543
UPI,NETWORK_ERROR,28716,4,4,0.18,9,0,0,0.44874652985523444
CARD,EXPIRED_CARD,44640,1,0,0.38,2,1,1,0.05255366688282544
UPI,INVALID_CARD,30789,4,5,0.08,19,0,0,0.01
CARD,INSUFFICIENT_FUNDS,33339,4,2,0.38,13,1,0,0.037971364569470624
UPI,GATEWAY_TIMEOUT,2773,3,0,0.25,10,0,0,0.6532913259755253
NETBANKING,BANK_TIMEOUT,23759,2,0,0.31,8,0,0,0.7054743388762456
UPI,EXPIRED_CARD,21225,3,0,0.27,16,1,0,0.014774852314005339
CARD,EXPIRED_CARD,29367,1,1,0.39,16,1,1,0.016208424784221985
CARD,BANK_TIMEOUT,48192,1,4,0.33,7,0,1,0.6562703371290876
NETBANKING,CARD_DECLINED,2743,3,4,0.12,10,0,0,0.06775506134537605
UPI,EXPIRED_CARD,11044,4,5,0.3,14,0,0,0.01484979017630087
NETBANKING,BANK_TIMEOUT,7820,2,1,0.02,3,0,0,0.6743210933107264
UPI,CARD_DECLINED,1914,4,1,0.43,17,0,0,0.11557949496653001
NETBANKING,BANK_TIMEOUT,23947,1,1,0.16,12,1,0,0.6506143264430821
CARD,CARD_DECLINED,31204,1,5,0.05,1,1,1,0.1390769147512642
CARD,ACCOUNT_BLOCKED,28649,4,1,0.32,2,0,1,0.0429458892762739
CARD,ACCOUNT_BLOCKED,1754,3,5,0.16,21,0,0,0.0142408726980262
NETBANKING,INVALID_ACCOUNT,7995,1,0,0.06,8,1,1,0.11398475595990443
NETBANKING,INVALID_CARD,30556,4,3,0.45,18,1,0,0.01
CARD,BANK_TIMEOUT,6419,4,0,0.29,3,1,1,0.6216423629307049
UPI,EXPIRED_CARD,30685,1,1,0.44,21,0,0,0.01
CARD,INSUFFICIENT_FUNDS,20110,4,4,0.44,14,1,0,0.01
UPI,GATEWAY_TIMEOUT,3987,3,5,0.3,22,0,1,0.5724134401709053
NETBANKING,EXPIRED_CARD,15548,3,5,0.26,5,1,0,0.021939915722373075
UPI,INSUFFICIENT_FUNDS,41297,3,5,0.24,21,0,0,0.03000277407552423
CARD,BANK_TIMEOUT,40234,2,4,0.26,21,1,0,0.5653867400634487
NETBANKING,CARD_DECLINED,25273,3,4,0.15,4,1,0,0.01855361562761422
UPI,FRAUD_SUSPECTED,47471,4,5,0.18,22,0,0,0.015307367245139708
NETBANKING,INVALID_CARD,43452,4,3,0.09,4,1,0,0.01
UPI,INSUFFICIENT_FUNDS,20530,1,3,0.32,1,0,1,0.1904126775521276
UPI,CARD_DECLINED,3973,1,2,0.35,4,0,1,0.24483575827607024
UPI,CARD_DECLINED,45256,3,1,0.49,13,0,1,0.10813272765257276
NETBANKING,INVALID_ACCOUNT,27598,2,1,0.11,14,0,1,0.01
CARD,FRAUD_SUSPECTED,47063,1,5,0.45,20,1,0,0.01
CARD,GATEWAY_TIMEOUT,5608,1,0,0.24,8,1,1,0.8451626691577055
CARD,EXPIRED_CARD,42144,3,1,0.39,2,1,0,0.04562934594263133
CARD,INVALID_CARD,15673,1,2,0.05,19,0,0,0.08287024923402816
CARD,CARD_DECLINED,49411,4,5,0.31,8,1,1,0.01
NETBANKING,INVALID_ACCOUNT,29077,2,2,0.23,6,1,0,0.025181416204135852
NETBANKING,ACCOUNT_BLOCKED,34723,4,2,0.38,18,0,1,0.01
UPI,BANK_TIMEOUT,30555,3,0,0.14,20,0,0,0.6916632137879425
CARD,ACCOUNT_BLOCKED,11727,2,0,0.18,14,0,1,0.06442818544816245
UPI,NETWORK_ERROR,1785,1,1,0.13,9,0,1,0.8105072666704299
NETBANKING,INVALID_CARD,11109,3,1,0.37,20,0,1,0.023190435182871443
UPI,INVALID_CARD,27672,4,0,0.37,12,1,0,0.03499515298446559
CARD,ACCOUNT_BLOCKED,6813,2,0,0.26,15,0,1,0.05781653652262257
CARD,NETWORK_ERROR,17549,4,0,0.18,0,0,0,0.6720391907726898
CARD,BANK_TIMEOUT,9195,2,0,0.21,0,1,0,0.6677246411370966
CARD,GATEWAY_TIMEOUT,36663,4,4,0.48,20,0,0,0.4945503225420804
UPI,INVALID_ACCOUNT,25731,1,2,0.38,19,1,0,0.01
CARD,ACCOUNT_BLOCKED,25988,4,4,0.31,20,1,1,0.01
UPI,NETWORK_ERROR,18837,1,2,0.42,4,1,1,0.6693840478968908
CARD,INSUFFICIENT_FUNDS,32103,2,1,0.36,17,1,0,0.14584028922003184
CARD,ACCOUNT_BLOCKED,24231,2,4,0.36,10,1,1,0.05752859720861058
NETBANKING,EXPIRED_CARD,45813,4,1,0.45,15,0,0,0.01
CARD,EXPIRED_CARD,31417,4,5,0.41,20,0,1,0.01
UPI,EXPIRED_CARD,20539,1,0,0.19,6,1,0,0.01
CARD,INSUFFICIENT_FUNDS,37442,1,1,0.18,13,0,0,0.2250738989677762
NETBANKING,INVALID_CARD,40664,4,3,0.36,19,1,0,0.01
NETBANKING,EXPIRED_CARD,25842,1,3,0.17,2,0,0,0.01
NETBANKING,CARD_DECLINED,8588,4,1,0.34,12,1,1,0.14748763127906844
NETBANKING,BANK_TIMEOUT,8662,3,2,0.3,1,1,0,0.5621650321820971
CARD,INSUFFICIENT_FUNDS,22144,2,2,0.32,15,1,1,0.10180673469823362
CARD,INVALID_CARD,44782,3,2,0.23,7,1,1,0.016013082573129105
NETBANKING,FRAUD_SUSPECTED,47772,2,2,0.05,5,1,1,0.01
NETBANKING,BANK_TIMEOUT,5493,4,2,0.39,5,1,0,0.5331165568185977
NETBANKING,INVALID_CARD,21579,2,1,0.4,12,1,1,0.02786435833083451
NETBANKING,ACCOUNT_BLOCKED,40506,1,1,0.04,7,1,1,0.01
UPI,BANK_TIMEOUT,36817,3,0,0.18,22,0,0,0.6302868527945147
CARD,ACCOUNT_BLOCKED,48583,3,3,0.45,7,1,0,0.030716591174297404
UPI,ACCOUNT_BLOCKED,31693,4,5,0.13,5,1,1,0.01
UPI,INVALID_CARD,49110,2,0,0.14,16,1,0,0.01
UPI,INSUFFICIENT_FUNDS,17366,4,0,0.04,19,1,1,0.13488554427685104
UPI,INVALID_ACCOUNT,11867,4,2,0.5,6,0,0,0.01
NETBANKING,ACCOUNT_BLOCKED,4422,4,0,0.4,12,0,0,0.01
NETBANKING,INSUFFICIENT_FUNDS,4107,3,2,0.15,16,1,0,0.08696392048350833
CARD,BANK_TIMEOUT,43679,2,5,0.02,19,0,0,0.5402518119746638
NETBANKING,INVALID_ACCOUNT,3264,2,5,0.46,1,0,1,0.01
NETBANKING,INVALID_CARD,32780,4,3,0.23,13,1,1,0.01
CARD,FRAUD_SUSPECTED,19681,3,4,0.44,6,1,0,0.021338059105592694
NETBANKING,CARD_DECLINED,13341,3,5,0.36,3,0,0,0.01
UPI,ACCOUNT_BLOCKED,20752,3,1,0.13,1,0,0,0.029114748574412604
UPI,NETWORK_ERROR,13585,3,5,0.38,2,1,1,0.5156361175378501
UPI,EXPIRED_CARD,1596,2,3,0.13,13,0,1,0.01
CARD,CARD_DECLINED,47109,1,2,0.32,3,1,1,0.22949664812314882
CARD,INVALID_CARD,10401,1,3,0.48,17,0,1,0.028090253841735274
CARD,ACCOUNT_BLOCKED,29827,2,0,0.1,9,0,1,0.06667855614959561
CARD,GATEWAY_TIMEOUT,22701,2,5,0.03,7,1,0,0.5323950639531738
UPI,GATEWAY_TIMEOUT,24626,2,4,0.14,17,0,1,0.6690151338900256
CARD,NETWORK_ERROR,25271,3,4,0.3,23,1,1,0.573621089023724
CARD,CARD_DECLINED,19664,4,2,0.39,4,0,0,0.01
UPI,FRAUD_SUSPECTED,11232,3,1,0.49,23,1,1,0.013834494475631577
CARD,CARD_DECLINED,32455,1,0,0.26,15,1,1,0.29044985768575354
UPI,CARD_DECLINED,24725,4,0,0.38,19,0,1,0.13100925468150726
NETBANKING,FRAUD_SUSPECTED,3013,2,4,0.35,1,1,0,0.01
NETBANKING,BANK_TIMEOUT,41731,4,1,0.14,13,0,0,0.5365845879119675
UPI,INSUFFICIENT_FUNDS,43591,3,0,0.38,18,0,0,0.1205341181496102
CARD,FRAUD_SUSPECTED,31651,3,1,0.25,9,0,0,0.04692040229253628
NETBANKING,INVALID_CARD,32205,3,0,0.48,21,0,1,0.050726965579772
CARD,INVALID_ACCOUNT,33398,1,2,0.19,14,0,1,0.027480566736944628
CARD,INVALID_CARD,5405,4,3,0.28,18,1,0,0.01656731593572635
CARD,INSUFFICIENT_FUNDS,25528,3,3,0.32,10,1,1,0.029941855174006833
CARD,NETWORK_ERROR,4802,2,1,0.3,13,0,0,0.6531698856210701
CARD,NETWORK_ERROR,33573,2,2,0.2,12,0,0,0.598152419290539
UPI,INVALID_CARD,37292,4,5,0.45,17,1,1,0.015344600457081593
NETBANKING,EXPIRED_CARD,37525,4,5,0.11,18,1,0,0.01
UPI,EXPIRED_CARD,41189,1,2,0.36,12,0,0,0.036191777249831435
NETBANKING,NETWORK_ERROR,27753,3,1,0.13,3,0,1,0.6551567479710032
NETBANKING,BANK_TIMEOUT,7348,4,3,0.11,3,0,1,0.5733717003365539
NETBANKING,BANK_TIMEOUT,34451,3,5,0.18,12,0,1,0.580811681382288
UPI,INSUFFICIENT_FUNDS,891,4,1,0.18,15,0,1,0.15103321002034376
CARD,INVALID_CARD,40754,3,1,0.39,16,1,0,0.01
CARD,BANK_TIMEOUT,46626,1,1,0.43,5,1,0,0.6188466176226746
UPI,CARD_DECLINED,34425,2,5,0.23,22,1,0,0.041814963932188656
CARD,GATEWAY_TIMEOUT,44894,2,2,0.42,2,0,0,0.5692866690496665
UPI,INVALID_ACCOUNT,316,4,5,0.35,18,1,1,0.056658358081236766
NETBANKING,NETWORK_ERROR,36943,3,1,0.46,21,0,0,0.5533887266932884
UPI,INVALID_ACCOUNT,5251,4,3,0.4,0,0,1,0.01
CARD,INSUFFICIENT_FUNDS,25808,3,3,0.1,2,0,0,0.06141457971308901
CARD,ACCOUNT_BLOCKED,33878,3,2,0.01,6,1,0,0.0317125417091195
NETBANKING,ACCOUNT_BLOCKED,18324,1,1,0.25,6,1,0,0.03162946696748293
UPI,INSUFFICIENT_FUNDS,10277,3,5,0.18,22,1,1,0.04345509112747602
UPI,ACCOUNT_BLOCKED,41476,3,0,0.41,23,0,0,0.01
NETBANKING,EXPIRED_CARD,36501,1,3,0.4,4,1,1,0.01
NETBANKING,CARD_DECLINED,35608,1,4,0.18,23,0,0,0.17293229249416123
NETBANKING,NETWORK_ERROR,21596,1,2,0.3,14,1,1,0.6768246751832546
UPI,INSUFFICIENT_FUNDS,26311,1,3,0.43,14,1,1,0.1207666080207705
UPI,GATEWAY_TIMEOUT,46180,4,0,0.42,20,1,1,0.6188434573776758
NETBANKING,BANK_TIMEOUT,8687,3,4,0.43,18,1,0,0.5240902966353723
NETBANKING,CARD_DECLINED,48619,3,3,0.25,13,1,0,0.04718298009143068
UPI,INVALID_ACCOUNT,35230,4,2,0.32,0,0,0,0.029743956154215358
NETBANKING,FRAUD_SUSPECTED,47303,4,5,0.23,6,0,0,0.01643208302331415
NETBANKING,FRAUD_SUSPECTED,49697,2,3,0.41,3,1,0,0.01
CARD,BANK_TIMEOUT,27301,4,0,0.29,10,0,1,0.5944337667416582
NETBANKING,EXPIRED_CARD,35155,1,3,0.08,21,0,0,0.0502381284966441
UPI,INSUFFICIENT_FUNDS,36182,1,0,0.09,18,1,1,0.31624271657819725
CARD,INSUFFICIENT_FUNDS,29124,2,0,0.11,14,0,1,0.28643447888659
NETBANKING,INSUFFICIENT_FUNDS,24697,3,3,0.25,14,0,0,0.03975068539800632
NETBANKING,FRAUD_SUSPECTED,32237,3,1,0.3,15,1,0,0.01
CARD,EXPIRED_CARD,13287,2,0,0.2,23,0,1,0.05705460487882302
CARD,INVALID_ACCOUNT,42947,4,5,0.48,22,0,1,0.01174841654904663
NETBANKING,INVALID_CARD,35083,1,0,0.43,10,0,0,0.01
NETBANKING,GATEWAY_TIMEOUT,27783,4,1,0.16,15,0,0,0.5803550623713278
NETBANKING,BANK_TIMEOUT,20144,1,0,0.39,12,0,1,0.7918396431710286
CARD,BANK_TIMEOUT,2779,1,0,0.46,21,0,0,0.7490744690072797
NETBANKING,INVALID_ACCOUNT,21086,3,3,0.23,22,0,1,0.0328464115382335
CARD,INSUFFICIENT_FUNDS,26437,2,4,0.32,1,1,0,0.01
NETBANKING,INVALID_ACCOUNT,20937,4,3,0.04,7,0,0,0.01
UPI,FRAUD_SUSPECTED,19354,2,5,0.28,8,0,1,0.02302587171477375
UPI,NETWORK_ERROR,38302,1,1,0.38,19,1,0,0.6797823492093434
UPI,ACCOUNT_BLOCKED,18626,1,1,0.16,14,0,0,0.08003326422840355
UPI,INSUFFICIENT_FUNDS,36657,4,5,0.22,14,1,1,0.01
NETBANKING,INVALID_CARD,10934,3,0,0.45,9,0,0,0.016417502173702463
CARD,INVALID_ACCOUNT,14378,4,2,0.15,22,0,0,0.012804742082893684
NETBANKING,INSUFFICIENT_FUNDS,26803,2,1,0.35,18,0,1,0.22556439668575184
UPI,INVALID_CARD,49390,4,1,0.26,0,1,0,0.01
CARD,INVALID_ACCOUNT,5332,3,0,0.12,3,0,1,0.038935478072584705
UPI,FRAUD_SUSPECTED,28786,4,3,0.42,15,0,0,0.05875383057023988
NETBANKING,INVALID_ACCOUNT,36319,2,0,0.44,1,0,1,0.01
CARD,CARD_DECLINED,2295,3,4,0.32,5,0,0,0.018921419872079546
UPI,INVALID_CARD,28798,4,4,0.25,19,0,1,0.03596227869175287
CARD,GATEWAY_TIMEOUT,24872,3,2,0.38,14,0,0,0.6143428598082626
CARD,ACCOUNT_BLOCKED,27245,4,2,0.35,3,1,1,0.01
CARD,GATEWAY_TIMEOUT,23394,4,5,0.16,9,0,1,0.46794959294818395
CARD,ACCOUNT_BLOCKED,37681,1,5,0.07,16,1,0,0.036189756337919675
UPI,NETWORK_ERROR,20722,4,3,0.45,7,1,0,0.4369766979366146
CARD,CARD_DECLINED,48336,4,3,0.5,20,1,0,0.02610187546440052
NETBANKING,BANK_TIMEOUT,39979,2,4,0.37,2,0,1,0.60639179122717
NETBANKING,BANK_TIMEOUT,11731,4,2,0.26,13,0,0,0.6061739880931416
CARD,FRAUD_SUSPECTED,24795,2,5,0.13,6,0,0,0.01
CARD,GATEWAY_TIMEOUT,18377,3,3,0.04,2,1,1,0.6482467366386272
NETBANKING,GATEWAY_TIMEOUT,26473,2,4,0.28,20,0,0,0.6181514281253095
NETBANKING,GATEWAY_TIMEOUT,30507,1,3,0.06,16,1,0,0.6655256526542254
NETBANKING,INVALID_ACCOUNT,41514,4,4,0.47,23,1,1,0.01
UPI,INSUFFICIENT_FUNDS,41557,4,0,0.11,17,1,1,0.12595838135500723
CARD,GATEWAY_TIMEOUT,27180,1,4,0.5,6,0,0,0.5678853099971294
NETBANKING,CARD_DECLINED,6016,2,5,0.12,16,0,1,0.10654297991731576
UPI,ACCOUNT_BLOCKED,16530,1,4,0.19,10,1,1,0.01
NETBANKING,ACCOUNT_BLOCKED,10860,3,4,0.45,7,0,1,0.036582259687483444
UPI,INSUFFICIENT_FUNDS,22851,4,1,0.02,5,0,1,0.1354843443861484
CARD,CARD_DECLINED,40232,1,2,0.49,18,1,1,0.1753028838189406
CARD,INVALID_ACCOUNT,38387,4,5,0.08,6,0,1,0.01
CARD,GATEWAY_TIMEOUT,35482,4,4,0.16,9,0,1,0.527825394948275
UPI,INVALID_ACCOUNT,35375,2,1,0.02,5,1,1,0.01
NETBANKING,CARD_DECLINED,25990,4,5,0.11,6,0,1,0.01
UPI,INVALID_ACCOUNT,19335,4,0,0.06,5,1,0,0.01141495151034575
UPI,INSUFFICIENT_FUNDS,13697,4,2,0.31,16,1,1,0.05712876967412467
UPI,NETWORK_ERROR,28484,2,2,0.43,22,0,0,0.5898738031855113
UPI,BANK_TIMEOUT,46848,1,3,0.21,12,1,0,0.6774732566414309
UPI,INVALID_ACCOUNT,18064,3,2,0.16,9,0,1,0.01
CARD,GATEWAY_TIMEOUT,10771,3,0,0.38,3,0,1,0.7147048702739102
UPI,BANK_TIMEOUT,25177,4,5,0.03,21,0,0,0.5036305063586428
UPI,CARD_DECLINED,27549,1,5,0.06,8,1,0,0.08511123608746475
NETBANKING,ACCOUNT_BLOCKED,7043,4,1,0.45,8,0,0,0.01
NETBANKING,EXPIRED_CARD,35862,3,2,0.49,7,0,0,0.01
UPI,GATEWAY_TIMEOUT,44880,3,1,0.45,16,0,1,0.6216076756585656
CARD,BANK_TIMEOUT,30306,1,0,0.32,0,1,0,0.7196544935970081
CARD,BANK_TIMEOUT,11171,2,5,0.33,11,0,1,0.6103721106085975
UPI,CARD_DECLINED,35547,3,1,0.47,21,0,0,0.09296159804162335
UPI,CARD_DECLINED,29924,3,2,0.14,2,0,0,0.07527067932020348
NETBANKING,GATEWAY_TIMEOUT,10363,1,1,0.26,21,0,1,0.8226138390403803
UPI,BANK_TIMEOUT,33458,3,1,0.06,14,1,0,0.5660198204906205
UPI,INVALID_CARD,39898,4,1,0.17,1,1,0,0.01
UPI,GATEWAY_TIMEOUT,18355,1,1,0.44,9,0,0,0.7007064857321499
NETBANKING,GATEWAY_TIMEOUT,24045,1,5,0.38,15,1,1,0.6334083815753159
UPI,INVALID_ACCOUNT,15196,3,2,0.03,21,0,1,0.024235850716370806
CARD,CARD_DECLINED,13894,3,1,0.42,17,1,0,0.06710773159918526
UPI,INVALID_ACCOUNT,27027,3,0,0.15,13,0,0,0.01907830942336434
UPI,INVALID_ACCOUNT,21027,1,2,0.49,8,1,0,0.01
UPI,FRAUD_SUSPECTED,7827,2,1,0.24,5,0,0,0.021428900101770294
CARD,CARD_DECLINED,19035,3,3,0.29,7,0,0,0.07816655248766702
CARD,CARD_DECLINED,46909,1,0,0.11,8,1,1,0.28178733050793486
NETBANKING,CARD_DECLINED,34831,4,2,0.34,15,0,1,0.05537713994140399
CARD,ACCOUNT_BLOCKED,24896,4,3,0.47,14,0,0,0.01
NETBANKING,BANK_TIMEOUT,19248,4,2,0.06,0,0,0,0.5532960608276399
NETBANKING,ACCOUNT_BLOCKED,13908,2,2,0.42,4,1,0,0.01
NETBANKING,INSUFFICIENT_FUNDS,24021,1,3,0.02,12,1,1,0.24542734763112434
CARD,GATEWAY_TIMEOUT,45315,4,3,0.28,17,0,0,0.5186439389739672
UPI,INVALID_CARD,12964,4,3,0.27,14,1,0,0.01
NETBANKING,INVALID_ACCOUNT,4494,2,2,0.13,12,1,0,0.02098141508546776
NETBANKING,INSUFFICIENT_FUNDS,49636,2,0,0.11,19,1,0,0.18894155881307642
UPI,INVALID_CARD,2837,3,1,0.1,17,1,0,0.01
UPI,NETWORK_ERROR,5610,3,4,0.41,15,1,1,0.6068274414904737
CARD,EXPIRED_CARD,13318,4,3,0.03,18,0,1,0.01
UPI,ACCOUNT_BLOCKED,20418,3,3,0.49,10,1,1,0.01
CARD,NETWORK_ERROR,2152,2,5,0.13,10,1,0,0.5978523678012319
CARD,INVALID_ACCOUNT,47895,1,0,0.26,23,0,1,0.12503579961471661
NETBANKING,EXPIRED_CARD,20663,4,4,0.32,6,0,1,0.04554870613918426
UPI,NETWORK_ERROR,44972,4,5,0.23,2,1,0,0.4057205543520112
NETBANKING,EXPIRED_CARD,11964,2,3,0.13,2,0,0,0.01
CARD,EXPIRED_CARD,36533,4,3,0.47,3,0,1,0.01
CARD,GATEWAY_TIMEOUT,36093,1,4,0.48,18,0,0,0.6369496181983828
NETBANKING,ACCOUNT_BLOCKED,42130,3,5,0.09,18,0,1,0.01
NETBANKING,CARD_DECLINED,6648,3,5,0.5,10,1,0,0.01
UPI,BANK_TIMEOUT,46378,3,1,0.23,13,0,0,0.6199612297720201
CARD,ACCOUNT_BLOCKED,26547,4,0,0.25,3,1,1,0.01
NETBANKING,NETWORK_ERROR,17859,3,0,0.01,23,1,0,0.6974343856905123
CARD,INVALID_CARD,3058,2,1,0.39,3,0,1,0.012234858161949608
UPI,EXPIRED_CARD,39897,4,1,0.3,16,0,0,0.033297645570200755
NETBANKING,FRAUD_SUSPECTED,49196,3,1,0.23,6,1,1,0.05948893754831728
NETBANKING,EXPIRED_CARD,37830,2,2,0.07,20,1,0,0.041244779684430084
CARD,FRAUD_SUSPECTED,18178,4,5,0.47,16,1,0,0.05547496413202956
CARD,NETWORK_ERROR,4021,3,1,0.49,23,0,1,0.685755940969249
NETBANKING,BANK_TIMEOUT,28291,4,3,0.07,10,0,1,0.523202248072513
NETBANKING,NETWORK_ERROR,31260,3,1,0.35,8,0,0,0.5900194270737623
UPI,BANK_TIMEOUT,19335,1,1,0.45,13,1,1,0.7414848222971876
UPI,EXPIRED_CARD,139,4,0,0.5,14,1,0,0.01
UPI,FRAUD_SUSPECTED,707,4,2,0.1,22,1,0,0.0169469844704122
NETBANKING,BANK_TIMEOUT,45159,3,1,0.26,20,0,1,0.7048447181577159
CARD,EXPIRED_CARD,26159,2,1,0.43,14,0,0,0.033824256917641134
CARD,INSUFFICIENT_FUNDS,4809,4,5,0.49,7,0,1,0.011027509800330263
CARD,CARD_DECLINED,31720,2,2,0.22,9,1,1,0.20688293586025386
NETBANKING,GATEWAY_TIMEOUT,42919,1,5,0.11,19,0,1,0.6783704701274986
UPI,FRAUD_SUSPECTED,46632,3,0,0.33,5,1,0,0.01
UPI,ACCOUNT_BLOCKED,30984,2,0,0.43,4,0,1,0.015387798100004048
CARD,INVALID_CARD,21266,3,5,0.01,7,0,1,0.01
NETBANKING,NETWORK_ERROR,45425,4,4,0.15,10,0,0,0.529504757200418
NETBANKING,INVALID_CARD,4902,4,4,0.34,11,0,0,0.057599771594268205
NETBANKING,BANK_TIMEOUT,21918,4,1,0.1,7,1,1,0.6357257668360488
NETBANKING,INVALID_ACCOUNT,25321,3,2,0.17,11,0,1,0.01
UPI,BANK_TIMEOUT,28966,1,5,0.18,11,1,0,0.5584170111447719
UPI,ACCOUNT_BLOCKED,24576,1,4,0.21,15,1,1,0.01
UPI,FRAUD_SUSPECTED,44247,4,5,0.09,10,1,0,0.04742560252485276
UPI,FRAUD_SUSPECTED,28338,1,0,0.2,5,1,1,0.01
UPI,EXPIRED_CARD,49996,4,5,0.48,2,0,1,0.04774946445299821
CARD,ACCOUNT_BLOCKED,22026,2,0,0.42,5,1,0,0.01
CARD,FRAUD_SUSPECTED,34831,1,5,0.04,15,1,0,0.01
CARD,INVALID_CARD,5944,4,2,0.34,2,1,0,0.053850841894680694
CARD,FRAUD_SUSPECTED,16370,2,1,0.07,21,1,1,0.01
NETBANKING,INVALID_ACCOUNT,6311,1,0,0.14,22,0,0,0.09428588509599958
CARD,NETWORK_ERROR,40432,3,0,0.39,17,1,0,0.595743726229708
CARD,INVALID_ACCOUNT,43748,1,1,0.45,16,0,1,0.07040760779824314
NETBANKING,INSUFFICIENT_FUNDS,643,1,4,0.43,10,0,1,0.22227636949299606
NETBANKING,BANK_TIMEOUT,35915,1,2,0.02,6,1,0,0.6619916259005435
UPI,INVALID_ACCOUNT,48667,1,5,0.36,1,1,1,0.05809283982878314
NETBANKING,INSUFFICIENT_FUNDS,22465,4,4,0.3,20,0,0,0.037789337363774815
UPI,NETWORK_ERROR,27030,4,4,0.16,0,0,0,0.450076329285346
CARD,INVALID_CARD,29461,4,2,0.08,3,0,1,0.016598201784257166
UPI,INVALID_CARD,10500,1,3,0.41,8,1,1,0.01988182878110683
UPI,INVALID_CARD,394,2,0,0.13,2,1,1,0.04394441945646185
NETBANKING,FRAUD_SUSPECTED,32568,1,3,0.2,15,0,0,0.01
NETBANKING,ACCOUNT_BLOCKED,22733,1,2,0.13,16,1,1,0.031924527034481606
CARD,CARD_DECLINED,23149,1,4,0.2,23,1,0,0.12943068063831886
UPI,GATEWAY_TIMEOUT,14918,1,3,0.5,8,1,1,0.6554673146411965
UPI,INVALID_CARD,6570,2,5,0.43,11,1,1,0.01
NETBANKING,INVALID_CARD,7870,1,5,0.17,16,0,0,0.01
UPI,INVALID_ACCOUNT,14468,3,2,0.32,8,0,1,0.011495817698836818
CARD,ACCOUNT_BLOCKED,35864,1,4,0.09,13,1,1,0.01
UPI,GATEWAY_TIMEOUT,24378,4,1,0.48,13,0,0,0.5159992681252346
NETBANKING,INSUFFICIENT_FUNDS,5533,2,3,0.18,8,0,0,0.15330219678545737
NETBANKING,FRAUD_SUSPECTED,22330,4,4,0.41,1,0,0,0.04940170222067972
UPI,NETWORK_ERROR,29876,4,0,0.34,0,1,0,0.5624028399409358
CARD,BANK_TIMEOUT,8850,4,5,0.38,9,1,1,0.4543209826476462
CARD,INSUFFICIENT_FUNDS,18291,1,5,0.15,7,0,0,0.1592984184749144
UPI,INSUFFICIENT_FUNDS,48331,1,4,0.22,21,1,1,0.18367450610780606
NETBANKING,BANK_TIMEOUT,27923,4,5,0.25,23,1,1,0.4632070353969183
NETBANKING,GATEWAY_TIMEOUT,49327,1,5,0.46,2,0,1,0.5741536805564942
UPI,INVALID_ACCOUNT,16505,2,5,0.24,17,0,1,0.01
UPI,INVALID_ACCOUNT,29392,4,5,0.24,19,1,0,0.01
NETBANKING,CARD_DECLINED,9436,2,2,0.11,7,0,0,0.15536776948582284
CARD,EXPIRED_CARD,31353,4,1,0.23,8,1,1,0.027445279910472763
UPI,GATEWAY_TIMEOUT,7089,3,1,0.06,9,1,1,0.7335280765256624
UPI,INVALID_CARD,12525,2,4,0.42,22,1,1,0.01
UPI,CARD_DECLINED,30385,3,5,0.32,18,0,1,0.05433868925494592
NETBANKING,CARD_DECLINED,29399,4,0,0.44,18,0,0,0.07862245188678277
UPI,GATEWAY_TIMEOUT,42384,1,1,0.5,10,1,1,0.6681213808448419
CARD,EXPIRED_CARD,38900,3,3,0.38,14,1,0,0.011981747890758626
NETBANKING,INVALID_ACCOUNT,28576,2,5,0.21,2,0,1,0.021840022145693534
CARD,FRAUD_SUSPECTED,38489,2,5,0.49,3,1,1,0.01
NETBANKING,FRAUD_SUSPECTED,41411,1,0,0.31,14,0,1,0.03774157128553636
CARD,GATEWAY_TIMEOUT,26381,2,4,0.46,18,1,1,0.5532059717817531
NETBANKING,ACCOUNT_BLOCKED,32439,4,4,0.05,15,0,0,0.01
NETBANKING,NETWORK_ERROR,1623,1,0,0.37,5,1,1,0.7926150599850035
CARD,GATEWAY_TIMEOUT,21054,1,2,0.25,18,1,0,0.6303358117245441
NETBANKING,BANK_TIMEOUT,37131,4,3,0.06,22,0,0,0.4741564902910387
CARD,FRAUD_SUSPECTED,33840,4,1,0.14,21,0,1,0.045780810321411076
NETBANKING,CARD_DECLINED,47331,4,3,0.18,21,0,1,0.09361122762879305
UPI,BANK_TIMEOUT,22731,1,3,0.07,14,0,1,0.6793945935517859
NETBANKING,INSUFFICIENT_FUNDS,16878,2,1,0.17,13,1,1,0.24055132186971268
NETBANKING,EXPIRED_CARD,32717,4,1,0.13,23,0,1,0.039916609699261786
CARD,INVALID_ACCOUNT,31695,3,0,0.11,2,0,1,0.030885937397968626
NETBANKING,EXPIRED_CARD,39373,1,2,0.01,15,0,0,0.04674513884634126
UPI,INVALID_CARD,5692,1,3,0.42,12,1,1,0.02042477172832599
CARD,CARD_DECLINED,31201,2,5,0.05,3,0,1,0.14180465223659822
CARD,INVALID_CARD,27834,2,5,0.03,4,1,0,0.01
NETBANKING,FRAUD_SUSPECTED,46966,2,2,0.17,14,1,1,0.01
NETBANKING,BANK_TIMEOUT,31200,1,5,0.04,15,0,0,0.6312458612586462
CARD,EXPIRED_CARD,25397,3,5,0.21,21,0,0,0.027986465527771044
UPI,CARD_DECLINED,40037,2,5,0.21,7,0,1,0.06660547076212851
CARD,FRAUD_SUSPECTED,25951,3,2,0.12,1,1,0,0.022954724285867555
CARD,INVALID_CARD,26373,2,0,0.04,12,0,1,0.030509311848138612
UPI,BANK_TIMEOUT,23607,1,3,0.14,14,1,0,0.6731095033738463
NETBANKING,NETWORK_ERROR,6024,2,5,0.33,6,1,0,0.5474352037724971
CARD,GATEWAY_TIMEOUT,31736,2,4,0.17,23,1,1,0.5990810888326267
NETBANKING,BANK_TIMEOUT,22030,3,2,0.26,18,0,1,0.5929171759677614
UPI,ACCOUNT_BLOCKED,39759,4,4,0.39,3,1,1,0.030380313358525167
UPI,EXPIRED_CARD,720,1,5,0.07,7,0,0,0.01
UPI,INVALID_CARD,33478,2,3,0.41,13,0,0,0.01
CARD,INVALID_ACCOUNT,35210,3,0,0.19,15,0,0,0.034184959834462535
UPI,INVALID_ACCOUNT,17526,2,5,0.32,11,0,1,0.0396497042579026
UPI,EXPIRED_CARD,28656,3,2,0.28,5,0,0,0.029272065437288185
CARD,GATEWAY_TIMEOUT,45372,3,4,0.25,0,1,0,0.44557420341956233
NETBANKING,GATEWAY_TIMEOUT,9788,2,4,0.46,7,1,0,0.5583167850776476
CARD,INVALID_ACCOUNT,40238,4,0,0.19,6,1,1,0.01
UPI,INVALID_CARD,34588,3,5,0.25,13,1,1,0.01
CARD,GATEWAY_TIMEOUT,34173,2,0,0.38,3,1,0,0.6546335370140752
UPI,INVALID_ACCOUNT,31569,3,3,0.37,11,0,1,0.014293659412201056
NETBANKING,BANK_TIMEOUT,21075,1,0,0.01,20,1,1,0.7984540756134857
CARD,CARD_DECLINED,32838,4,0,0.3,14,1,1,0.07938614311074917
CARD,CARD_DECLINED,25571,3,1,0.47,7,1,1,0.10726858222223973
NETBANKING,ACCOUNT_BLOCKED,26866,2,1,0.48,18,0,0,0.03932137464382431
NETBANKING,INVALID_CARD,11258,1,4,0.46,11,0,0,0.01
CARD,INSUFFICIENT_FUNDS,36106,4,1,0.15,10,0,1,0.17136302379115617
UPI,ACCOUNT_BLOCKED,19091,1,2,0.46,0,1,1,0.01
CARD,BANK_TIMEOUT,41015,4,5,0.29,5,0,1,0.47654028194358594
NETBANKING,EXPIRED_CARD,29649,2,3,0.2,18,1,0,0.020649826047308646
UPI,EXPIRED_CARD,49342,3,3,0.49,7,1,1,0.01
NETBANKING,EXPIRED_CARD,42406,3,4,0.23,9,1,1,0.01
UPI,NETWORK_ERROR,41502,3,2,0.14,23,1,0,0.6078818983697449
UPI,ACCOUNT_BLOCKED,21080,2,2,0.24,15,1,1,0.01
CARD,GATEWAY_TIMEOUT,5300,2,1,0.26,16,1,1,0.7009190621253014
UPI,ACCOUNT_BLOCKED,5433,4,2,0.19,18,0,0,0.03304713963523439
NETBANKING,BANK_TIMEOUT,41993,1,0,0.17,0,1,1,0.7580679976786961
UPI,EXPIRED_CARD,15180,4,2,0.28,9,0,1,0.0329356971139275
UPI,ACCOUNT_BLOCKED,14787,3,2,0.46,9,1,0,0.04597289074786599
NETBANKING,EXPIRED_CARD,6859,2,1,0.31,7,0,1,0.022623472777564442
UPI,FRAUD_SUSPECTED,12863,3,4,0.47,10,0,1,0.059753224708551524
UPI,INVALID_ACCOUNT,12283,1,4,0.21,0,1,1,0.036390713177029736
CARD,EXPIRED_CARD,33146,2,5,0.4,6,1,1,0.01
NETBANKING,EXPIRED_CARD,29961,2,4,0.32,16,0,1,0.044554365564004085
CARD,BANK_TIMEOUT,37404,4,5,0.29,15,1,1,0.5086082138800138
UPI,CARD_DECLINED,18282,3,5,0.03,22,0,1,0.062707804221775
NETBANKING,BANK_TIMEOUT,45075,1,0,0.47,19,0,0,0.7419736067873033
UPI,INVALID_CARD,23410,2,3,0.26,11,1,1,0.01
CARD,ACCOUNT_BLOCKED,20041,1,5,0.18,15,0,0,0.01
CARD,INSUFFICIENT_FUNDS,38376,4,1,0.15,20,1,0,0.06666777989213961
NETBANKING,INVALID_ACCOUNT,30269,1,4,0.34,9,0,1,0.01
CARD,INSUFFICIENT_FUNDS,45364,1,2,0.11,12,1,1,0.18319351804061132
NETBANKING,INSUFFICIENT_FUNDS,40680,3,0,0.39,23,0,1,0.13920712357573523
UPI,BANK_TIMEOUT,26887,4,3,0.1,4,0,1,0.558812663069002
UPI,INVALID_ACCOUNT,29584,1,1,0.25,16,1,0,0.01
NETBANKING,GATEWAY_TIMEOUT,7416,3,5,0.29,9,0,0,0.5183133825536258
CARD,INSUFFICIENT_FUNDS,265,4,5,0.1,1,1,0,0.01
NETBANKING,CARD_DECLINED,44891,2,3,0.39,16,0,1,0.1353045438542092
UPI,INVALID_ACCOUNT,25964,4,2,0.34,1,1,1,0.01
CARD,ACCOUNT_BLOCKED,23412,4,1,0.37,10,1,0,0.04108838647827907
CARD,EXPIRED_CARD,31648,2,2,0.49,9,0,0,0.01
NETBANKING,INVALID_ACCOUNT,42763,1,0,0.32,10,1,1,0.023124865033649092
CARD,EXPIRED_CARD,33120,3,2,0.39,20,0,0,0.012639489636778944
UPI,CARD_DECLINED,7580,1,2,0.05,1,1,1,0.2629853588675672
UPI,INVALID_CARD,24936,1,4,0.34,13,0,0,0.01
CARD,INVALID_CARD,28721,1,1,0.33,0,1,1,0.04335650668621424
CARD,BANK_TIMEOUT,2858,1,2,0.17,9,0,0,0.6860123076038012
CARD,BANK_TIMEOUT,26716,1,5,0.2,19,1,0,0.5532033555486013
NETBANKING,FRAUD_SUSPECTED,48537,1,5,0.12,20,1,0,0.01624225528354531
CARD,CARD_DECLINED,32031,2,1,0.16,10,0,1,0.1778381483584475
NETBANKING,INSUFFICIENT_FUNDS,15547,3,0,0.39,9,0,1,0.1882146945051132
NETBANKING,ACCOUNT_BLOCKED,41431,4,3,0.35,21,0,0,0.032963119324197064
CARD,FRAUD_SUSPECTED,13975,1,2,0.35,23,1,1,0.023196633134571286
CARD,NETWORK_ERROR,19865,1,5,0.29,3,1,0,0.5974628910866003
NETBANKING,EXPIRED_CARD,13912,1,3,0.41,18,0,1,0.06596331650486992
NETBANKING,INVALID_ACCOUNT,6827,2,0,0.12,20,1,1,0.06827381875260315
NETBANKING,GATEWAY_TIMEOUT,36113,1,2,0.04,12,1,1,0.7021109046097697
CARD,INVALID_CARD,10157,3,3,0.12,4,1,0,0.01
UPI,EXPIRED_CARD,26473,4,3,0.09,5,1,1,0.039178020168547524
NETBANKING,ACCOUNT_BLOCKED,20355,4,2,0.19,17,0,1,0.01
UPI,INSUFFICIENT_FUNDS,5968,3,3,0.06,13,0,1,0.12124896533985029
UPI,CARD_DECLINED,16646,4,0,0.45,10,0,1,0.13124923047874956
UPI,FRAUD_SUSPECTED,12247,4,2,0.15,11,0,1,0.03385404154365453
CARD,FRAUD_SUSPECTED,16939,1,5,0.34,18,0,0,0.053202675678054874
CARD,INVALID_ACCOUNT,3018,3,4,0.26,13,0,0,0.02029404043357872
NETBANKING,INSUFFICIENT_FUNDS,29213,2,4,0.2,10,0,1,0.16989543033660892
CARD,INVALID_CARD,259,4,2,0.33,3,1,1,0.01
CARD,BANK_TIMEOUT,11264,4,5,0.07,11,0,1,0.5084922472875938
CARD,FRAUD_SUSPECTED,25356,1,4,0.11,13,0,0,0.01
CARD,NETWORK_ERROR,45184,3,2,0.05,0,1,1,0.667973317304644
NETBANKING,FRAUD_SUSPECTED,9364,4,2,0.01,12,0,1,0.024723090735684718
NETBANKING,GATEWAY_TIMEOUT,45786,1,3,0.09,2,0,1,0.6898147360127584
CARD,BANK_TIMEOUT,45468,2,5,0.31,15,0,0,0.5041446159233969
CARD,GATEWAY_TIMEOUT,29676,2,1,0.09,13,0,1,0.7257156793742552
NETBANKING,INVALID_CARD,28868,3,3,0.44,10,0,1,0.03623162968814634
NETBANKING,EXPIRED_CARD,42053,4,2,0.3,4,1,1,0.02070970193339501
UPI,NETWORK_ERROR,13289,4,3,0.18,15,0,1,0.5828869508688403
CARD,ACCOUNT_BLOCKED,399,3,1,0.21,13,1,0,0.03632564841711935
UPI,INSUFFICIENT_FUNDS,5057,4,0,0.45,22,0,0,0.10336634133024845
NETBANKING,BANK_TIMEOUT,22483,2,2,0.03,6,0,0,0.6269705586595901
NETBANKING,FRAUD_SUSPECTED,43664,1,4,0.02,12,1,1,0.014055088622722428
UPI,GATEWAY_TIMEOUT,16453,4,1,0.27,3,0,1,0.6885036120071616
UPI,NETWORK_ERROR,23274,3,5,0.45,18,1,0,0.4309479475652331
UPI,CARD_DECLINED,5774,3,4,0.4,0,1,1,0.011231212541541469
CARD,GATEWAY_TIMEOUT,15545,4,2,0.04,12,0,0,0.5770397975987562
NETBANKING,GATEWAY_TIMEOUT,9507,3,3,0.28,19,0,0,0.6253100118664143
CARD,NETWORK_ERROR,41933,2,3,0.48,3,0,1,0.5863112076487155
CARD,GATEWAY_TIMEOUT,4363,1,4,0.15,2,1,1,0.7194351944428308
NETBANKING,EXPIRED_CARD,42803,1,3,0.08,19,0,0,0.016433118133866935
NETBANKING,EXPIRED_CARD,42211,3,1,0.43,13,1,1,0.05327785922152487
UPI,INVALID_ACCOUNT,14152,4,4,0.06,12,0,0,0.01
CARD,INSUFFICIENT_FUNDS,30970,2,0,0.27,14,0,1,0.2684427970928573
NETBANKING,BANK_TIMEOUT,12880,1,4,0.45,4,0,0,0.6191289191287153
NETBANKING,INVALID_CARD,11705,4,0,0.25,20,0,1,0.01
NETBANKING,FRAUD_SUSPECTED,42913,4,4,0.27,17,0,0,0.01
CARD,INSUFFICIENT_FUNDS,35027,1,2,0.47,4,0,0,0.12651839942849938
CARD,GATEWAY_TIMEOUT,21594,3,0,0.06,18,0,1,0.7129302886805355
CARD,CARD_DECLINED,15482,1,4,0.27,9,1,1,0.16845217569625243
UPI,BANK_TIMEOUT,31265,2,5,0.49,13,0,1,0.5621090962491855
NETBANKING,INVALID_ACCOUNT,15971,4,2,0.19,20,1,0,0.01
CARD,INVALID_ACCOUNT,16091,4,2,0.03,23,1,1,0.05693062829326743
NETBANKING,ACCOUNT_BLOCKED,3652,2,0,0.23,4,0,0,0.056359997233019224
CARD,ACCOUNT_BLOCKED,46408,1,2,0.1,7,0,1,0.06733296023355113
NETBANKING,INVALID_CARD,17443,1,0,0.03,9,1,0,0.02606351125736219
NETBANKING,INSUFFICIENT_FUNDS,13783,3,1,0.01,13,0,0,0.19994523397963854
CARD,BANK_TIMEOUT,45095,2,0,0.49,23,1,0,0.667053291847057
CARD,INSUFFICIENT_FUNDS,15245,1,3,0.06,1,0,0,0.16454037809953212
UPI,EXPIRED_CARD,5717,4,0,0.31,18,1,1,0.01
NETBANKING,CARD_DECLINED,3127,3,0,0.31,20,1,0,0.14440796225786415
NETBANKING,BANK_TIMEOUT,472,3,3,0.39,7,1,0,0.5712569079527228
UPI,FRAUD_SUSPECTED,39297,3,0,0.24,13,0,1,0.01
UPI,INSUFFICIENT_FUNDS,42839,1,1,0.36,16,1,1,0.27342476011649874
UPI,INVALID_CARD,27245,3,5,0.22,5,1,0,0.05668618529533561
CARD,EXPIRED_CARD,28955,4,2,0.05,9,0,1,0.01
CARD,FRAUD_SUSPECTED,12659,2,1,0.36,21,1,1,0.01
UPI,FRAUD_SUSPECTED,34632,4,4,0.32,16,0,1,0.041567181444686914
NETBANKING,INSUFFICIENT_FUNDS,6564,4,0,0.17,3,0,0,0.10880582586115738
NETBANKING,CARD_DECLINED,7702,2,2,0.35,16,1,1,0.21368362255793333
CARD,EXPIRED_CARD,14310,1,5,0.47,14,0,1,0.04957017350312732
NETBANKING,CARD_DECLINED,6156,1,5,0.21,19,1,1,0.1894696359812701
CARD,BANK_TIMEOUT,35669,3,3,0.37,0,0,1,0.5437439761555053
UPI,NETWORK_ERROR,32404,4,0,0.24,12,0,0,0.6110251275873468
UPI,NETWORK_ERROR,6884,2,3,0.11,7,0,0,0.6445077053325868
UPI,INSUFFICIENT_FUNDS,20933,4,4,0.2,13,1,0,0.01
NETBANKING,NETWORK_ERROR,43727,3,2,0.43,12,0,1,0.622295534297753
UPI,CARD_DECLINED,5023,1,3,0.44,6,1,0,0.11629568639426967
NETBANKING,NETWORK_ERROR,8102,3,3,0.17,9,1,1,0.5774493865033616
NETBANKING,GATEWAY_TIMEOUT,8418,2,0,0.33,9,0,0,0.7466594478780285
CARD,INVALID_ACCOUNT,17251,4,0,0.12,19,1,0,0.022791353241870753
CARD,ACCOUNT_BLOCKED,9852,2,2,0.46,13,1,1,0.01
CARD,CARD_DECLINED,27932,3,2,0.1,7,0,1,0.17520630051657177
CARD,ACCOUNT_BLOCKED,20709,1,3,0.03,10,1,0,0.01
UPI,EXPIRED_CARD,42912,1,1,0.32,9,1,0,0.02327364452569649
NETBANKING,BANK_TIMEOUT,32629,1,5,0.25,13,1,1,0.6397691887436366
UPI,NETWORK_ERROR,36631,2,0,0.14,22,1,1,0.7398725752260391
CARD,CARD_DECLINED,32757,2,1,0.14,7,1,1,0.17086093896032797
NETBANKING,EXPIRED_CARD,2356,1,5,0.22,11,0,1,0.043668306649788984
UPI,EXPIRED_CARD,21056,1,2,0.49,18,0,1,0.01
NETBANKING,NETWORK_ERROR,34069,3,4,0.2,18,1,1,0.5644263684882593
NETBANKING,ACCOUNT_BLOCKED,23592,2,4,0.02,23,1,0,0.01989630173899281
CARD,ACCOUNT_BLOCKED,10137,1,4,0.14,23,0,1,0.01
UPI,INVALID_CARD,13566,2,2,0.05,20,0,0,0.019682706256456163
CARD,BANK_TIMEOUT,45319,4,1,0.37,16,0,0,0.5423752720224129
UPI,NETWORK_ERROR,8143,2,5,0.41,14,1,0,0.5668196966308429
UPI,GATEWAY_TIMEOUT,13840,2,0,0.1,12,1,1,0.7237003334955993
UPI,INSUFFICIENT_FUNDS,34119,3,3,0.07,5,1,0,0.08879734427103772
CARD,NETWORK_ERROR,12517,3,1,0.25,22,1,0,0.5793973985325919
CARD,EXPIRED_CARD,15338,4,2,0.1,3,1,0,0.01
CARD,GATEWAY_TIMEOUT,2373,4,4,0.13,15,1,0,0.4739615924727044
NETBANKING,EXPIRED_CARD,4392,3,1,0.18,21,1,0,0.026308881312053743
CARD,INSUFFICIENT_FUNDS,42108,1,4,0.19,22,1,1,0.16177952146584285
NETBANKING,ACCOUNT_BLOCKED,14762,4,2,0.34,5,1,0,0.01
CARD,EXPIRED_CARD,9862,2,4,0.36,3,1,0,0.01
UPI,NETWORK_ERROR,15786,3,0,0.06,20,0,0,0.7095602784510533
UPI,NETWORK_ERROR,2025,4,2,0.1,21,0,0,0.616845578447084
CARD,ACCOUNT_BLOCKED,18379,3,5,0.37,3,0,0,0.01
NETBANKING,GATEWAY_TIMEOUT,11985,2,1,0.45,17,1,0,0.6473722564821012
CARD,EXPIRED_CARD,3981,3,1,0.3,3,0,1,0.01
NETBANKING,FRAUD_SUSPECTED,36921,4,4,0.11,19,0,0,0.01
UPI,INVALID_CARD,48636,2,1,0.19,1,0,0,0.01
CARD,NETWORK_ERROR,41033,2,0,0.46,17,1,1,0.7154369204629718
NETBANKING,INVALID_ACCOUNT,16244,1,1,0.23,8,1,0,0.02137297010667711
UPI,INSUFFICIENT_FUNDS,13788,4,0,0.34,18,1,1,0.10290503977700988
CARD,FRAUD_SUSPECTED,20323,1,3,0.43,0,0,1,0.05137718992876842
CARD,FRAUD_SUSPECTED,42699,2,1,0.46,17,0,0,0.03790546678839172
UPI,INVALID_ACCOUNT,11843,2,4,0.5,1,0,1,0.01
NETBANKING,INVALID_ACCOUNT,10977,3,4,0.25,11,0,1,0.01
CARD,INVALID_CARD,19419,1,2,0.44,7,0,0,0.01
UPI,INVALID_CARD,27033,4,5,0.45,1,1,0,0.03655506126986551
UPI,NETWORK_ERROR,6645,1,5,0.22,2,0,1,0.6616959397372331
UPI,BANK_TIMEOUT,39091,2,3,0.11,3,0,1,0.6875178853996637
UPI,EXPIRED_CARD,32402,1,3,0.01,6,1,0,0.01
UPI,INVALID_ACCOUNT,38157,2,0,0.45,9,1,0,0.01
UPI,NETWORK_ERROR,25734,2,2,0.23,22,1,0,0.5868554207620016
NETBANKING,CARD_DECLINED,31438,2,1,0.19,10,0,1,0.2655024872783386
UPI,ACCOUNT_BLOCKED,43391,1,2,0.36,7,1,1,0.022427168068092876
UPI,GATEWAY_TIMEOUT,1687,4,1,0.45,23,0,1,0.6226685930406548
NETBANKING,ACCOUNT_BLOCKED,1587,2,2,0.35,22,1,0,0.052039316131552625
NETBANKING,NETWORK_ERROR,37348,4,4,0.43,23,1,1,0.4591833353008593
CARD,EXPIRED_CARD,48866,1,5,0.23,9,0,0,0.05697329052879977
CARD,BANK_TIMEOUT,41770,3,0,0.49,11,1,1,0.6394345412236188
CARD,BANK_TIMEOUT,37060,2,0,0.07,12,1,1,0.7431418292047993
NETBANKING,INSUFFICIENT_FUNDS,2422,1,0,0.12,8,0,1,0.375312695408813
CARD,INVALID_ACCOUNT,3518,4,5,0.24,18,0,1,0.0383427981922009
CARD,INVALID_CARD,23650,3,4,0.14,1,0,0,0.04894599772527677
UPI,BANK_TIMEOUT,19294,4,2,0.43,8,1,1,0.5698423002302161
UPI,CARD_DECLINED,48059,4,2,0.09,13,0,1,0.15035232169567045
NETBANKING,ACCOUNT_BLOCKED,39750,2,2,0.2,4,1,1,0.01
UPI,INSUFFICIENT_FUNDS,34856,1,5,0.24,10,0,0,0.14477404086823967
UPI,GATEWAY_TIMEOUT,43851,1,3,0.18,21,1,0,0.6376872834824302
UPI,FRAUD_SUSPECTED,37202,3,4,0.02,7,0,1,0.05400832803661696
CARD,NETWORK_ERROR,32688,3,0,0.32,21,1,1,0.7029405512243161
CARD,INVALID_CARD,12466,1,5,0.03,7,0,0,0.01
CARD,INVALID_CARD,31020,1,1,0.19,12,0,1,0.07198957512824197
CARD,CARD_DECLINED,24985,4,2,0.19,20,0,1,0.10931838586055544
UPI,INVALID_ACCOUNT,15037,2,4,0.45,2,0,0,0.04639465901548615
NETBANKING,GATEWAY_TIMEOUT,17916,3,3,0.47,19,0,1,0.6378166179038881
CARD,ACCOUNT_BLOCKED,6150,3,2,0.49,18,1,0,0.048907039169196954
NETBANKING,CARD_DECLINED,25297,3,4,0.13,12,0,0,0.051436076394301686
CARD,INVALID_ACCOUNT,48691,4,4,0.02,15,0,1,0.01
NETBANKING,EXPIRED_CARD,27498,3,4,0.24,6,1,0,0.01
CARD,GATEWAY_TIMEOUT,23077,1,4,0.06,17,1,0,0.6063454464426612
NETBANKING,ACCOUNT_BLOCKED,29353,3,3,0.22,14,1,1,0.029419997893569937
CARD,BANK_TIMEOUT,45455,1,4,0.07,6,1,0,0.6010547902275649
CARD,GATEWAY_TIMEOUT,22546,2,0,0.23,18,1,0,0.6700947318625076
CARD,INVALID_CARD,49384,4,2,0.29,0,1,1,0.03336589827107967
UPI,ACCOUNT_BLOCKED,42837,4,3,0.03,9,1,1,0.01
CARD,NETWORK_ERROR,17905,1,2,0.4,14,0,0,0.746926331792168
NETBANKING,BANK_TIMEOUT,45792,1,2,0.19,9,1,1,0.6645781090258803
NETBANKING,ACCOUNT_BLOCKED,35373,3,3,0.41,4,1,1,0.059336164914019655
UPI,EXPIRED_CARD,17030,3,5,0.28,11,1,1,0.030951873562562397
NETBANKING,EXPIRED_CARD,25683,4,1,0.13,10,1,0,0.01
CARD,BANK_TIMEOUT,37147,3,1,0.39,21,1,0,0.5680420866672217
NETBANKING,EXPIRED_CARD,8668,2,3,0.2,10,1,0,0.05467569047018037
NETBANKING,ACCOUNT_BLOCKED,17971,2,5,0.44,13,1,0,0.01
CARD,ACCOUNT_BLOCKED,35509,1,5,0.1,14,1,1,0.01
UPI,ACCOUNT_BLOCKED,18808,2,5,0.19,1,1,1,0.04019679270879215
CARD,FRAUD_SUSPECTED,14775,4,3,0.44,14,1,0,0.01
UPI,INVALID_CARD,18969,1,4,0.06,6,1,1,0.01
NETBANKING,EXPIRED_CARD,11477,3,4,0.1,1,0,1,0.020643800403146277
CARD,INVALID_CARD,40276,4,4,0.04,19,0,0,0.01
NETBANKING,BANK_TIMEOUT,1485,1,1,0.12,23,1,0,0.6921419099334629
CARD,CARD_DECLINED,15284,2,3,0.29,22,0,1,0.19335177910432716
UPI,INVALID_ACCOUNT,347,1,5,0.2,18,1,0,0.01
NETBANKING,GATEWAY_TIMEOUT,37610,3,3,0.45,1,0,0,0.5840918786130688
NETBANKING,GATEWAY_TIMEOUT,36360,4,4,0.45,8,1,1,0.48401234771972773
UPI,NETWORK_ERROR,42929,2,0,0.41,7,0,1,0.7392737575412173
CARD,INVALID_CARD,44662,4,5,0.29,4,0,1,0.04270919635063768
NETBANKING,INSUFFICIENT_FUNDS,47352,4,2,0.44,21,1,0,0.012990116552195721
CARD,INVALID_CARD,15981,4,5,0.24,9,1,0,0.03351117450270084
UPI,GATEWAY_TIMEOUT,29496,4,1,0.35,2,1,0,0.5564021193047015
CARD,GATEWAY_TIMEOUT,23545,1,2,0.18,5,1,1,0.7237389206635388
UPI,CARD_DECLINED,43002,3,5,0.39,16,0,1,0.01
NETBANKING,EXPIRED_CARD,46460,4,4,0.44,23,1,0,0.04013366995116078
NETBANKING,INVALID_CARD,29095,2,4,0.25,8,1,1,0.05193235160155334
UPI,BANK_TIMEOUT,19404,1,3,0.2,5,1,1,0.6913496054579624
NETBANKING,CARD_DECLINED,6675,3,3,0.12,21,0,0,0.049824957345173504
UPI,CARD_DECLINED,5178,1,3,0.4,18,0,0,0.17951417965858557
CARD,INSUFFICIENT_FUNDS,45219,2,3,0.04,5,1,1,0.13978027582847247
UPI,CARD_DECLINED,40753,4,1,0.4,10,0,0,0.05824398115986086
CARD,INSUFFICIENT_FUNDS,4235,1,0,0.44,23,1,1,0.26293785175358286
CARD,INSUFFICIENT_FUNDS,6104,2,3,0.04,1,0,1,0.18352319840135223
UPI,NETWORK_ERROR,29657,3,3,0.48,15,0,0,0.5004885292825997
UPI,EXPIRED_CARD,14066,4,1,0.13,19,1,0,0.01
UPI,NETWORK_ERROR,43388,3,4,0.09,5,0,0,0.5829339201339164
UPI,CARD_DECLINED,1119,1,3,0.05,16,1,1,0.2019923782694905
NETBANKING,ACCOUNT_BLOCKED,28041,4,0,0.09,20,1,0,0.057584959082390676
CARD,INSUFFICIENT_FUNDS,22473,1,2,0.42,2,0,0,0.21739022644324316
UPI,CARD_DECLINED,22314,1,0,0.45,23,0,0,0.2457731635216665
NETBANKING,FRAUD_SUSPECTED,40158,4,0,0.42,4,1,1,0.020042534605010723
UPI,CARD_DECLINED,49684,4,3,0.31,13,0,1,0.02466685074028947
NETBANKING,FRAUD_SUSPECTED,24743,2,2,0.24,0,1,0,0.01
CARD,CARD_DECLINED,49718,1,3,0.3,8,1,0,0.14803603912063584
CARD,FRAUD_SUSPECTED,16998,1,5,0.26,15,1,0,0.03933344477102826
CARD,INVALID_ACCOUNT,36674,1,3,0.04,17,0,0,0.01675223059893855
NETBANKING,FRAUD_SUSPECTED,23307,4,0,0.28,12,1,1,0.045027783332372485
CARD,BANK_TIMEOUT,17313,3,5,0.15,9,1,0,0.5174131187594846
CARD,GATEWAY_TIMEOUT,49168,4,3,0.4,0,0,1,0.5748049015131795
UPI,FRAUD_SUSPECTED,8217,2,3,0.34,21,1,0,0.01
CARD,ACCOUNT_BLOCKED,29214,1,2,0.08,2,1,0,0.01
UPI,EXPIRED_CARD,25144,1,3,0.33,1,1,0,0.050167381066589765
UPI,INVALID_CARD,23689,4,1,0.34,7,1,1,0.01
UPI,BANK_TIMEOUT,20605,3,0,0.43,2,1,0,0.5499296106074256
CARD,INVALID_CARD,1011,1,5,0.42,14,1,0,0.03103587816848486
NETBANKING,BANK_TIMEOUT,456,4,3,0.28,5,1,1,0.5382589593653034
CARD,NETWORK_ERROR,34799,4,3,0.25,1,1,1,0.5238104031467639
NETBANKING,NETWORK_ERROR,39691,2,1,0.28,7,1,0,0.6078944840768736
UPI,ACCOUNT_BLOCKED,9998,1,2,0.09,5,1,1,0.05447362028214931
UPI,INVALID_CARD,30499,3,5,0.04,16,0,0,0.028697404690355012
UPI,FRAUD_SUSPECTED,38963,3,2,0.35,20,1,0,0.01
NETBANKING,GATEWAY_TIMEOUT,22529,4,1,0.04,6,1,0,0.5802988139499407
NETBANKING,INVALID_ACCOUNT,2610,2,2,0.25,21,0,0,0.04499025807040317
NETBANKING,GATEWAY_TIMEOUT,47134,1,5,0.33,22,0,1,0.5932268728215134
CARD,FRAUD_SUSPECTED,40670,3,4,0.06,3,1,1,0.049901075049329384
UPI,INVALID_CARD,46321,4,1,0.49,12,1,1,0.05236919646968851
NETBANKING,INSUFFICIENT_FUNDS,25381,1,1,0.39,7,1,1,0.1898007532999879
UPI,BANK_TIMEOUT,40655,2,1,0.17,8,1,0,0.673507222227439
UPI,INVALID_CARD,40368,3,0,0.31,17,1,0,0.04223568645015941
NETBANKING,INVALID_ACCOUNT,32738,1,4,0.46,20,1,0,0.035466920477097506
UPI,BANK_TIMEOUT,28740,4,2,0.27,16,1,0,0.5381650042172548
NETBANKING,INSUFFICIENT_FUNDS,1890,1,2,0.22,7,1,1,0.18813118662604705
NETBANKING,ACCOUNT_BLOCKED,45733,4,0,0.2,18,0,1,0.01
UPI,CARD_DECLINED,18623,4,4,0.49,20,1,0,0.01
CARD,BANK_TIMEOUT,8389,4,5,0.27,0,0,1,0.5155452837816517
CARD,NETWORK_ERROR,12425,1,5,0.47,1,1,0,0.6127105551170241
UPI,ACCOUNT_BLOCKED,35844,3,3,0.17,15,0,0,0.014193925323150737
UPI,EXPIRED_CARD,20249,1,3,0.09,5,1,0,0.01
CARD,FRAUD_SUSPECTED,14760,2,0,0.19,4,1,0,0.01
CARD,BANK_TIMEOUT,7772,2,2,0.09,14,0,0,0.7110975266379966
NETBANKING,INVALID_ACCOUNT,31162,3,0,0.36,3,0,0,0.04772405872538563
NETBANKING,CARD_DECLINED,5853,1,2,0.38,9,0,0,0.15420657584650332
NETBANKING,BANK_TIMEOUT,32383,3,5,0.46,8,1,0,0.4271220562963341
NETBANKING,ACCOUNT_BLOCKED,14048,2,1,0.24,22,0,1,0.05217554006855559
NETBANKING,CARD_DECLINED,29464,2,4,0.24,19,0,0,0.08273510576462229
UPI,FRAUD_SUSPECTED,11776,2,4,0.03,1,1,1,0.01
UPI,EXPIRED_CARD,5405,2,2,0.42,3,0,1,0.01
CARD,ACCOUNT_BLOCKED,5772,2,5,0.16,2,0,1,0.01
CARD,INSUFFICIENT_FUNDS,28324,3,1,0.48,11,0,0,0.10777873029279222
NETBANKING,FRAUD_SUSPECTED,45515,3,2,0.48,17,0,1,0.01
NETBANKING,ACCOUNT_BLOCKED,21046,1,2,0.2,7,0,1,0.05173693280711132
NETBANKING,EXPIRED_CARD,27025,2,1,0.49,1,0,0,0.01
UPI,INSUFFICIENT_FUNDS,15872,2,5,0.26,20,0,0,0.09014146796613731
CARD,BANK_TIMEOUT,9614,3,0,0.31,22,0,1,0.6706154678601814
UPI,BANK_TIMEOUT,20438,2,4,0.46,12,1,1,0.5707302054465595
CARD,GATEWAY_TIMEOUT,25573,1,5,0.09,10,1,1,0.6762363687952015
UPI,INVALID_CARD,33095,1,2,0.11,15,0,0,0.044313521947527974
NETBANKING,GATEWAY_TIMEOUT,13288,2,0,0.29,0,0,0,0.7004604759396177
CARD,BANK_TIMEOUT,41446,4,2,0.06,22,1,0,0.48443126210807325
NETBANKING,INVALID_ACCOUNT,43368,4,1,0.21,16,0,0,0.047935944217158945
NETBANKING,ACCOUNT_BLOCKED,25476,1,0,0.2,12,0,0,0.04863436265885342
UPI,CARD_DECLINED,47738,2,2,0.09,21,1,1,0.1532525363442156
UPI,INVALID_CARD,35878,1,5,0.23,4,0,1,0.01
NETBANKING,ACCOUNT_BLOCKED,30006,4,0,0.12,1,0,0,0.01
NETBANKING,BANK_TIMEOUT,40588,3,5,0.14,16,1,0,0.5204122938960236
CARD,INVALID_ACCOUNT,16266,2,2,0.21,10,1,1,0.05159860740321096
NETBANKING,GATEWAY_TIMEOUT,25455,1,1,0.06,2,0,1,0.8043232760895025
NETBANKING,INVALID_CARD,19606,1,2,0.46,19,1,1,0.01
UPI,INVALID_ACCOUNT,32782,1,5,0.11,16,0,1,0.030603872032438688
UPI,EXPIRED_CARD,7106,2,3,0.37,16,1,0,0.01
UPI,FRAUD_SUSPECTED,21073,4,4,0.48,3,0,1,0.01
UPI,CARD_DECLINED,11050,1,3,0.34,12,0,1,0.224047376866788
NETBANKING,CARD_DECLINED,47456,3,1,0.11,3,1,0,0.09395830180200322
NETBANKING,BANK_TIMEOUT,23159,4,3,0.22,1,1,0,0.5201587555933218
CARD,INVALID_ACCOUNT,18072,4,2,0.45,3,1,1,0.01
CARD,INVALID_CARD,9203,1,4,0.31,15,1,1,0.01
UPI,FRAUD_SUSPECTED,22618,3,1,0.14,17,1,1,0.01
NETBANKING,GATEWAY_TIMEOUT,37622,1,3,0.09,22,1,1,0.7025891741747471
UPI,INVALID_CARD,43760,1,0,0.16,8,0,0,0.055676403853029646
CARD,INSUFFICIENT_FUNDS,36609,4,5,0.27,6,0,0,0.040348479898936064
NETBANKING,ACCOUNT_BLOCKED,34489,4,1,0.09,20,1,1,0.02491834260597308
NETBANKING,INVALID_CARD,12336,4,3,0.49,1,0,1,0.01
CARD,CARD_DECLINED,42136,1,4,0.46,6,1,0,0.09460333513126258
NETBANKING,GATEWAY_TIMEOUT,26997,2,3,0.12,11,0,1,0.6211454615684503
NETBANKING,NETWORK_ERROR,9841,4,3,0.43,12,0,1,0.5245469034051472
NETBANKING,BANK_TIMEOUT,37230,1,0,0.03,3,1,1,0.7725617961544775
NETBANKING,ACCOUNT_BLOCKED,21273,3,2,0.47,23,0,0,0.01
CARD,INVALID_ACCOUNT,17713,4,1,0.33,15,1,0,0.040439446734083444
UPI,FRAUD_SUSPECTED,11955,2,2,0.34,17,1,0,0.01
UPI,GATEWAY_TIMEOUT,7243,4,3,0.19,12,0,0,0.5659483834560473
UPI,INVALID_ACCOUNT,44582,4,0,0.43,15,0,0,0.02689456173245345
CARD,BANK_TIMEOUT,41999,2,2,0.03,0,1,1,0.6446143692044131
CARD,INVALID_CARD,16958,2,2,0.42,20,1,1,0.01
CARD,FRAUD_SUSPECTED,4089,3,1,0.15,15,1,0,0.01
CARD,BANK_TIMEOUT,10386,3,5,0.29,11,0,1,0.5553361790173876
NETBANKING,INVALID_ACCOUNT,32444,3,4,0.47,5,0,1,0.032363771550173025
NETBANKING,FRAUD_SUSPECTED,21277,2,4,0.37,5,0,0,0.040582351879947805
UPI,INVALID_CARD,18042,2,0,0.46,7,0,1,0.04979845793910887
CARD,CARD_DECLINED,42263,3,1,0.12,22,0,1,0.1625050958388337
CARD,INVALID_ACCOUNT,28187,4,5,0.33,9,0,1,0.059711660189008954
CARD,EXPIRED_CARD,8585,3,5,0.32,12,1,1,0.01
NETBANKING,INVALID_ACCOUNT,13933,3,0,0.29,0,1,1,0.02278190381667764
NETBANKING,NETWORK_ERROR,1527,1,4,0.29,17,1,1,0.719429219554172
NETBANKING,INVALID_ACCOUNT,10916,2,0,0.2,8,0,0,0.01
UPI,INVALID_CARD,23397,3,4,0.24,1,0,1,0.011571809941634174
UPI,BANK_TIMEOUT,22538,3,3,0.29,18,0,1,0.6277018995051229
NETBANKING,CARD_DECLINED,15081,3,5,0.49,12,1,0,0.025065623184581824
UPI,CARD_DECLINED,13507,3,2,0.04,14,0,0,0.12744039739170587
NETBANKING,INSUFFICIENT_FUNDS,4760,2,4,0.17,20,1,0,0.0652678110994078
CARD,INVALID_ACCOUNT,49220,3,2,0.31,23,1,0,0.059681514271326334
NETBANKING,NETWORK_ERROR,10326,2,0,0.32,2,0,1,0.7488567379693593
UPI,NETWORK_ERROR,43354,1,2,0.14,15,0,1,0.7595647035923508
CARD,BANK_TIMEOUT,32054,1,2,0.43,14,0,1,0.7617001946310062
NETBANKING,BANK_TIMEOUT,41942,4,1,0.2,6,0,1,0.6104664175058196
CARD,INSUFFICIENT_FUNDS,8619,4,2,0.23,0,1,0,0.012533433808915959
CARD,BANK_TIMEOUT,31640,2,3,0.31,16,1,1,0.635355990118393
UPI,INSUFFICIENT_FUNDS,40753,4,1,0.2,3,1,1,0.06771107201852342
UPI,ACCOUNT_BLOCKED,35839,2,4,0.46,14,0,0,0.01
UPI,ACCOUNT_BLOCKED,1270,1,3,0.4,11,0,1,0.03032773310206762
NETBANKING,FRAUD_SUSPECTED,10975,4,2,0.23,17,1,0,0.01
CARD,INSUFFICIENT_FUNDS,12752,2,0,0.49,14,0,0,0.23029788504924037
UPI,CARD_DECLINED,32547,3,3,0.44,19,1,0,0.045937039155357594
CARD,FRAUD_SUSPECTED,41417,1,1,0.07,0,0,0,0.01
NETBANKING,INVALID_CARD,20264,3,4,0.34,14,0,0,0.01
NETBANKING,GATEWAY_TIMEOUT,21437,2,4,0.45,1,1,0,0.48455537826870854
NETBANKING,BANK_TIMEOUT,21786,2,3,0.42,12,0,0,0.6110184544297222
CARD,ACCOUNT_BLOCKED,44904,2,5,0.44,15,1,1,0.0374707892442542
UPI,INVALID_CARD,33891,4,2,0.11,2,1,0,0.026833371117820894
UPI,INVALID_ACCOUNT,32343,2,5,0.02,10,1,0,0.03329028926568161
CARD,CARD_DECLINED,16555,3,0,0.3,18,1,1,0.17155739081581897
NETBANKING,ACCOUNT_BLOCKED,49891,4,1,0.32,21,0,1,0.01
NETBANKING,GATEWAY_TIMEOUT,32419,4,5,0.05,11,1,0,0.45157637703133097
CARD,INVALID_ACCOUNT,21819,1,5,0.23,10,0,0,0.01
NETBANKING,NETWORK_ERROR,2100,2,0,0.33,13,1,0,0.7367217454157332
CARD,FRAUD_SUSPECTED,38048,1,2,0.15,23,1,1,0.01
UPI,ACCOUNT_BLOCKED,26850,4,5,0.23,12,0,0,0.03199204588897089
UPI,CARD_DECLINED,15474,3,0,0.39,0,0,1,0.22640466500225614
CARD,EXPIRED_CARD,24904,3,3,0.19,20,1,1,0.03460495267658049
UPI,GATEWAY_TIMEOUT,38631,4,3,0.49,2,0,1,0.4812714801082169
NETBANKING,FRAUD_SUSPECTED,40359,1,5,0.08,7,0,1,0.04912004073891881
CARD,GATEWAY_TIMEOUT,7786,3,5,0.25,0,1,0,0.5287695161813551
CARD,INSUFFICIENT_FUNDS,30433,2,0,0.17,9,0,0,0.2480939278980649
NETBANKING,INVALID_ACCOUNT,4707,4,1,0.29,1,1,0,0.01
UPI,EXPIRED_CARD,7410,1,3,0.21,12,0,0,0.01
CARD,BANK_TIMEOUT,21835,1,2,0.07,14,1,1,0.7338781512310666
NETBANKING,INSUFFICIENT_FUNDS,6909,3,3,0.23,18,1,0,0.06195041717677252
CARD,ACCOUNT_BLOCKED,27637,1,1,0.08,16,0,0,0.03331155004317426
CARD,INVALID_ACCOUNT,33987,3,5,0.24,18,0,1,0.037768389297124914
CARD,FRAUD_SUSPECTED,40845,4,4,0.37,17,1,0,0.01
CARD,INVALID_ACCOUNT,12381,2,0,0.44,1,1,0,0.04993817517493163
CARD,EXPIRED_CARD,21920,3,0,0.07,6,0,1,0.01
UPI,NETWORK_ERROR,4401,3,3,0.23,23,0,1,0.5887763350424928
UPI,INVALID_ACCOUNT,12061,3,3,0.16,19,0,0,0.01
CARD,FRAUD_SUSPECTED,3765,3,5,0.32,21,0,0,0.01
NETBANKING,INVALID_CARD,41956,2,3,0.49,2,0,0,0.048198665271447304
NETBANKING,NETWORK_ERROR,23992,1,4,0.37,22,0,1,0.6937149019689968
UPI,BANK_TIMEOUT,18172,4,4,0.03,13,1,1,0.5568425136966404
UPI,FRAUD_SUSPECTED,44818,1,2,0.06,7,1,0,0.01
NETBANKING,NETWORK_ERROR,46192,1,4,0.49,5,1,0,0.5231108684119812
NETBANKING,INVALID_CARD,44543,1,5,0.22,16,0,1,0.01
UPI,INVALID_CARD,41956,4,5,0.2,3,1,1,0.02848360087879922
NETBANKING,CARD_DECLINED,10794,1,3,0.45,15,0,0,0.14922861824957978
NETBANKING,FRAUD_SUSPECTED,36431,2,2,0.5,0,1,1,0.01
NETBANKING,ACCOUNT_BLOCKED,46121,3,5,0.25,9,0,0,0.01
UPI,NETWORK_ERROR,24053,1,5,0.4,13,0,1,0.6147549115042975
NETBANKING,ACCOUNT_BLOCKED,28621,2,1,0.35,19,1,1,0.01
NETBANKING,NETWORK_ERROR,40078,3,4,0.48,11,0,0,0.551540425362361
UPI,ACCOUNT_BLOCKED,37625,1,0,0.01,12,0,0,0.04523574728687446
NETBANKING,GATEWAY_TIMEOUT,9597,4,3,0.35,15,0,1,0.5827255243852317
NETBANKING,GATEWAY_TIMEOUT,27798,2,1,0.31,23,1,1,0.6553919347513517
NETBANKING,CARD_DECLINED,16881,2,0,0.13,20,0,0,0.19907149797182494
NETBANKING,FRAUD_SUSPECTED,31379,4,4,0.15,3,1,0,0.01
NETBANKING,FRAUD_SUSPECTED,24244,2,1,0.45,6,1,1,0.01
UPI,ACCOUNT_BLOCKED,32538,2,0,0.24,5,1,0,0.0281427948032675
NETBANKING,INSUFFICIENT_FUNDS,9747,3,1,0.13,4,0,0,0.16389382206606495
NETBANKING,EXPIRED_CARD,37855,4,2,0.47,5,0,1,0.01
UPI,FRAUD_SUSPECTED,1345,1,3,0.36,22,1,1,0.032043135406972297
UPI,CARD_DECLINED,34081,2,4,0.45,1,1,0,0.02693917928564736
UPI,FRAUD_SUSPECTED,48247,3,4,0.23,5,0,1,0.01
CARD,GATEWAY_TIMEOUT,41390,3,4,0.48,23,0,1,0.5039469436433738
UPI,FRAUD_SUSPECTED,23172,2,5,0.08,4,0,0,0.057195991433239314
CARD,FRAUD_SUSPECTED,1416,1,0,0.19,4,1,0,0.058820516299783694
UPI,CARD_DECLINED,6355,3,3,0.24,10,1,1,0.07715439901956203
CARD,NETWORK_ERROR,15590,4,4,0.3,15,0,0,0.5361725030904926
NETBANKING,FRAUD_SUSPECTED,16364,2,4,0.47,17,0,0,0.030445466898407957
NETBANKING,INSUFFICIENT_FUNDS,43285,4,2,0.23,23,1,0,0.035946673486499624
CARD,INVALID_CARD,17783,3,2,0.07,20,1,1,0.01
UPI,GATEWAY_TIMEOUT,888,2,2,0.39,8,1,0,0.6298086296363005
NETBANKING,INVALID_CARD,8096,2,4,0.04,2,1,0,0.05158282110757562
CARD,ACCOUNT_BLOCKED,38938,2,4,0.3,10,0,0,0.05511673851634181
NETBANKING,INVALID_ACCOUNT,13186,2,4,0.08,12,0,1,0.01
NETBANKING,GATEWAY_TIMEOUT,31868,3,5,0.25,3,0,0,0.4871509248397711
UPI,BANK_TIMEOUT,23712,4,4,0.17,20,1,0,0.43459784721326
UPI,ACCOUNT_BLOCKED,25221,3,0,0.08,10,0,0,0.027736095164872222
NETBANKING,INVALID_ACCOUNT,49887,4,0,0.27,2,0,1,0.01
NETBANKING,GATEWAY_TIMEOUT,13491,4,0,0.13,13,0,1,0.7351559414851301
NETBANKING,INVALID_ACCOUNT,18856,3,2,0.11,15,0,0,0.04404131173968615
UPI,INVALID_CARD,46889,4,3,0.43,6,0,0,0.03151032804499548
UPI,INVALID_ACCOUNT,3692,3,1,0.26,9,0,0,0.037113906734640066
CARD,ACCOUNT_BLOCKED,32095,3,3,0.26,8,0,0,0.01553239742035365
NETBANKING,BANK_TIMEOUT,4406,4,2,0.24,19,0,0,0.5264796909712572
UPI,INVALID_CARD,23483,4,2,0.2,6,0,0,0.028603845098995738
UPI,GATEWAY_TIMEOUT,4829,4,4,0.07,0,1,0,0.5133250655863418
UPI,EXPIRED_CARD,20725,1,0,0.27,19,0,0,0.03445050288635873
UPI,CARD_DECLINED,7725,4,2,0.07,14,0,1,0.09194308280440766
NETBANKING,NETWORK_ERROR,734,3,1,0.06,1,0,0,0.6599683653726923
NETBANKING,GATEWAY_TIMEOUT,49759,3,0,0.12,20,0,0,0.6274968354278941
NETBANKING,BANK_TIMEOUT,5025,2,5,0.23,1,0,0,0.6120571703655162
NETBANKING,INVALID_ACCOUNT,6061,3,0,0.05,8,1,1,0.01
NETBANKING,INSUFFICIENT_FUNDS,26509,1,3,0.25,15,0,0,0.16827686141654205
CARD,FRAUD_SUSPECTED,3282,1,3,0.37,6,1,0,0.01
UPI,FRAUD_SUSPECTED,1884,1,3,0.36,13,0,1,0.05741338198500496
UPI,CARD_DECLINED,37861,3,3,0.47,15,0,0,0.0708485969412065
CARD,NETWORK_ERROR,47890,3,0,0.11,21,0,0,0.6681682079403147
CARD,INSUFFICIENT_FUNDS,3711,2,2,0.49,15,1,0,0.12477252999132676
UPI,FRAUD_SUSPECTED,37263,4,3,0.18,7,0,0,0.039535704392113756
UPI,INVALID_ACCOUNT,23817,4,2,0.11,19,0,1,0.04735928275016726
UPI,BANK_TIMEOUT,1913,3,0,0.2,21,1,1,0.6860579774110016
UPI,CARD_DECLINED,28314,2,5,0.07,12,1,0,0.07950883140442244
UPI,INSUFFICIENT_FUNDS,37950,3,5,0.45,11,1,1,0.01
NETBANKING,CARD_DECLINED,42228,2,0,0.06,3,0,0,0.18536088845817916
UPI,NETWORK_ERROR,24695,3,0,0.3,17,0,1,0.7144129449246996
NETBANKING,NETWORK_ERROR,31990,3,0,0.23,10,0,0,0.6359882913341783
CARD,EXPIRED_CARD,41649,3,0,0.15,3,1,0,0.026187659759347982
NETBANKING,INVALID_ACCOUNT,41210,3,1,0.37,21,1,1,0.01
NETBANKING,INVALID_ACCOUNT,49818,4,1,0.01,0,1,1,0.01
UPI,INSUFFICIENT_FUNDS,25230,3,1,0.15,12,1,0,0.07025214053054912
UPI,EXPIRED_CARD,7636,4,2,0.18,2,1,1,0.018046810603292968
CARD,BANK_TIMEOUT,36795,1,0,0.08,19,0,1,0.8338899127712371
CARD,CARD_DECLINED,30932,2,2,0.22,8,0,1,0.20679274855479457
NETBANKING,CARD_DECLINED,13412,4,5,0.06,19,0,0,0.01
UPI,INVALID_ACCOUNT,7730,3,5,0.22,9,1,0,0.01
UPI,INVALID_CARD,495,4,2,0.07,1,1,0,0.01
CARD,GATEWAY_TIMEOUT,22095,3,1,0.33,2,0,1,0.681300271342178
CARD,INVALID_CARD,12320,2,4,0.02,18,1,1,0.052610514960634604
CARD,FRAUD_SUSPECTED,17526,1,0,0.2,14,0,1,0.10713591869873165
CARD,INVALID_ACCOUNT,10895,1,3,0.1,6,0,1,0.061843702666896906
UPI,BANK_TIMEOUT,49962,2,4,0.22,21,1,1,0.6432223234691384
UPI,BANK_TIMEOUT,25185,3,3,0.15,13,1,1,0.5609713489290598
NETBANKING,FRAUD_SUSPECTED,25161,2,2,0.45,17,1,1,0.01
NETBANKING,NETWORK_ERROR,42617,3,1,0.4,18,0,1,0.6468507087847493
UPI,ACCOUNT_BLOCKED,38042,2,4,0.22,0,0,1,0.022864303093363937
UPI,CARD_DECLINED,15724,2,2,0.34,4,0,0,0.12456578211399238
NETBANKING,INVALID_ACCOUNT,49988,4,2,0.42,3,0,0,0.03789522584444976
UPI,INVALID_ACCOUNT,13545,1,2,0.11,13,1,0,0.048955962669081886
NETBANKING,INVALID_ACCOUNT,14844,1,1,0.29,16,1,0,0.01
CARD,EXPIRED_CARD,30503,4,4,0.08,22,0,0,0.03344546393854756
CARD,BANK_TIMEOUT,32186,1,4,0.23,19,1,1,0.62632373804715
CARD,FRAUD_SUSPECTED,46411,3,0,0.43,18,0,1,0.01
CARD,INVALID_CARD,30955,2,4,0.33,7,0,1,0.034511051029700916
CARD,INVALID_CARD,32562,4,4,0.16,14,0,1,0.01
CARD,INSUFFICIENT_FUNDS,10852,4,1,0.09,8,0,1,0.18660460049129293
UPI,ACCOUNT_BLOCKED,5267,1,2,0.21,10,0,1,0.025289130959829653
UPI,CARD_DECLINED,12630,1,3,0.2,20,0,0,0.23493247835136916
NETBANKING,EXPIRED_CARD,25308,1,5,0.32,13,0,1,0.041034976781142506
NETBANKING,NETWORK_ERROR,38308,1,3,0.4,5,1,0,0.6465698018951291
CARD,INSUFFICIENT_FUNDS,29029,3,5,0.33,14,0,0,0.01
UPI,INVALID_ACCOUNT,17322,2,2,0.05,11,1,0,0.04047928395676594
NETBANKING,INVALID_ACCOUNT,9464,4,0,0.04,23,1,1,0.01
UPI,BANK_TIMEOUT,29278,2,2,0.24,15,0,1,0.6672035844631805
CARD,FRAUD_SUSPECTED,22971,4,2,0.23,6,0,0,0.037843986746987156
NETBANKING,INVALID_ACCOUNT,21518,2,3,0.21,15,0,0,0.014543745419514932
NETBANKING,INVALID_ACCOUNT,39711,3,1,0.28,1,0,1,0.014700787117999608
CARD,EXPIRED_CARD,33333,1,3,0.19,13,0,0,0.04900373479561861
CARD,NETWORK_ERROR,33409,1,5,0.07,9,1,0,0.5885746589056092
UPI,INVALID_CARD,4399,4,1,0.14,12,0,1,0.01
CARD,INSUFFICIENT_FUNDS,5224,3,4,0.11,2,0,0,0.06414230855621311
UPI,GATEWAY_TIMEOUT,38731,2,4,0.37,0,1,1,0.5336755230202778
UPI,BANK_TIMEOUT,42186,2,2,0.29,20,0,1,0.6596228392199301
CARD,CARD_DECLINED,38152,2,5,0.24,17,1,0,0.01
UPI,EXPIRED_CARD,42631,2,5,0.09,15,0,0,0.01
UPI,ACCOUNT_BLOCKED,12250,3,5,0.26,7,0,0,0.01
CARD,EXPIRED_CARD,4258,4,0,0.33,7,1,0,0.051386960987726236
CARD,INVALID_ACCOUNT,29923,4,0,0.09,15,1,0,0.01
CARD,CARD_DECLINED,34883,1,0,0.18,0,0,0,0.2437448829716236
NETBANKING,NETWORK_ERROR,11479,2,3,0.31,7,1,0,0.6431767742908245
UPI,INVALID_ACCOUNT,10275,2,3,0.33,16,0,1,0.01
CARD,INSUFFICIENT_FUNDS,38999,3,1,0.42,13,0,0,0.1426422002959956
UPI,BANK_TIMEOUT,28848,2,5,0.16,16,1,0,0.5599812801175699
UPI,FRAUD_SUSPECTED,28399,2,1,0.5,22,1,1,0.015254057071625094
UPI,ACCOUNT_BLOCKED,18413,4,3,0.03,2,1,0,0.044876154475223855
NETBANKING,BANK_TIMEOUT,16832,3,3,0.06,5,0,0,0.6297281351237212
UPI,CARD_DECLINED,36046,4,2,0.26,12,0,0,0.06562785801937718
NETBANKING,INVALID_ACCOUNT,28000,1,3,0.46,4,1,1,0.056886188095232555
UPI,INVALID_CARD,49781,2,4,0.44,21,1,0,0.03058977726115198
CARD,INVALID_ACCOUNT,37390,1,3,0.19,15,1,0,0.02980380074149721
NETBANKING,INVALID_ACCOUNT,16550,2,3,0.21,22,0,0,0.01
CARD,INVALID_CARD,5711,3,2,0.12,15,1,1,0.03144755012986602
NETBANKING,FRAUD_SUSPECTED,36987,2,5,0.31,10,0,1,0.01
NETBANKING,INVALID_ACCOUNT,45834,2,3,0.15,17,0,0,0.03585832820793106
CARD,BANK_TIMEOUT,18584,2,2,0.14,0,0,1,0.7592604250663786
CARD,EXPIRED_CARD,42071,1,1,0.07,15,0,1,0.11194827645987601
NETBANKING,INVALID_ACCOUNT,35919,1,3,0.38,23,0,0,0.01
CARD,INSUFFICIENT_FUNDS,10706,3,0,0.12,16,0,1,0.2093870864293327
CARD,NETWORK_ERROR,41068,2,3,0.31,17,0,1,0.6308824152045113
UPI,BANK_TIMEOUT,34441,4,0,0.31,18,1,0,0.5956625908732617
NETBANKING,INVALID_ACCOUNT,13664,2,5,0.05,4,1,0,0.01
CARD,FRAUD_SUSPECTED,38638,3,1,0.19,1,0,1,0.01
CARD,FRAUD_SUSPECTED,21028,4,2,0.27,6,0,0,0.05725434929933804
NETBANKING,EXPIRED_CARD,43985,1,2,0.2,10,1,1,0.01
NETBANKING,CARD_DECLINED,7688,1,4,0.21,0,1,1,0.2118047991666468
CARD,NETWORK_ERROR,43353,3,1,0.49,14,1,1,0.5630846842262939
NETBANKING,GATEWAY_TIMEOUT,19320,3,5,0.19,19,1,0,0.502026536587344
CARD,INSUFFICIENT_FUNDS,15182,4,4,0.49,10,1,1,0.044695710831945075
CARD,CARD_DECLINED,25868,1,3,0.28,8,0,1,0.15413974295014282
UPI,INSUFFICIENT_FUNDS,34499,2,5,0.16,22,1,1,0.06171666565979622
UPI,INVALID_ACCOUNT,46250,1,4,0.24,10,0,1,0.01
NETBANKING,BANK_TIMEOUT,12746,4,1,0.47,16,1,1,0.5763644308934346
UPI,INVALID_CARD,8025,2,3,0.31,5,0,0,0.04791738601179416
NETBANKING,CARD_DECLINED,19387,2,0,0.35,2,0,1,0.3143633567168286
NETBANKING,FRAUD_SUSPECTED,21750,4,4,0.31,0,0,1,0.01
CARD,INVALID_CARD,49630,4,1,0.47,1,1,0,0.054115025117320935
CARD,EXPIRED_CARD,34629,2,3,0.35,20,1,0,0.056491353055463246
UPI,CARD_DECLINED,6590,2,3,0.25,15,1,1,0.16562059354876812
NETBANKING,INSUFFICIENT_FUNDS,48818,2,5,0.48,8,1,1,0.013812168112333496
UPI,ACCOUNT_BLOCKED,27734,4,2,0.17,14,0,0,0.01
NETBANKING,CARD_DECLINED,22020,3,5,0.02,5,1,1,0.01
NETBANKING,INVALID_ACCOUNT,9160,4,4,0.23,18,1,0,0.01
CARD,INVALID_CARD,32009,3,4,0.27,16,1,0,0.011936219458289555
CARD,INVALID_ACCOUNT,27879,2,4,0.46,9,0,0,0.01
UPI,ACCOUNT_BLOCKED,18797,1,5,0.15,9,1,1,0.01
CARD,BANK_TIMEOUT,29770,2,2,0.16,10,0,1,0.7000720245629286
UPI,BANK_TIMEOUT,39524,3,2,0.24,20,0,1,0.6137265734261503
UPI,EXPIRED_CARD,20914,1,4,0.13,3,1,1,0.03978469133920307
UPI,EXPIRED_CARD,35891,2,4,0.47,0,0,1,0.01
NETBANKING,ACCOUNT_BLOCKED,45269,1,5,0.45,17,1,1,0.01
UPI,EXPIRED_CARD,23576,1,0,0.1,20,0,0,0.10851283157043833
CARD,EXPIRED_CARD,40205,4,5,0.39,21,1,0,0.01
CARD,EXPIRED_CARD,4494,4,1,0.21,23,1,1,0.01
UPI,INSUFFICIENT_FUNDS,36912,4,1,0.4,3,0,0,0.09384531766018499
UPI,INVALID_CARD,8608,3,5,0.41,16,1,1,0.01
CARD,INVALID_CARD,26085,3,2,0.29,14,0,1,0.01
CARD,CARD_DECLINED,16382,3,4,0.33,9,0,0,0.01
CARD,INVALID_CARD,11266,1,4,0.33,2,0,0,0.04967334200044151
NETBANKING,GATEWAY_TIMEOUT,35006,1,0,0.4,18,0,0,0.7155350421712512
CARD,FRAUD_SUSPECTED,1796,3,5,0.18,16,1,1,0.019866838186553652
UPI,NETWORK_ERROR,39494,2,1,0.1,10,0,1,0.681458086780902
CARD,NETWORK_ERROR,20629,4,2,0.26,8,0,1,0.5763154872039479
CARD,NETWORK_ERROR,42806,2,3,0.23,23,0,0,0.5796200187497011
CARD,INVALID_CARD,40440,3,1,0.02,17,1,1,0.03965242812073406
CARD,INVALID_CARD,24886,1,3,0.44,22,0,1,0.01
CARD,CARD_DECLINED,4381,1,1,0.05,9,0,1,0.35377446148225944
NETBANKING,GATEWAY_TIMEOUT,41940,4,2,0.41,6,1,1,0.5259454955318124
CARD,CARD_DECLINED,28246,1,1,0.41,1,0,1,0.27274273760529044
CARD,EXPIRED_CARD,44364,2,3,0.14,21,0,0,0.0472689460232801
NETBANKING,ACCOUNT_BLOCKED,11430,1,2,0.34,10,0,1,0.09364870078511896
NETBANKING,CARD_DECLINED,11907,3,5,0.36,13,0,1,0.09461036225255211
NETBANKING,BANK_TIMEOUT,32639,1,1,0.39,16,1,1,0.7505089128114972
UPI,INSUFFICIENT_FUNDS,48529,3,0,0.24,8,0,1,0.14784561787121292
NETBANKING,INVALID_ACCOUNT,9180,3,0,0.38,21,1,1,0.01
CARD,NETWORK_ERROR,8694,1,3,0.31,21,1,0,0.6085711362542481
NETBANKING,FRAUD_SUSPECTED,38888,4,1,0.32,4,1,0,0.03906736210067483
UPI,NETWORK_ERROR,20782,3,3,0.16,19,1,1,0.6232037621393246
UPI,INVALID_ACCOUNT,1176,3,2,0.34,1,0,0,0.01
CARD,BANK_TIMEOUT,31044,4,1,0.02,10,0,0,0.6229132262453032
UPI,CARD_DECLINED,41651,2,1,0.38,5,1,0,0.07451081875980377
CARD,FRAUD_SUSPECTED,46564,3,5,0.18,23,1,0,0.04881129362060852
CARD,ACCOUNT_BLOCKED,32725,3,3,0.4,23,1,0,0.04343012108222085
UPI,ACCOUNT_BLOCKED,16021,3,1,0.05,18,1,0,0.05710925559662019
NETBANKING,INVALID_ACCOUNT,23266,4,4,0.23,5,0,1,0.01
NETBANKING,INVALID_ACCOUNT,15976,4,4,0.11,21,0,1,0.04136231702667908
NETBANKING,ACCOUNT_BLOCKED,44691,3,3,0.38,20,0,1,0.035368476131806416
CARD,INVALID_CARD,10413,3,5,0.38,20,1,0,0.049595798558889966
UPI,EXPIRED_CARD,6614,4,2,0.26,10,0,0,0.02645309711408434
UPI,EXPIRED_CARD,22474,2,0,0.13,18,0,1,0.10508722681368111
UPI,ACCOUNT_BLOCKED,1467,4,2,0.46,8,1,1,0.01
UPI,BANK_TIMEOUT,9867,3,5,0.4,8,0,1,0.5335527028407536
UPI,ACCOUNT_BLOCKED,31805,1,4,0.33,23,0,0,0.01
UPI,INSUFFICIENT_FUNDS,49731,4,3,0.46,19,0,1,0.04583850154688017
NETBANKING,CARD_DECLINED,8313,4,0,0.49,12,1,1,0.09845867482082242
UPI,BANK_TIMEOUT,32128,2,2,0.1,10,1,1,0.6335178118859586
NETBANKING,BANK_TIMEOUT,35732,2,0,0.48,6,0,0,0.6295235297802914
CARD,NETWORK_ERROR,41750,2,1,0.05,5,0,0,0.7189122302493116
CARD,CARD_DECLINED,4652,4,3,0.36,8,0,0,0.02898398868574846
UPI,CARD_DECLINED,9823,2,0,0.2,4,0,0,0.2651302742892964
CARD,INVALID_CARD,48562,3,2,0.24,1,1,0,0.03907277971018496
UPI,INVALID_CARD,29867,2,3,0.45,16,0,0,0.01
NETBANKING,NETWORK_ERROR,2679,1,3,0.09,19,0,1,0.7480923927580218
NETBANKING,BANK_TIMEOUT,47706,1,5,0.06,1,1,1,0.6111423782892157
NETBANKING,INVALID_CARD,48609,3,4,0.32,14,1,1,0.019256608055001692
UPI,INSUFFICIENT_FUNDS,26213,4,5,0.17,18,1,1,0.05316660434246328
UPI,BANK_TIMEOUT,38314,2,5,0.41,15,1,1,0.5304488434510193
UPI,BANK_TIMEOUT,35361,1,2,0.16,6,0,1,0.7816977020591747
UPI,CARD_DECLINED,40199,2,0,0.4,1,0,0,0.1453914782350133
CARD,FRAUD_SUSPECTED,22221,3,3,0.18,22,1,1,0.038990217083261135
UPI,INVALID_CARD,13916,2,2,0.05,15,0,0,0.01
CARD,INVALID_ACCOUNT,10838,1,3,0.4,5,1,0,0.028515712952760182
UPI,INVALID_ACCOUNT,3568,3,4,0.47,20,0,1,0.04805428199070692
UPI,NETWORK_ERROR,10996,3,4,0.02,9,0,0,0.5677807761889494
CARD,EXPIRED_CARD,31800,2,0,0.06,14,0,1,0.06565323399432224
UPI,ACCOUNT_BLOCKED,34886,1,5,0.44,13,1,0,0.051285929357597494
UPI,NETWORK_ERROR,21977,2,3,0.25,20,1,0,0.5322691515181176
CARD,BANK_TIMEOUT,25982,4,4,0.33,8,1,1,0.4470849861583298
CARD,INSUFFICIENT_FUNDS,23032,3,3,0.28,10,0,1,0.08118201757744353
UPI,FRAUD_SUSPECTED,11398,3,3,0.23,12,1,1,0.0411241885672474
UPI,ACCOUNT_BLOCKED,24605,1,3,0.32,12,0,0,0.03251440149626563
NETBANKING,INSUFFICIENT_FUNDS,43130,4,5,0.42,3,1,0,0.04818451659011445
CARD,BANK_TIMEOUT,44591,4,5,0.41,11,0,1,0.5018395049776353
NETBANKING,INSUFFICIENT_FUNDS,9329,2,0,0.33,15,1,0,0.17067888831923314
NETBANKING,INVALID_CARD,5034,1,2,0.32,20,1,0,0.01
NETBANKING,CARD_DECLINED,6104,4,1,0.46,21,0,1,0.09251840805079166
NETBANKING,INVALID_ACCOUNT,5807,3,5,0.35,13,1,0,0.02616394283498779
UPI,BANK_TIMEOUT,37828,1,2,0.47,20,0,1,0.7561057618558666
CARD,ACCOUNT_BLOCKED,13523,4,1,0.17,16,0,1,0.01
NETBANKING,INSUFFICIENT_FUNDS,18736,4,1,0.15,22,1,0,0.09538319962054816
CARD,INVALID_CARD,9553,1,4,0.25,9,0,0,0.021723415856865082
CARD,EXPIRED_CARD,19853,2,4,0.32,4,1,0,0.03293678470092643
