payment_method,failure_code,amount,attempt_number,customer_failure_count,merchant_failure_rate,transaction_hour,is_international,previous_success,failure_class
NETBANKING,BANK_TIMEOUT,18124,2,1,0.08,3,0,1,TRANSIENT
UPI,BANK_TIMEOUT,14428,2,4,0.3,17,0,1,TRANSIENT
NETBANKING,CARD_DECLINED,18331,1,1,0.35,10,1,0,CUSTOMER_ACTION
UPI,CARD_DECLINED,6178,4,0,0.19,11,1,0,CUSTOMER_ACTION
CARD,INVALID_CARD,5264,3,5,0.31,11,0,0,PERMANENT
UPI,GATEWAY_TIMEOUT,19065,1,1,0.43,12,1,1,TRANSIENT
CARD,FRAUD_SUSPECTED,23383,2,5,0.14,21,0,0,RISK
CARD,INSUFFICIENT_FUNDS,24967,3,5,0.35,7,1,0,CUSTOMER_ACTION
CARD,INSUFFICIENT_FUNDS,26390,3,0,0.11,18,1,0,CUSTOMER_ACTION
NETBANKING,ACCOUNT_BLOCKED,30171,2,2,0.08,23,1,1,PERMANENT
UPI,INVALID_ACCOUNT,9165,4,0,0.38,3,0,0,PERMANENT
CARD,INVALID_CARD,25109,4,4,0.13,17,0,0,PERMANENT
UPI,FRAUD_SUSPECTED,19334,4,1,0.23,23,1,0,RISK
CARD,GATEWAY_TIMEOUT,41974,2,1,0.19,5,0,1,TRANSIENT
UPI,INVALID_CARD,23888,3,1,0.04,18,0,0,PERMANENT
NETBANKING,INVALID_CARD,8341,2,5,0.24,17,0,1,PERMANENT
NETBANKING,EXPIRED_CARD,49597,2,5,0.16,21,1,1,PERMANENT
UPI,INVALID_CARD,14825,1,2,0.02,17,0,0,PERMANENT
NETBANKING,BANK_TIMEOUT,41459,1,1,0.04,1,1,0,TRANSIENT
NETBANKING,CARD_DECLINED,31912,2,4,0.07,18,1,0,CUSTOMER_ACTION
UPI,ACCOUNT_BLOCKED,6281,1,5,0.22,13,1,1,PERMANENT
NETBANKING,GATEWAY_TIMEOUT,42448,1,0,0.21,10,0,0,TRANSIENT
NETBANKING,INSUFFICIENT_FUNDS,29500,2,3,0.1,14,0,0,CUSTOMER_ACTION
UPI,INVALID_CARD,42838,1,0,0.46,7,0,1,PERMANENT
UPI,ACCOUNT_BLOCKED,26382,1,1,0.2,12,1,1,PERMANENT
NETBANKING,FRAUD_SUSPECTED,47974,4,1,0.1,6,0,0,RISK
UPI,FRAUD_SUSPECTED,38384,4,4,0.46,16,0,0,RISK
UPI,BANK_TIMEOUT,39096,1,5,0.43,12,0,0,TRANSIENT
UPI,GATEWAY_TIMEOUT,27574,3,2,0.11,22,1,0,TRANSIENT
UPI,FRAUD_SUSPECTED,44119,3,3,0.16,2,0,1,RISK
NETBANKING,BANK_TIMEOUT,14069,3,1,0.47,2,0,1,TRANSIENT
CARD,FRAUD_SUSPECTED,35700,3,4,0.49,20,0,1,RISK
CARD,BANK_TIMEOUT,7664,1,5,0.28,8,1,0,TRANSIENT
NETBANKING,FRAUD_SUSPECTED,41665,3,4,0.25,1,0,1,RISK
UPI,FRAUD_SUSPECTED,21959,2,5,0.49,5,1,1,RISK
UPI,BANK_TIMEOUT,45386,2,4,0.03,11,0,1,TRANSIENT
CARD,INSUFFICIENT_FUNDS,23997,1,2,0.11,7,0,1,CUSTOMER_ACTION
UPI,EXPIRED_CARD,10749,2,3,0.02,23,1,1,PERMANENT
UPI,CARD_DECLINED,46058,1,3,0.44,15,0,0,CUSTOMER_ACTION
CARD,INVALID_ACCOUNT,15015,2,0,0.33,12,1,1,PERMANENT
CARD,NETWORK_ERROR,42140,4,5,0.49,17,1,0,TRANSIENT
UPI,NETWORK_ERROR,38149,3,0,0.06,13,1,1,TRANSIENT
CARD,INVALID_CARD,37887,2,2,0.03,13,0,0,PERMANENT
UPI,FRAUD_SUSPECTED,43631,3,4,0.16,3,1,1,RISK
CARD,INVALID_ACCOUNT,45792,3,4,0.07,13,1,0,PERMANENT
NETBANKING,FRAUD_SUSPECTED,126,3,2,0.11,18,1,1,RISK
NETBANKING,ACCOUNT_BLOCKED,14105,4,5,0.09,2,1,1,PERMANENT
NETBANKING,BANK_TIMEOUT,20443,2,1,0.08,1,0,1,TRANSIENT
CARD,NETWORK_ERROR,41372,2,5,0.35,15,1,0,TRANSIENT
UPI,INSUFFICIENT_FUNDS,27962,2,1,0.4,22,1,0,CUSTOMER_ACTION
CARD,INSUFFICIENT_FUNDS,8838,4,5,0.27,17,1,1,CUSTOMER_ACTION
UPI,ACCOUNT_BLOCKED,48836,4,3,0.14,7,1,1,PERMANENT
CARD,CARD_DECLINED,5177,3,1,0.14,10,0,0,CUSTOMER_ACTION
CARD,INSUFFICIENT_FUNDS,45578,2,5,0.11,13,1,1,CUSTOMER_ACTION
UPI,ACCOUNT_BLOCKED,13655,4,3,0.45,18,0,1,PERMANENT
CARD,INVALID_CARD,19669,4,3,0.27,23,0,1,PERMANENT
CARD,CARD_DECLINED,31927,1,3,0.17,21,1,0,CUSTOMER_ACTION
NETBANKING,EXPIRED_CARD,35104,1,3,0.3,21,0,0,PERMANENT
CARD,EXPIRED_CARD,12009,1,2,0.2,6,1,1,PERMANENT
CARD,FRAUD_SUSPECTED,49383,4,2,0.42,15,0,0,RISK
NETBANKING,FRAUD_SUSPECTED,4596,1,0,0.48,6,0,0,RISK
CARD,INSUFFICIENT_FUNDS,43973,1,4,0.47,14,1,1,CUSTOMER_ACTION
UPI,INSUFFICIENT_FUNDS,20484,1,4,0.02,9,1,1,CUSTOMER_ACTION
NETBANKING,INSUFFICIENT_FUNDS,45360,2,0,0.35,9,0,0,CUSTOMER_ACTION
NETBANKING,FRAUD_SUSPECTED,24385,1,4,0.33,0,1,1,RISK
CARD,NETWORK_ERROR,41753,4,5,0.08,5,1,1,TRANSIENT
NETBANKING,ACCOUNT_BLOCKED,38928,3,2,0.43,2,1,1,PERMANENT
NETBANKING,CARD_DECLINED,40098,4,2,0.02,10,0,1,CUSTOMER_ACTION
CARD,CARD_DECLINED,22404,3,4,0.35,8,0,0,CUSTOMER_ACTION
NETBANKING,BANK_TIMEOUT,26735,4,4,0.38,22,1,1,TRANSIENT
UPI,INVALID_CARD,19383,2,3,0.35,9,1,1,PERMANENT
NETBANKING,FRAUD_SUSPECTED,36170,3,2,0.35,8,1,1,RISK
NETBANKING,INSUFFICIENT_FUNDS,12721,3,0,0.37,22,0,0,CUSTOMER_ACTION
CARD,CARD_DECLINED,47586,3,0,0.42,9,0,1,CUSTOMER_ACTION
UPI,CARD_DECLINED,46500,2,2,0.03,1,1,0,CUSTOMER_ACTION
UPI,INVALID_CARD,37721,3,3,0.24,10,0,0,PERMANENT
UPI,FRAUD_SUSPECTED,4382,4,3,0.05,20,0,0,RISK
UPI,CARD_DECLINED,16365,1,4,0.38,19,0,1,CUSTOMER_ACTION
CARD,ACCOUNT_BLOCKED,38669,4,2,0.29,1,0,0,PERMANENT
NETBANKING,CARD_DECLINED,5420,2,1,0.1,2,0,0,CUSTOMER_ACTION
NETBANKING,ACCOUNT_BLOCKED,39016,4,2,0.03,9,1,1,PERMANENT
UPI,GATEWAY_TIMEOUT,17437,2,3,0.07,7,0,1,TRANSIENT
UPI,INSUFFICIENT_FUNDS,10973,3,4,0.38,18,1,1,CUSTOMER_ACTION
NETBANKING,NETWORK_ERROR,20028,4,2,0.26,15,1,0,TRANSIENT
NETBANKING,NETWORK_ERROR,21223,3,0,0.05,21,0,1,TRANSIENT
CARD,BANK_TIMEOUT,34110,4,2,0.1,18,1,1,TRANSIENT
CARD,NETWORK_ERROR,26861,3,2,0.34,5,1,1,TRANSIENT
NETBANKING,INVALID_ACCOUNT,26344,1,3,0.05,8,1,0,PERMANENT
NETBANKING,INVALID_CARD,35659,4,3,0.04,16,1,1,PERMANENT
UPI,INVALID_CARD,17601,2,2,0.22,22,1,0,PERMANENT
NETBANKING,GATEWAY_TIMEOUT,15782,2,2,0.28,17,1,0,TRANSIENT
CARD,INSUFFICIENT_FUNDS,7798,2,3,0.47,9,1,1,CUSTOMER_ACTION
UPI,ACCOUNT_BLOCKED,30035,2,3,0.1,19,0,0,PERMANENT
CARD,FRAUD_SUSPECTED,33375,3,0,0.15,9,1,0,RISK
CARD,ACCOUNT_BLOCKED,21886,4,3,0.47,6,0,1,PERMANENT
UPI,CARD_DECLINED,20952,4,5,0.46,12,1,0,CUSTOMER_ACTION
UPI,INVALID_CARD,33018,3,0,0.44,14,0,1,PERMANENT
UPI,GATEWAY_TIMEOUT,26968,2,0,0.24,8,1,1,TRANSIENT
NETBANKING,NETWORK_ERROR,35071,4,2,0.32,15,0,0,TRANSIENT
UPI,CARD_DECLINED,49040,1,3,0.49,20,0,1,CUSTOMER_ACTION
UPI,CARD_DECLINED,3114,3,0,0.15,11,1,0,CUSTOMER_ACTION
NETBANKING,CARD_DECLINED,44782,2,1,0.1,19,1,0,CUSTOMER_ACTION
UPI,EXPIRED_CARD,30321,3,3,0.14,0,1,1,PERMANENT
CARD,INSUFFICIENT_FUNDS,22746,3,5,0.48,22,1,1,CUSTOMER_ACTION
CARD,FRAUD_SUSPECTED,31767,1,1,0.2,11,1,1,RISK
CARD,GATEWAY_TIMEOUT,18088,1,4,0.43,23,0,1,TRANSIENT
NETBANKING,FRAUD_SUSPECTED,23189,2,5,0.1,8,0,0,RISK
CARD,NETWORK_ERROR,2286,3,5,0.07,9,1,1,TRANSIENT
UPI,INSUFFICIENT_FUNDS,35450,3,4,0.26,8,0,1,CUSTOMER_ACTION
NETBANKING,INVALID_ACCOUNT,22298,1,3,0.48,4,0,1,PERMANENT
CARD,FRAUD_SUSPECTED,1012,3,4,0.07,11,1,1,RISK
NETBANKING,FRAUD_SUSPECTED,15423,4,0,0.31,17,1,0,RISK
CARD,GATEWAY_TIMEOUT,46045,3,5,0.21,4,0,0,TRANSIENT
UPI,FRAUD_SUSPECTED,6469,2,4,0.08,14,1,1,RISK
NETBANKING,CARD_DECLINED,6589,4,4,0.21,8,0,1,CUSTOMER_ACTION
CARD,CARD_DECLINED,15573,3,0,0.49,11,1,0,CUSTOMER_ACTION
UPI,INVALID_ACCOUNT,8105,4,0,0.33,20,0,0,PERMANENT
UPI,FRAUD_SUSPECTED,37100,2,0,0.42,17,0,0,RISK
UPI,CARD_DECLINED,39158,1,2,0.43,4,0,1,CUSTOMER_ACTION
NETBANKING,INSUFFICIENT_FUNDS,1789,2,0,0.19,7,1,0,CUSTOMER_ACTION
UPI,CARD_DECLINED,8407,4,4,0.07,2,1,1,CUSTOMER_ACTION
CARD,FRAUD_SUSPECTED,33119,2,4,0.03,21,1,1,RISK
CARD,BANK_TIMEOUT,26420,4,5,0.06,22,1,0,TRANSIENT
NETBANKING,NETWORK_ERROR,9821,1,1,0.14,20,1,1,TRANSIENT
NETBANKING,FRAUD_SUSPECTED,39777,4,0,0.4,3,0,1,RISK
CARD,EXPIRED_CARD,22312,4,3,0.21,3,1,1,PERMANENT
CARD,FRAUD_SUSPECTED,10103,4,0,0.05,2,0,1,RISK
NETBANKING,GATEWAY_TIMEOUT,24521,2,4,0.04,17,1,0,TRANSIENT
NETBANKING,INVALID_ACCOUNT,49270,4,5,0.04,9,1,1,PERMANENT
NETBANKING,GATEWAY_TIMEOUT,14042,2,5,0.25,3,1,1,TRANSIENT
NETBANKING,NETWORK_ERROR,14921,4,4,0.49,19,0,1,TRANSIENT
CARD,BANK_TIMEOUT,46152,3,2,0.18,5,0,1,TRANSIENT
NETBANKING,BANK_TIMEOUT,41595,1,0,0.38,6,1,1,TRANSIENT
UPI,INVALID_ACCOUNT,24351,3,5,0.17,18,0,0,PERMANENT
NETBANKING,INSUFFICIENT_FUNDS,3361,1,2,0.23,13,1,1,CUSTOMER_ACTION
UPI,INVALID_ACCOUNT,49575,1,2,0.22,9,1,1,PERMANENT
CARD,BANK_TIMEOUT,39377,1,0,0.11,6,0,1,TRANSIENT
UPI,FRAUD_SUSPECTED,606,4,5,0.22,4,1,0,RISK
CARD,FRAUD_SUSPECTED,48730,1,3,0.02,2,1,1,RISK
CARD,ACCOUNT_BLOCKED,7648,4,0,0.48,5,1,1,PERMANENT
UPI,NETWORK_ERROR,16045,4,4,0.21,2,1,1,TRANSIENT
CARD,FRAUD_SUSPECTED,11118,1,4,0.32,16,0,1,RISK
UPI,FRAUD_SUSPECTED,6837,2,2,0.11,19,0,0,RISK
CARD,CARD_DECLINED,49543,4,5,0.46,18,1,1,CUSTOMER_ACTION
UPI,CARD_DECLINED,30831,4,5,0.16,8,0,1,CUSTOMER_ACTION
CARD,NETWORK_ERROR,29716,1,0,0.19,9,0,0,TRANSIENT
NETBANKING,ACCOUNT_BLOCKED,36427,1,3,0.46,18,0,1,PERMANENT
UPI,EXPIRED_CARD,29625,1,2,0.49,2,0,0,PERMANENT
CARD,CARD_DECLINED,34445,2,2,0.19,9,1,1,CUSTOMER_ACTION
NETBANKING,FRAUD_SUSPECTED,42521,3,0,0.17,17,1,1,RISK
CARD,FRAUD_SUSPECTED,5441,2,2,0.16,20,1,0,RISK
NETBANKING,NETWORK_ERROR,24786,3,1,0.34,23,0,1,TRANSIENT
CARD,FRAUD_SUSPECTED,20341,2,1,0.18,15,0,0,RISK
UPI,INSUFFICIENT_FUNDS,19485,1,4,0.39,23,0,1,CUSTOMER_ACTION
UPI,CARD_DECLINED,10733,2,5,0.39,5,1,0,CUSTOMER_ACTION
NETBANKING,INVALID_ACCOUNT,47258,2,3,0.31,23,1,0,PERMANENT
CARD,CARD_DECLINED,12815,3,5,0.47,14,1,1,CUSTOMER_ACTION
UPI,ACCOUNT_BLOCKED,13187,2,2,0.04,15,1,0,PERMANENT
UPI,NETWORK_ERROR,10606,3,3,0.45,4,1,0,TRANSIENT
CARD,CARD_DECLINED,1847,4,0,0.2,11,0,1,CUSTOMER_ACTION
UPI,NETWORK_ERROR,1947,3,0,0.42,20,1,0,TRANSIENT
CARD,INSUFFICIENT_FUNDS,31062,2,5,0.24,19,0,0,CUSTOMER_ACTION
UPI,NETWORK_ERROR,9898,4,0,0.39,7,1,0,TRANSIENT
CARD,BANK_TIMEOUT,41974,4,0,0.06,15,0,0,TRANSIENT
CARD,CARD_DECLINED,202,3,1,0.29,5,0,1,CUSTOMER_ACTION
NETBANKING,GATEWAY_TIMEOUT,33348,1,3,0.44,1,1,1,TRANSIENT
CARD,FRAUD_SUSPECTED,4527,3,1,0.37,20,0,1,RISK
CARD,INSUFFICIENT_FUNDS,35883,3,5,0.1,21,1,1,CUSTOMER_ACTION
UPI,INSUFFICIENT_FUNDS,47026,4,0,0.15,1,0,0,CUSTOMER_ACTION
NETBANKING,FRAUD_SUSPECTED,26198,4,2,0.03,20,0,1,RISK
NETBANKING,FRAUD_SUSPECTED,21853,3,0,0.4,13,1,1,RISK
UPI,INVALID_ACCOUNT,32619,4,2,0.46,16,1,0,PERMANENT
CARD,INVALID_CARD,39582,2,4,0.15,3,0,1,PERMANENT
CARD,FRAUD_SUSPECTED,39593,4,1,0.35,11,1,0,RISK
CARD,FRAUD_SUSPECTED,42008,1,0,0.34,12,1,0,RISK
NETBANKING,BANK_TIMEOUT,44539,4,0,0.07,7,1,1,TRANSIENT
NETBANKING,INVALID_CARD,10155,4,2,0.19,2,0,1,PERMANENT
NETBANKING,INVALID_ACCOUNT,18364,2,0,0.02,5,1,1,PERMANENT
CARD,NETWORK_ERROR,46239,4,1,0.5,9,1,0,TRANSIENT
UPI,BANK_TIMEOUT,29725,2,5,0.23,2,1,1,TRANSIENT
NETBANKING,GATEWAY_TIMEOUT,19129,3,1,0.36,22,0,1,TRANSIENT
UPI,INSUFFICIENT_FUNDS,9201,2,3,0.02,17,1,1,CUSTOMER_ACTION
UPI,INSUFFICIENT_FUNDS,20369,4,5,0.36,16,1,1,CUSTOMER_ACTION
CARD,BANK_TIMEOUT,42196,1,3,0.24,16,1,0,TRANSIENT
CARD,INSUFFICIENT_FUNDS,33055,1,0,0.26,9,0,0,CUSTOMER_ACTION
CARD,FRAUD_SUSPECTED,34106,3,0,0.13,20,1,0,RISK
NETBANKING,FRAUD_SUSPECTED,42107,2,4,0.47,4,0,1,RISK
UPI,BANK_TIMEOUT,3079,3,5,0.11,18,1,0,TRANSIENT
NETBANKING,INVALID_ACCOUNT,19898,4,1,0.4,21,1,1,PERMANENT
NETBANKING,INVALID_CARD,4026,2,3,0.21,14,0,1,PERMANENT
NETBANKING,CARD_DECLINED,21026,3,3,0.07,11,0,1,CUSTOMER_ACTION
UPI,CARD_DECLINED,17629,4,1,0.08,1,1,1,CUSTOMER_ACTION
UPI,EXPIRED_CARD,21558,3,1,0.38,15,1,1,PERMANENT
UPI,FRAUD_SUSPECTED,6001,4,4,0.23,7,0,1,RISK
CARD,BANK_TIMEOUT,32533,4,2,0.27,3,1,0,TRANSIENT
CARD,FRAUD_SUSPECTED,24082,1,3,0.04,17,0,1,RISK
CARD,FRAUD_SUSPECTED,33146,4,4,0.15,19,0,0,RISK
CARD,NETWORK_ERROR,22322,3,1,0.11,16,1,0,TRANSIENT
UPI,BANK_TIMEOUT,46865,3,3,0.26,4,0,1,TRANSIENT
CARD,FRAUD_SUSPECTED,40502,3,4,0.17,16,1,1,RISK
CARD,INVALID_CARD,21808,1,3,0.3,23,0,1,PERMANENT
NETBANKING,FRAUD_SUSPECTED,3465,4,1,0.27,23,1,0,RISK
NETBANKING,INSUFFICIENT_FUNDS,46009,1,1,0.02,10,1,0,CUSTOMER_ACTION
CARD,EXPIRED_CARD,32987,4,5,0.37,22,0,0,PERMANENT
NETBANKING,FRAUD_SUSPECTED,24795,3,1,0.24,17,1,1,RISK
UPI,FRAUD_SUSPECTED,16255,3,4,0.16,9,1,0,RISK
CARD,INVALID_ACCOUNT,22959,3,2,0.07,21,1,1,PERMANENT
CARD,FRAUD_SUSPECTED,2856,3,5,0.05,14,1,1,RISK
NETBANKING,INSUFFICIENT_FUNDS,17868,3,1,0.06,23,0,0,CUSTOMER_ACTION
NETBANKING,GATEWAY_TIMEOUT,14889,2,0,0.06,10,1,0,TRANSIENT
NETBANKING,INSUFFICIENT_FUNDS,10450,4,5,0.47,15,1,0,CUSTOMER_ACTION
CARD,FRAUD_SUSPECTED,42429,1,0,0.33,7,0,0,RISK
UPI,EXPIRED_CARD,26117,4,1,0.47,9,0,0,PERMANENT
CARD,FRAUD_SUSPECTED,18749,4,5,0.28,15,0,1,RISK
UPI,FRAUD_SUSPECTED,21771,2,5,0.23,8,0,0,RISK
NETBANKING,FRAUD_SUSPECTED,44297,2,1,0.31,20,1,1,RISK
CARD,FRAUD_SUSPECTED,43960,1,1,0.49,15,1,0,RISK
CARD,NETWORK_ERROR,15535,4,2,0.48,9,0,1,TRANSIENT
UPI,FRAUD_SUSPECTED,43864,1,3,0.16,12,1,0,RISK
NETBANKING,FRAUD_SUSPECTED,14573,2,1,0.24,14,1,1,RISK
UPI,EXPIRED_CARD,44686,1,4,0.23,22,1,0,PERMANENT
NETBANKING,BANK_TIMEOUT,33227,2,4,0.27,5,1,1,TRANSIENT
UPI,GATEWAY_TIMEOUT,47083,4,0,0.45,14,0,1,TRANSIENT
CARD,CARD_DECLINED,37056,1,4,0.24,9,0,1,CUSTOMER_ACTION
NETBANKING,FRAUD_SUSPECTED,14380,1,0,0.22,22,0,0,RISK
UPI,NETWORK_ERROR,18914,4,1,0.39,20,1,1,TRANSIENT
CARD,ACCOUNT_BLOCKED,24718,1,5,0.48,17,0,1,PERMANENT
NETBANKING,BANK_TIMEOUT,25859,2,5,0.49,0,0,1,TRANSIENT
NETBANKING,ACCOUNT_BLOCKED,24956,2,1,0.24,4,1,0,PERMANENT
NETBANKING,BANK_TIMEOUT,27575,1,1,0.11,3,0,1,TRANSIENT
NETBANKING,BANK_TIMEOUT,2999,4,3,0.12,6,0,0,TRANSIENT
NETBANKING,FRAUD_SUSPECTED,37855,3,4,0.3,21,1,0,RISK
NETBANKING,FRAUD_SUSPECTED,34260,2,3,0.16,1,0,1,RISK
CARD,INVALID_CARD,42260,4,4,0.17,13,1,0,PERMANENT
UPI,FRAUD_SUSPECTED,49541,4,1,0.43,9,0,1,RISK
CARD,GATEWAY_TIMEOUT,27396,2,3,0.13,6,1,0,TRANSIENT
UPI,INVALID_ACCOUNT,35203,2,0,0.14,21,0,0,PERMANENT
CARD,INSUFFICIENT_FUNDS,13789,3,2,0.48,0,0,0,CUSTOMER_ACTION
CARD,GATEWAY_TIMEOUT,15998,2,3,0.46,17,1,1,TRANSIENT
NETBANKING,ACCOUNT_BLOCKED,42614,3,2,0.14,16,1,1,PERMANENT
CARD,GATEWAY_TIMEOUT,21086,2,2,0.16,1,0,0,TRANSIENT
NETBANKING,NETWORK_ERROR,38375,4,2,0.08,10,0,1,TRANSIENT
NETBANKING,CARD_DECLINED,43000,3,2,0.38,15,1,1,CUSTOMER_ACTION
UPI,CARD_DECLINED,9272,4,1,0.46,17,0,0,CUSTOMER_ACTION
UPI,GATEWAY_TIMEOUT,518,4,1,0.42,7,0,0,TRANSIENT
NETBANKING,BANK_TIMEOUT,29985,3,0,0.31,21,1,1,TRANSIENT
NETBANKING,BANK_TIMEOUT,36252,4,0,0.02,23,1,1,TRANSIENT
NETBANKING,GATEWAY_TIMEOUT,44273,4,1,0.06,3,0,0,TRANSIENT
CARD,CARD_DECLINED,17619,4,0,0.19,12,1,0,CUSTOMER_ACTION
NETBANKING,CARD_DECLINED,5383,1,0,0.21,12,1,0,CUSTOMER_ACTION
UPI,GATEWAY_TIMEOUT,5518,4,3,0.33,10,0,0,TRANSIENT
NETBANKING,INSUFFICIENT_FUNDS,37244,4,2,0.03,2,1,0,CUSTOMER_ACTION
UPI,CARD_DECLINED,13676,2,5,0.41,2,1,0,CUSTOMER_ACTION
NETBANKING,CARD_DECLINED,35526,3,3,0.38,4,0,1,CUSTOMER_ACTION
CARD,BANK_TIMEOUT,15313,1,2,0.31,19,1,1,TRANSIENT
CARD,GATEWAY_TIMEOUT,29627,4,1,0.18,12,1,0,TRANSIENT
NETBANKING,INVALID_CARD,19457,2,5,0.05,8,0,1,PERMANENT
CARD,CARD_DECLINED,23738,1,0,0.01,9,1,1,CUSTOMER_ACTION
UPI,FRAUD_SUSPECTED,5821,2,3,0.23,17,1,0,RISK
CARD,BANK_TIMEOUT,36421,1,4,0.3,10,1,0,TRANSIENT
CARD,FRAUD_SUSPECTED,5650,2,4,0.27,21,1,0,RISK
CARD,CARD_DECLINED,17690,4,1,0.04,13,1,1,CUSTOMER_ACTION
UPI,FRAUD_SUSPECTED,23766,3,1,0.36,15,0,1,RISK
CARD,BANK_TIMEOUT,543,4,2,0.42,12,1,1,TRANSIENT
NETBANKING,FRAUD_SUSPECTED,39054,2,2,0.17,22,0,1,RISK
CARD,FRAUD_SUSPECTED,21015,3,5,0.35,15,0,1,RISK
CARD,INVALID_ACCOUNT,24021,1,4,0.11,17,0,0,PERMANENT
CARD,EXPIRED_CARD,19192,1,3,0.34,4,1,0,PERMANENT
NETBANKING,FRAUD_SUSPECTED,27830,4,0,0.23,19,1,1,RISK
CARD,INVALID_CARD,46082,1,0,0.39,21,1,0,PERMANENT
NETBANKING,GATEWAY_TIMEOUT,44498,4,2,0.48,13,0,0,TRANSIENT
UPI,NETWORK_ERROR,33567,2,3,0.19,14,0,1,TRANSIENT
UPI,NETWORK_ERROR,19461,4,0,0.07,23,0,1,TRANSIENT
CARD,FRAUD_SUSPECTED,13657,4,2,0.24,14,1,1,RISK
UPI,NETWORK_ERROR,46681,1,0,0.43,20,0,0,TRANSIENT
NETBANKING,INSUFFICIENT_FUNDS,10594,3,4,0.22,14,0,1,CUSTOMER_ACTION
NETBANKING,INSUFFICIENT_FUNDS,43177,4,3,0.02,19,0,1,CUSTOMER_ACTION
UPI,ACCOUNT_BLOCKED,46285,2,1,0.15,22,0,0,PERMANENT
CARD,CARD_DECLINED,13015,4,0,0.14,15,1,1,CUSTOMER_ACTION
CARD,INVALID_CARD,23167,4,4,0.09,21,1,0,PERMANENT
UPI,CARD_DECLINED,15735,3,0,0.1,22,0,1,CUSTOMER_ACTION
NETBANKING,EXPIRED_CARD,25246,4,1,0.25,17,0,0,PERMANENT
UPI,INVALID_ACCOUNT,12361,3,3,0.31,11,0,1,PERMANENT
CARD,INSUFFICIENT_FUNDS,36903,4,3,0.35,13,1,1,CUSTOMER_ACTION
NETBANKING,INSUFFICIENT_FUNDS,2122,2,2,0.03,7,1,0,CUSTOMER_ACTION
NETBANKING,ACCOUNT_BLOCKED,33576,1,4,0.07,17,1,0,PERMANENT
CARD,EXPIRED_CARD,6811,2,2,0.44,1,1,1,PERMANENT
CARD,FRAUD_SUSPECTED,7793,2,1,0.41,18,1,1,RISK
UPI,INSUFFICIENT_FUNDS,13662,1,4,0.18,8,0,1,CUSTOMER_ACTION
NETBANKING,FRAUD_SUSPECTED,17620,1,1,0.48,13,0,1,RISK
UPI,INSUFFICIENT_FUNDS,9684,3,1,0.38,21,1,1,CUSTOMER_ACTION
NETBANKING,CARD_DECLINED,27246,4,3,0.05,2,1,1,CUSTOMER_ACTION
CARD,FRAUD_SUSPECTED,21549,1,5,0.06,14,1,0,RISK
CARD,EXPIRED_CARD,13983,4,2,0.17,9,1,0,PERMANENT
NETBANKING,INVALID_ACCOUNT,3272,1,0,0.32,14,0,0,PERMANENT
CARD,CARD_DECLINED,144,4,1,0.5,4,1,0,CUSTOMER_ACTION
NETBANKING,FRAUD_SUSPECTED,23721,3,0,0.19,20,0,0,RISK
NETBANKING,INVALID_ACCOUNT,45938,2,3,0.33,22,0,0,PERMANENT
UPI,CARD_DECLINED,8796,2,4,0.34,0,0,1,CUSTOMER_ACTION
NETBANKING,NETWORK_ERROR,8762,4,0,0.12,2,0,0,TRANSIENT
CARD,FRAUD_SUSPECTED,9086,4,1,0.32,21,0,0,RISK
NETBANKING,GATEWAY_TIMEOUT,10855,4,2,0.36,20,0,1,TRANSIENT
UPI,EXPIRED_CARD,6684,2,0,0.3,12,1,1,PERMANENT
UPI,FRAUD_SUSPECTED,18251,1,1,0.28,19,1,0,RISK
NETBANKING,FRAUD_SUSPECTED,39875,2,5,0.2,20,0,0,RISK
UPI,ACCOUNT_BLOCKED,15899,4,5,0.3,16,0,1,PERMANENT
CARD,FRAUD_SUSPECTED,37349,4,2,0.28,5,1,0,RISK
UPI,GATEWAY_TIMEOUT,1003,3,1,0.03,1,1,1,TRANSIENT
NETBANKING,ACCOUNT_BLOCKED,26463,1,5,0.27,19,0,1,PERMANENT
UPI,NETWORK_ERROR,33608,2,1,0.27,12,0,1,TRANSIENT
UPI,EXPIRED_CARD,16122,1,3,0.07,19,0,1,PERMANENT
UPI,INSUFFICIENT_FUNDS,46492,2,5,0.02,15,1,1,CUSTOMER_ACTION
UPI,CARD_DECLINED,49237,3,5,0.44,0,1,1,CUSTOMER_ACTION
CARD,FRAUD_SUSPECTED,46782,1,3,0.23,11,0,1,RISK
UPI,CARD_DECLINED,16819,1,4,0.34,3,0,0,CUSTOMER_ACTION
UPI,BANK_TIMEOUT,3113,4,2,0.2,4,0,0,TRANSIENT
CARD,EXPIRED_CARD,16370,4,5,0.17,2,1,0,PERMANENT
UPI,BANK_TIMEOUT,33901,1,3,0.04,14,1,1,TRANSIENT
NETBANKING,FRAUD_SUSPECTED,30033,1,2,0.11,18,1,0,RISK
NETBANKING,INVALID_ACCOUNT,32432,2,5,0.45,7,0,0,PERMANENT
UPI,INVALID_CARD,35590,3,5,0.42,0,1,0,PERMANENT
UPI,INVALID_ACCOUNT,13547,2,3,0.25,1,0,1,PERMANENT
UPI,BANK_TIMEOUT,34162,4,5,0.45,14,0,0,TRANSIENT
UPI,CARD_DECLINED,38890,1,3,0.33,4,0,1,CUSTOMER_ACTION
CARD,FRAUD_SUSPECTED,46022,3,2,0.23,7,0,0,RISK
UPI,INSUFFICIENT_FUNDS,7024,2,3,0.24,13,0,1,CUSTOMER_ACTION
CARD,CARD_DECLINED,30465,3,0,0.05,21,1,0,CUSTOMER_ACTION
UPI,CARD_DECLINED,6077,2,2,0.2,1,1,1,CUSTOMER_ACTION
CARD,INSUFFICIENT_FUNDS,29735,2,0,0.24,4,0,0,CUSTOMER_ACTION
UPI,BANK_TIMEOUT,13084,4,2,0.35,20,0,1,TRANSIENT
UPI,BANK_TIMEOUT,13059,4,1,0.06,10,0,0,TRANSIENT
UPI,INVALID_CARD,37710,4,5,0.2,0,1,1,PERMANENT
UPI,CARD_DECLINED,12365,3,2,0.23,4,0,0,CUSTOMER_ACTION
CARD,FRAUD_SUSPECTED,36189,4,0,0.05,12,0,1,RISK
NETBANKING,INSUFFICIENT_FUNDS,35729,1,3,0.39,11,1,1,CUSTOMER_ACTION
CARD,FRAUD_SUSPECTED,17823,2,0,0.17,7,0,1,RISK
NETBANKING,NETWORK_ERROR,23524,2,1,0.06,21,0,1,TRANSIENT
NETBANKING,BANK_TIMEOUT,25555,3,1,0.1,18,1,1,TRANSIENT
NETBANKING,GATEWAY_TIMEOUT,23147,2,4,0.47,15,1,0,TRANSIENT
UPI,INVALID_CARD,3781,2,4,0.12,16,1,0,PERMANENT
UPI,FRAUD_SUSPECTED,22431,2,2,0.04,4,0,0,RISK
CARD,FRAUD_SUSPECTED,46272,4,4,0.06,9,1,0,RISK
NETBANKING,CARD_DECLINED,32029,3,1,0.36,17,1,0,CUSTOMER_ACTION
CARD,CARD_DECLINED,48203,3,1,0.1,0,1,0,CUSTOMER_ACTION
NETBANKING,CARD_DECLINED,14576,1,3,0.08,23,0,0,CUSTOMER_ACTION
UPI,FRAUD_SUSPECTED,41793,1,5,0.34,23,1,1,RISK
UPI,NETWORK_ERROR,16453,1,2,0.14,3,0,0,TRANSIENT
NETBANKING,ACCOUNT_BLOCKED,27602,2,3,0.25,12,1,1,PERMANENT
NETBANKING,NETWORK_ERROR,42761,2,1,0.23,1,1,0,TRANSIENT
UPI,FRAUD_SUSPECTED,4962,3,1,0.45,5,0,0,RISK
NETBANKING,FRAUD_SUSPECTED,2131,4,5,0.09,13,0,0,RISK
UPI,NETWORK_ERROR,12550,4,5,0.28,23,1,1,TRANSIENT
UPI,FRAUD_SUSPECTED,3352,4,4,0.28,15,0,0,RISK
CARD,FRAUD_SUSPECTED,5842,3,5,0.32,15,0,0,RISK
UPI,BANK_TIMEOUT,41924,3,0,0.24,3,1,1,TRANSIENT
NETBANKING,ACCOUNT_BLOCKED,17467,1,5,0.28,5,1,1,PERMANENT
CARD,FRAUD_SUSPECTED,3024,3,3,0.24,7,1,0,RISK
UPI,INSUFFICIENT_FUNDS,43887,3,4,0.21,18,0,0,CUSTOMER_ACTION
NETBANKING,ACCOUNT_BLOCKED,45127,4,4,0.44,15,1,0,PERMANENT
NETBANKING,INVALID_CARD,37535,2,0,0.48,14,0,0,PERMANENT
UPI,INSUFFICIENT_FUNDS,2896,4,0,0.49,13,0,0,CUSTOMER_ACTION
NETBANKING,FRAUD_SUSPECTED,4491,1,3,0.28,17,1,1,RISK
NETBANKING,INVALID_CARD,40932,4,0,0.21,4,0,0,PERMANENT
NETBANKING,NETWORK_ERROR,22635,4,2,0.2,15,1,0,TRANSIENT
CARD,CARD_DECLINED,9527,4,0,0.2,10,0,0,CUSTOMER_ACTION
CARD,INVALID_ACCOUNT,1425,3,2,0.16,15,0,0,PERMANENT
NETBANKING,CARD_DECLINED,29139,3,2,0.37,19,0,0,CUSTOMER_ACTION
CARD,EXPIRED_CARD,48658,4,4,0.43,1,0,0,PERMANENT
UPI,FRAUD_SUSPECTED,34459,1,1,0.1,6,0,0,RISK
UPI,NETWORK_ERROR,23717,2,2,0.19,14,1,0,TRANSIENT
CARD,BANK_TIMEOUT,32133,4,1,0.48,15,1,1,TRANSIENT
NETBANKING,CARD_DECLINED,45244,1,2,0.02,1,0,0,CUSTOMER_ACTION
NETBANKING,INSUFFICIENT_FUNDS,13648,3,5,0.21,0,0,1,CUSTOMER_ACTION
NETBANKING,INSUFFICIENT_FUNDS,654,2,2,0.31,9,1,1,CUSTOMER_ACTION
CARD,INVALID_ACCOUNT,16614,2,3,0.16,16,1,0,PERMANENT
NETBANKING,GATEWAY_TIMEOUT,24625,3,2,0.35,15,0,1,TRANSIENT
CARD,FRAUD_SUSPECTED,17214,3,1,0.08,7,0,1,RISK
NETBANKING,FRAUD_SUSPECTED,1768,4,2,0.14,13,1,1,RISK
NETBANKING,GATEWAY_TIMEOUT,37589,2,2,0.37,7,1,1,TRANSIENT
NETBANKING,FRAUD_SUSPECTED,36685,2,2,0.06,4,1,0,RISK
UPI,FRAUD_SUSPECTED,23383,2,5,0.44,13,1,1,RISK
CARD,FRAUD_SUSPECTED,7818,4,0,0.43,18,0,1,RISK
NETBANKING,INSUFFICIENT_FUNDS,25113,3,3,0.04,4,0,0,CUSTOMER_ACTION
NETBANKING,FRAUD_SUSPECTED,30087,2,2,0.43,5,0,1,RISK
CARD,FRAUD_SUSPECTED,41682,1,0,0.23,6,0,0,RISK
UPI,INVALID_CARD,40370,4,5,0.22,13,1,1,PERMANENT
NETBANKING,BANK_TIMEOUT,13168,3,0,0.45,16,0,0,TRANSIENT
NETBANKING,GATEWAY_TIMEOUT,16406,2,5,0.44,9,0,0,TRANSIENT
UPI,INVALID_ACCOUNT,4378,1,2,0.47,14,1,1,PERMANENT
CARD,CARD_DECLINED,23643,2,1,0.47,12,0,0,CUSTOMER_ACTION
UPI,INSUFFICIENT_FUNDS,48208,1,4,0.26,3,1,0,CUSTOMER_ACTION
NETBANKING,INVALID_ACCOUNT,40937,1,4,0.5,21,0,0,PERMANENT
UPI,GATEWAY_TIMEOUT,27413,4,3,0.07,8,1,0,TRANSIENT
CARD,INSUFFICIENT_FUNDS,27682,1,5,0.26,19,0,1,CUSTOMER_ACTION
NETBANKING,GATEWAY_TIMEOUT,40581,1,2,0.07,3,1,0,TRANSIENT
NETBANKING,CARD_DECLINED,13316,3,5,0.21,5,0,1,CUSTOMER_ACTION
CARD,CARD_DECLINED,15468,1,0,0.34,3,1,0,CUSTOMER_ACTION
UPI,GATEWAY_TIMEOUT,47519,1,2,0.33,14,1,1,TRANSIENT
UPI,INVALID_CARD,11549,1,2,0.19,21,1,1,PERMANENT
UPI,BANK_TIMEOUT,733,2,5,0.33,10,1,1,TRANSIENT
CARD,FRAUD_SUSPECTED,22560,2,0,0.21,14,1,1,RISK
NETBANKING,ACCOUNT_BLOCKED,11030,1,1,0.35,1,0,0,PERMANENT
NETBANKING,ACCOUNT_BLOCKED,44559,4,1,0.31,11,0,0,PERMANENT
UPI,ACCOUNT_BLOCKED,27053,4,0,0.04,20,1,0,PERMANENT
NETBANKING,CARD_DECLINED,34382,1,3,0.33,7,1,1,CUSTOMER_ACTION
NETBANKING,EXPIRED_CARD,40267,1,0,0.33,5,1,1,PERMANENT
CARD,INSUFFICIENT_FUNDS,21113,2,2,0.49,1,0,1,CUSTOMER_ACTION
UPI,EXPIRED_CARD,30187,4,4,0.23,15,1,1,PERMANENT
NETBANKING,NETWORK_ERROR,42919,1,0,0.21,1,0,0,TRANSIENT
NETBANKING,FRAUD_SUSPECTED,44105,4,2,0.19,1,0,1,RISK
NETBANKING,FRAUD_SUSPECTED,43168,3,5,0.23,3,0,0,RISK
NETBANKING,FRAUD_SUSPECTED,19235,3,5,0.06,5,1,0,RISK
CARD,INVALID_CARD,40132,2,1,0.07,12,0,1,PERMANENT
UPI,CARD_DECLINED,49720,4,0,0.46,21,0,1,CUSTOMER_ACTION
CARD,EXPIRED_CARD,384,1,4,0.47,18,1,0,PERMANENT
UPI,INSUFFICIENT_FUNDS,25489,3,4,0.44,13,0,1,CUSTOMER_ACTION
CARD,INVALID_ACCOUNT,29777,2,1,0.21,22,1,1,PERMANENT
UPI,INSUFFICIENT_FUNDS,41005,3,5,0.18,21,0,0,CUSTOMER_ACTION
CARD,FRAUD_SUSPECTED,36949,4,4,0.29,21,1,1,RISK
NETBANKING,INVALID_CARD,7077,1,3,0.08,21,0,0,PERMANENT
CARD,FRAUD_SUSPECTED,44886,3,1,0.42,22,1,0,RISK
CARD,NETWORK_ERROR,6816,2,5,0.33,12,0,1,TRANSIENT
CARD,NETWORK_ERROR,27400,3,4,0.04,23,1,0,TRANSIENT
NETBANKING,EXPIRED_CARD,46278,3,4,0.28,19,0,0,PERMANENT
UPI,FRAUD_SUSPECTED,44838,1,1,0.48,23,0,1,RISK
CARD,NETWORK_ERROR,36577,3,1,0.09,8,0,1,TRANSIENT
UPI,EXPIRED_CARD,10173,3,4,0.03,20,1,1,PERMANENT
NETBANKING,FRAUD_SUSPECTED,20931,2,1,0.27,16,0,1,RISK
CARD,INVALID_CARD,14596,2,5,0.17,11,1,0,PERMANENT
UPI,INVALID_CARD,43939,3,3,0.13,20,0,0,PERMANENT
UPI,FRAUD_SUSPECTED,25388,3,4,0.36,0,1,1,RISK
CARD,INVALID_CARD,42798,2,2,0.26,3,0,0,PERMANENT
NETBANKING,BANK_TIMEOUT,41355,2,5,0.22,3,0,1,TRANSIENT
NETBANKING,GATEWAY_TIMEOUT,10176,1,3,0.36,1,0,0,TRANSIENT
CARD,BANK_TIMEOUT,36674,1,4,0.41,8,1,1,TRANSIENT
CARD,ACCOUNT_BLOCKED,20835,1,3,0.34,17,0,0,PERMANENT
UPI,GATEWAY_TIMEOUT,23542,1,2,0.4,9,0,1,TRANSIENT
CARD,ACCOUNT_BLOCKED,43401,1,3,0.09,7,0,1,PERMANENT
CARD,FRAUD_SUSPECTED,44486,3,0,0.28,17,0,0,RISK
NETBANKING,BANK_TIMEOUT,39202,4,4,0.28,2,1,0,TRANSIENT
CARD,FRAUD_SUSPECTED,42431,2,1,0.1,19,1,0,RISK
NETBANKING,BANK_TIMEOUT,37278,1,4,0.24,17,0,1,TRANSIENT
UPI,NETWORK_ERROR,13037,4,2,0.18,21,0,0,TRANSIENT
UPI,FRAUD_SUSPECTED,20926,4,3,0.17,21,1,0,RISK
CARD,FRAUD_SUSPECTED,11151,1,2,0.13,7,1,1,RISK
NETBANKING,FRAUD_SUSPECTED,48136,3,3,0.24,11,1,1,RISK
NETBANKING,BANK_TIMEOUT,39855,1,2,0.43,4,0,1,TRANSIENT
UPI,GATEWAY_TIMEOUT,1320,1,4,0.29,18,0,0,TRANSIENT
NETBANKING,FRAUD_SUSPECTED,9840,3,3,0.12,18,1,0,RISK
CARD,INVALID_CARD,23946,1,5,0.13,19,0,0,PERMANENT
UPI,EXPIRED_CARD,37216,2,5,0.37,11,0,0,PERMANENT
UPI,EXPIRED_CARD,17424,3,1,0.03,6,1,1,PERMANENT
UPI,ACCOUNT_BLOCKED,2715,3,0,0.35,16,1,1,PERMANENT
NETBANKING,CARD_DECLINED,24906,3,4,0.33,2,1,1,CUSTOMER_ACTION
CARD,CARD_DECLINED,22712,4,3,0.44,0,0,1,CUSTOMER_ACTION
UPI,INSUFFICIENT_FUNDS,33820,3,1,0.08,5,1,0,CUSTOMER_ACTION
CARD,CARD_DECLINED,47302,1,3,0.34,15,0,0,CUSTOMER_ACTION
UPI,INVALID_CARD,2927,2,4,0.3,4,0,0,PERMANENT
CARD,BANK_TIMEOUT,11898,4,4,0.48,20,0,1,TRANSIENT
CARD,BANK_TIMEOUT,39849,4,3,0.09,13,0,0,TRANSIENT
NETBANKING,FRAUD_SUSPECTED,45030,3,3,0.3,2,0,1,RISK
UPI,EXPIRED_CARD,1185,2,4,0.43,16,1,0,PERMANENT
CARD,BANK_TIMEOUT,40388,1,4,0.26,3,0,1,TRANSIENT
NETBANKING,INSUFFICIENT_FUNDS,42648,4,4,0.22,1,1,0,CUSTOMER_ACTION
CARD,ACCOUNT_BLOCKED,38703,1,3,0.08,15,0,0,PERMANENT
CARD,FRAUD_SUSPECTED,12487,1,5,0.37,0,0,0,RISK
NETBANKING,EXPIRED_CARD,20802,4,2,0.06,13,1,1,PERMANENT
NETBANKING,INVALID_ACCOUNT,18159,4,1,0.21,17,1,0,PERMANENT
CARD,FRAUD_SUSPECTED,20196,3,5,0.21,4,0,0,RISK
UPI,EXPIRED_CARD,14154,4,2,0.4,19,0,0,PERMANENT
UPI,INVALID_CARD,9624,4,4,0.22,2,1,0,PERMANENT
NETBANKING,FRAUD_SUSPECTED,2574,4,3,0.31,16,1,0,RISK
CARD,CARD_DECLINED,801,2,5,0.47,16,1,0,CUSTOMER_ACTION
NETBANKING,GATEWAY_TIMEOUT,33904,2,4,0.09,1,1,0,TRANSIENT
UPI,BANK_TIMEOUT,18183,4,2,0.34,12,0,0,TRANSIENT
NETBANKING,BANK_TIMEOUT,18744,3,2,0.48,8,0,0,TRANSIENT
NETBANKING,ACCOUNT_BLOCKED,404,3,1,0.21,3,0,1,PERMANENT
NETBANKING,FRAUD_SUSPECTED,16988,3,5,0.23,12,1,0,RISK
NETBANKING,FRAUD_SUSPECTED,30293,1,3,0.07,2,1,0,RISK
CARD,CARD_DECLINED,23240,1,5,0.42,7,1,0,CUSTOMER_ACTION
UPI,INVALID_ACCOUNT,36443,2,3,0.16,6,1,0,PERMANENT
NETBANKING,CARD_DECLINED,13185,2,5,0.13,8,0,0,CUSTOMER_ACTION
NETBANKING,INSUFFICIENT_FUNDS,23432,2,0,0.07,2,1,0,CUSTOMER_ACTION
CARD,NETWORK_ERROR,40776,3,3,0.45,18,1,1,TRANSIENT
CARD,CARD_DECLINED,14655,2,0,0.27,13,1,0,CUSTOMER_ACTION
NETBANKING,FRAUD_SUSPECTED,11555,4,0,0.35,14,1,0,RISK
UPI,GATEWAY_TIMEOUT,24966,1,2,0.19,8,0,1,TRANSIENT
CARD,CARD_DECLINED,40279,3,2,0.1,13,0,1,CUSTOMER_ACTION
CARD,FRAUD_SUSPECTED,18425,4,1,0.29,18,0,0,RISK
NETBANKING,FRAUD_SUSPECTED,28425,4,1,0.08,23,0,1,RISK
CARD,BANK_TIMEOUT,32841,2,5,0.26,23,1,1,TRANSIENT
NETBANKING,FRAUD_SUSPECTED,37313,1,3,0.06,5,0,0,RISK
NETBANKING,FRAUD_SUSPECTED,6411,4,5,0.17,11,1,1,RISK
CARD,FRAUD_SUSPECTED,8045,3,5,0.48,6,0,1,RISK
NETBANKING,FRAUD_SUSPECTED,33552,4,5,0.23,2,1,1,RISK
UPI,EXPIRED_CARD,42081,3,3,0.32,18,1,0,PERMANENT
CARD,BANK_TIMEOUT,15056,3,2,0.33,22,1,1,TRANSIENT
CARD,FRAUD_SUSPECTED,49114,4,3,0.09,0,0,0,RISK
UPI,FRAUD_SUSPECTED,11038,4,0,0.06,15,0,0,RISK
UPI,INVALID_CARD,17300,2,0,0.33,12,1,0,PERMANENT
CARD,CARD_DECLINED,41157,2,1,0.27,5,0,0,CUSTOMER_ACTION
CARD,FRAUD_SUSPECTED,30717,3,4,0.23,22,0,1,RISK
CARD,INVALID_ACCOUNT,31665,2,0,0.23,11,1,1,PERMANENT
UPI,CARD_DECLINED,106,2,2,0.15,17,0,1,CUSTOMER_ACTION
UPI,INVALID_ACCOUNT,28309,3,4,0.12,0,1,0,PERMANENT
CARD,ACCOUNT_BLOCKED,16477,2,5,0.37,12,1,0,PERMANENT
CARD,FRAUD_SUSPECTED,41081,2,4,0.38,19,1,1,RISK
UPI,FRAUD_SUSPECTED,4586,2,1,0.15,20,1,1,RISK
UPI,FRAUD_SUSPECTED,21113,1,1,0.03,17,0,0,RISK
CARD,NETWORK_ERROR,8294,4,5,0.01,2,0,0,TRANSIENT
CARD,EXPIRED_CARD,27641,3,3,0.5,14,0,1,PERMANENT
UPI,BANK_TIMEOUT,17565,4,0,0.28,5,0,1,TRANSIENT
UPI,INVALID_CARD,46937,2,3,0.39,14,0,0,PERMANENT
NETBANKING,CARD_DECLINED,6257,2,3,0.2,9,1,0,CUSTOMER_ACTION
NETBANKING,GATEWAY_TIMEOUT,34239,1,2,0.25,9,0,1,TRANSIENT
UPI,GATEWAY_TIMEOUT,7500,2,5,0.22,0,0,1,TRANSIENT
UPI,NETWORK_ERROR,685,1,4,0.39,15,0,1,TRANSIENT
UPI,BANK_TIMEOUT,32862,1,5,0.31,20,0,0,TRANSIENT
NETBANKING,FRAUD_SUSPECTED,35250,1,1,0.25,10,1,1,RISK
NETBANKING,INSUFFICIENT_FUNDS,24857,3,5,0.08,1,1,1,CUSTOMER_ACTION
UPI,FRAUD_SUSPECTED,37239,2,4,0.18,23,1,1,RISK
NETBANKING,INSUFFICIENT_FUNDS,10259,4,2,0.41,17,1,1,CUSTOMER_ACTION
NETBANKING,GATEWAY_TIMEOUT,24940,2,0,0.31,11,0,1,TRANSIENT
NETBANKING,GATEWAY_TIMEOUT,25494,2,4,0.34,17,0,1,TRANSIENT
NETBANKING,FRAUD_SUSPECTED,21204,1,0,0.27,2,0,0,RISK
UPI,INSUFFICIENT_FUNDS,7115,4,1,0.06,18,1,1,CUSTOMER_ACTION
CARD,FRAUD_SUSPECTED,14565,1,0,0.47,6,1,0,RISK
CARD,INVALID_CARD,36670,4,2,0.4,1,1,0,PERMANENT
UPI,NETWORK_ERROR,14249,1,0,0.37,17,1,0,TRANSIENT
NETBANKING,INSUFFICIENT_FUNDS,41081,2,4,0.38,13,0,1,CUSTOMER_ACTION
UPI,ACCOUNT_BLOCKED,11032,2,4,0.21,10,0,1,PERMANENT
NETBANKING,FRAUD_SUSPECTED,21376,3,3,0.38,13,1,0,RISK
NETBANKING,CARD_DECLINED,48896,3,2,0.48,14,1,0,CUSTOMER_ACTION
NETBANKING,NETWORK_ERROR,1168,2,2,0.01,7,0,1,TRANSIENT
CARD,GATEWAY_TIMEOUT,36384,2,0,0.03,11,0,0,TRANSIENT
NETBANKING,FRAUD_SUSPECTED,16474,2,2,0.41,2,1,0,RISK
CARD,GATEWAY_TIMEOUT,31723,2,3,0.41,22,0,1,TRANSIENT
NETBANKING,GATEWAY_TIMEOUT,25105,1,0,0.46,10,1,1,TRANSIENT
UPI,INVALID_CARD,49099,1,5,0.39,12,0,1,PERMANENT
NETBANKING,NETWORK_ERROR,37122,2,2,0.26,7,0,0,TRANSIENT
NETBANKING,ACCOUNT_BLOCKED,37799,1,1,0.22,12,0,0,PERMANENT
CARD,FRAUD_SUSPECTED,37549,1,4,0.21,2,1,1,RISK
CARD,INSUFFICIENT_FUNDS,36754,2,3,0.2,18,0,0,CUSTOMER_ACTION
CARD,INSUFFICIENT_FUNDS,28284,3,5,0.46,2,0,1,CUSTOMER_ACTION
CARD,INVALID_ACCOUNT,12583,3,2,0.3,0,1,0,PERMANENT
NETBANKING,FRAUD_SUSPECTED,9656,4,0,0.46,7,0,1,RISK
UPI,INSUFFICIENT_FUNDS,48569,1,1,0.47,4,1,0,CUSTOMER_ACTION
CARD,FRAUD_SUSPECTED,29595,4,0,0.17,23,0,0,RISK
NETBANKING,FRAUD_SUSPECTED,47936,2,5,0.35,0,1,0,RISK
UPI,FRAUD_SUSPECTED,18713,2,5,0.31,1,1,0,RISK
NETBANKING,NETWORK_ERROR,17880,3,0,0.02,20,1,0,TRANSIENT
CARD,INVALID_CARD,31862,1,1,0.11,14,0,0,PERMANENT
CARD,CARD_DECLINED,32208,4,5,0.09,11,1,1,CUSTOMER_ACTION
NETBANKING,FRAUD_SUSPECTED,18179,1,5,0.14,12,0,1,RISK
CARD,INSUFFICIENT_FUNDS,25845,2,0,0.37,16,0,1,CUSTOMER_ACTION
CARD,INSUFFICIENT_FUNDS,20572,3,3,0.28,6,0,0,CUSTOMER_ACTION
NETBANKING,CARD_DECLINED,46311,2,3,0.5,4,0,1,CUSTOMER_ACTION
NETBANKING,GATEWAY_TIMEOUT,47249,1,1,0.17,4,0,1,TRANSIENT
CARD,ACCOUNT_BLOCKED,29132,3,1,0.39,3,0,0,PERMANENT
NETBANKING,GATEWAY_TIMEOUT,17589,2,4,0.12,21,0,1,TRANSIENT
CARD,GATEWAY_TIMEOUT,8887,4,5,0.33,5,1,1,TRANSIENT
UPI,EXPIRED_CARD,12765,2,0,0.21,0,1,1,PERMANENT
UPI,INSUFFICIENT_FUNDS,4434,2,3,0.43,15,1,1,CUSTOMER_ACTION
CARD,CARD_DECLINED,2841,4,5,0.16,19,0,0,CUSTOMER_ACTION
UPI,ACCOUNT_BLOCKED,16203,4,5,0.03,12,0,0,PERMANENT
CARD,FRAUD_SUSPECTED,20059,3,3,0.09,9,0,0,RISK
UPI,ACCOUNT_BLOCKED,47459,1,1,0.39,22,0,1,PERMANENT
CARD,INVALID_ACCOUNT,1732,2,3,0.3,22,0,1,PERMANENT
CARD,NETWORK_ERROR,45432,2,5,0.37,2,0,1,TRANSIENT
NETBANKING,FRAUD_SUSPECTED,46452,4,5,0.4,16,0,1,RISK
UPI,INVALID_CARD,22067,2,1,0.44,5,0,1,PERMANENT
NETBANKING,FRAUD_SUSPECTED,29345,3,5,0.1,4,0,0,RISK
CARD,FRAUD_SUSPECTED,32712,4,4,0.41,19,1,0,RISK
CARD,CARD_DECLINED,26979,4,0,0.3,0,0,1,CUSTOMER_ACTION
UPI,INSUFFICIENT_FUNDS,9816,1,5,0.18,4,0,1,CUSTOMER_ACTION
UPI,FRAUD_SUSPECTED,7236,4,1,0.09,9,0,1,RISK
UPI,FRAUD_SUSPECTED,19714,3,2,0.45,2,1,0,RISK
UPI,FRAUD_SUSPECTED,8096,3,2,0.27,16,0,0,RISK
NETBANKING,BANK_TIMEOUT,47923,1,3,0.36,19,1,1,TRANSIENT
NETBANKING,FRAUD_SUSPECTED,37792,3,1,0.31,15,1,1,RISK
NETBANKING,INSUFFICIENT_FUNDS,19137,2,0,0.07,14,0,0,CUSTOMER_ACTION
UPI,ACCOUNT_BLOCKED,21975,3,4,0.4,6,0,0,PERMANENT
UPI,FRAUD_SUSPECTED,20270,3,4,0.28,0,0,1,RISK
NETBANKING,FRAUD_SUSPECTED,37384,1,1,0.11,10,1,1,RISK
UPI,GATEWAY_TIMEOUT,31655,2,5,0.24,17,1,1,TRANSIENT
NETBANKING,INVALID_CARD,19717,3,4,0.27,6,1,1,PERMANENT
CARD,BANK_TIMEOUT,2142,3,3,0.32,5,1,0,TRANSIENT
NETBANKING,NETWORK_ERROR,20711,1,2,0.21,15,0,1,TRANSIENT
UPI,INVALID_ACCOUNT,34512,3,1,0.06,1,0,0,PERMANENT
CARD,INVALID_CARD,32871,2,1,0.18,15,1,1,PERMANENT
NETBANKING,INSUFFICIENT_FUNDS,44449,2,1,0.37,14,1,0,CUSTOMER_ACTION
UPI,NETWORK_ERROR,45126,1,2,0.24,1,0,1,TRANSIENT
CARD,GATEWAY_TIMEOUT,41967,2,2,0.11,9,1,1,TRANSIENT
CARD,INVALID_CARD,9885,2,2,0.07,19,0,0,PERMANENT
CARD,FRAUD_SUSPECTED,9377,3,4,0.13,2,1,1,RISK
UPI,INVALID_CARD,2000,4,5,0.03,12,0,0,PERMANENT
UPI,ACCOUNT_BLOCKED,46281,4,4,0.18,10,0,0,PERMANENT
UPI,EXPIRED_CARD,45883,4,0,0.23,21,1,1,PERMANENT
UPI,INSUFFICIENT_FUNDS,40531,3,2,0.2,22,1,1,CUSTOMER_ACTION
UPI,ACCOUNT_BLOCKED,4383,4,0,0.18,14,0,1,PERMANENT
NETBANKING,FRAUD_SUSPECTED,6845,4,5,0.4,10,0,1,RISK
NETBANKING,ACCOUNT_BLOCKED,27195,2,4,0.13,5,1,1,PERMANENT
UPI,NETWORK_ERROR,45585,4,3,0.29,10,0,0,TRANSIENT
NETBANKING,GATEWAY_TIMEOUT,37730,4,0,0.3,14,1,0,TRANSIENT
CARD,EXPIRED_CARD,26694,1,4,0.06,19,1,1,PERMANENT
UPI,INVALID_CARD,14361,2,4,0.45,20,0,0,PERMANENT
NETBANKING,CARD_DECLINED,19203,4,4,0.29,6,0,1,CUSTOMER_ACTION
CARD,FRAUD_SUSPECTED,47141,3,0,0.3,19,1,0,RISK
CARD,FRAUD_SUSPECTED,36071,1,0,0.35,11,0,1,RISK
CARD,BANK_TIMEOUT,46120,4,5,0.17,12,1,1,TRANSIENT
NETBANKING,EXPIRED_CARD,11464,4,1,0.1,12,1,1,PERMANENT
NETBANKING,CARD_DECLINED,8327,2,0,0.05,0,0,1,CUSTOMER_ACTION
UPI,EXPIRED_CARD,9092,4,3,0.45,22,1,0,PERMANENT
NETBANKING,ACCOUNT_BLOCKED,29594,4,2,0.12,13,0,1,PERMANENT
CARD,CARD_DECLINED,35893,3,0,0.49,18,1,1,CUSTOMER_ACTION
CARD,GATEWAY_TIMEOUT,45352,1,1,0.37,16,1,1,TRANSIENT
NETBANKING,GATEWAY_TIMEOUT,5896,2,3,0.32,21,0,1,TRANSIENT
NETBANKING,NETWORK_ERROR,806,4,3,0.26,15,1,1,TRANSIENT
CARD,FRAUD_SUSPECTED,11077,1,5,0.46,23,1,1,RISK
CARD,GATEWAY_TIMEOUT,37989,2,4,0.04,9,0,1,TRANSIENT
UPI,INVALID_CARD,33234,1,2,0.13,19,1,1,PERMANENT
NETBANKING,FRAUD_SUSPECTED,7410,2,4,0.37,21,1,1,RISK
NETBANKING,CARD_DECLINED,15579,4,1,0.4,1,1,0,CUSTOMER_ACTION
CARD,INSUFFICIENT_FUNDS,49432,4,3,0.13,14,0,0,CUSTOMER_ACTION
NETBANKING,FRAUD_SUSPECTED,17427,1,0,0.09,12,1,1,RISK
CARD,EXPIRED_CARD,44894,4,3,0.14,16,1,0,PERMANENT
CARD,FRAUD_SUSPECTED,44565,3,4,0.34,1,0,1,RISK
CARD,INVALID_ACCOUNT,17816,3,0,0.14,18,1,1,PERMANENT
NETBANKING,INSUFFICIENT_FUNDS,22212,2,2,0.28,21,0,0,CUSTOMER_ACTION
UPI,NETWORK_ERROR,34523,1,5,0.23,7,1,1,TRANSIENT
UPI,INSUFFICIENT_FUNDS,40692,1,0,0.47,21,0,0,CUSTOMER_ACTION
NETBANKING,BANK_TIMEOUT,8613,4,5,0.38,20,0,0,TRANSIENT
CARD,CARD_DECLINED,30702,1,5,0.23,8,1,1,CUSTOMER_ACTION
UPI,FRAUD_SUSPECTED,18272,1,3,0.2,1,1,1,RISK
UPI,CARD_DECLINED,32325,2,4,0.2,20,1,0,CUSTOMER_ACTION
UPI,CARD_DECLINED,40336,1,3,0.36,3,0,0,CUSTOMER_ACTION
NETBANKING,GATEWAY_TIMEOUT,16523,4,0,0.45,4,0,0,TRANSIENT
UPI,INVALID_ACCOUNT,45978,3,3,0.29,16,1,1,PERMANENT
NETBANKING,ACCOUNT_BLOCKED,4694,2,0,0.2,22,1,0,PERMANENT
NETBANKING,FRAUD_SUSPECTED,19946,4,0,0.32,20,0,1,RISK
CARD,FRAUD_SUSPECTED,49937,3,5,0.11,17,0,1,RISK
NETBANKING,CARD_DECLINED,25665,1,5,0.35,15,0,1,CUSTOMER_ACTION
UPI,INSUFFICIENT_FUNDS,12754,1,5,0.5,7,1,1,CUSTOMER_ACTION
NETBANKING,GATEWAY_TIMEOUT,20267,4,4,0.48,14,0,0,TRANSIENT
CARD,FRAUD_SUSPECTED,47352,1,3,0.07,20,1,0,RISK
UPI,INSUFFICIENT_FUNDS,48299,2,3,0.33,15,0,0,CUSTOMER_ACTION
UPI,INSUFFICIENT_FUNDS,41562,1,2,0.41,3,1,0,CUSTOMER_ACTION
UPI,BANK_TIMEOUT,32680,2,0,0.4,13,1,1,TRANSIENT
NETBANKING,FRAUD_SUSPECTED,37846,2,2,0.42,6,0,0,RISK
UPI,FRAUD_SUSPECTED,18049,2,3,0.09,11,0,1,RISK
UPI,INSUFFICIENT_FUNDS,6651,4,1,0.02,15,0,0,CUSTOMER_ACTION
UPI,BANK_TIMEOUT,46416,3,3,0.35,15,0,0,TRANSIENT
NETBANKING,CARD_DECLINED,29618,4,1,0.47,19,0,0,CUSTOMER_ACTION
NETBANKING,INVALID_CARD,19839,3,3,0.01,7,0,0,PERMANENT
CARD,GATEWAY_TIMEOUT,49981,2,3,0.39,21,0,1,TRANSIENT
UPI,BANK_TIMEOUT,9879,4,3,0.1,21,0,0,TRANSIENT
UPI,FRAUD_SUSPECTED,28586,3,2,0.31,14,0,0,RISK
UPI,GATEWAY_TIMEOUT,10457,1,3,0.26,2,0,1,TRANSIENT
UPI,FRAUD_SUSPECTED,49061,3,1,0.39,10,0,0,RISK
UPI,CARD_DECLINED,24710,2,0,0.24,15,0,1,CUSTOMER_ACTION
NETBANKING,INSUFFICIENT_FUNDS,29918,2,3,0.19,14,0,1,CUSTOMER_ACTION
CARD,FRAUD_SUSPECTED,8436,1,5,0.29,8,0,0,RISK
CARD,ACCOUNT_BLOCKED,11319,3,1,0.44,19,0,0,PERMANENT
CARD,INSUFFICIENT_FUNDS,34294,4,1,0.3,14,1,0,CUSTOMER_ACTION
UPI,EXPIRED_CARD,21549,4,4,0.12,18,0,0,PERMANENT
UPI,INVALID_CARD,30944,1,3,0.27,15,0,1,PERMANENT
UPI,EXPIRED_CARD,36701,1,5,0.37,6,0,1,PERMANENT
NETBANKING,FRAUD_SUSPECTED,6046,1,3,0.34,5,1,0,RISK
UPI,ACCOUNT_BLOCKED,46180,4,1,0.4,11,1,0,PERMANENT
NETBANKING,NETWORK_ERROR,21917,1,2,0.22,8,0,0,TRANSIENT
NETBANKING,FRAUD_SUSPECTED,44314,3,0,0.06,11,1,0,RISK
UPI,FRAUD_SUSPECTED,42578,1,4,0.36,6,0,1,RISK
NETBANKING,INSUFFICIENT_FUNDS,31458,2,5,0.38,10,1,1,CUSTOMER_ACTION
UPI,INVALID_ACCOUNT,4252,3,2,0.23,16,0,1,PERMANENT
NETBANKING,FRAUD_SUSPECTED,24226,1,1,0.45,14,0,0,RISK
CARD,EXPIRED_CARD,5142,1,1,0.15,22,0,1,PERMANENT
NETBANKING,INSUFFICIENT_FUNDS,41209,1,2,0.21,21,0,1,CUSTOMER_ACTION
CARD,FRAUD_SUSPECTED,48446,1,2,0.1,0,0,1,RISK
NETBANKING,INVALID_ACCOUNT,42439,3,3,0.3,22,1,1,PERMANENT
CARD,FRAUD_SUSPECTED,11354,3,1,0.25,9,0,0,RISK
CARD,FRAUD_SUSPECTED,11002,2,5,0.27,5,0,0,RISK
UPI,INSUFFICIENT_FUNDS,2796,3,4,0.07,8,1,0,CUSTOMER_ACTION
NETBANKING,INSUFFICIENT_FUNDS,20871,3,1,0.19,17,0,1,CUSTOMER_ACTION
CARD,BANK_TIMEOUT,32829,2,3,0.46,4,0,1,TRANSIENT
CARD,FRAUD_SUSPECTED,49524,2,4,0.37,14,1,0,RISK
UPI,INVALID_CARD,44533,1,2,0.02,19,0,1,PERMANENT
CARD,FRAUD_SUSPECTED,3706,2,4,0.27,8,0,0,RISK
CARD,GATEWAY_TIMEOUT,44472,1,4,0.2,15,1,0,TRANSIENT
UPI,FRAUD_SUSPECTED,47021,4,2,0.2,0,1,1,RISK
CARD,FRAUD_SUSPECTED,36867,1,1,0.37,14,1,1,RISK
NETBANKING,FRAUD_SUSPECTED,27876,4,1,0.42,19,0,0,RISK
CARD,CARD_DECLINED,34526,3,0,0.47,18,1,0,CUSTOMER_ACTION
NETBANKING,NETWORK_ERROR,18012,4,1,0.28,22,0,0,TRANSIENT
CARD,CARD_DECLINED,36398,4,0,0.41,9,1,1,CUSTOMER_ACTION
UPI,EXPIRED_CARD,260,2,2,0.16,20,1,0,PERMANENT
UPI,FRAUD_SUSPECTED,32336,2,0,0.07,8,1,0,RISK
NETBANKING,FRAUD_SUSPECTED,28678,3,5,0.35,22,0,1,RISK
UPI,NETWORK_ERROR,38219,1,1,0.17,22,0,1,TRANSIENT
CARD,INSUFFICIENT_FUNDS,23769,4,5,0.46,11,0,1,CUSTOMER_ACTION
NETBANKING,FRAUD_SUSPECTED,12801,2,0,0.3,5,1,1,RISK
NETBANKING,FRAUD_SUSPECTED,45841,3,0,0.27,11,0,0,RISK
CARD,CARD_DECLINED,31878,4,2,0.46,5,0,0,CUSTOMER_ACTION
UPI,INSUFFICIENT_FUNDS,36712,1,3,0.24,2,0,0,CUSTOMER_ACTION
CARD,NETWORK_ERROR,20519,3,1,0.41,19,1,0,TRANSIENT
NETBANKING,FRAUD_SUSPECTED,7872,2,1,0.43,4,0,1,RISK
UPI,INSUFFICIENT_FUNDS,5251,4,5,0.38,3,0,0,CUSTOMER_ACTION
UPI,ACCOUNT_BLOCKED,12968,1,0,0.4,16,0,1,PERMANENT
UPI,NETWORK_ERROR,4441,3,5,0.02,3,0,0,TRANSIENT
NETBANKING,INSUFFICIENT_FUNDS,23138,1,0,0.08,23,1,1,CUSTOMER_ACTION
NETBANKING,FRAUD_SUSPECTED,47846,2,4,0.29,3,0,0,RISK
UPI,CARD_DECLINED,49515,1,5,0.06,6,1,1,CUSTOMER_ACTION
NETBANKING,CARD_DECLINED,7133,2,2,0.49,13,0,0,CUSTOMER_ACTION
CARD,INVALID_CARD,8201,4,0,0.26,15,1,1,PERMANENT
CARD,BANK_TIMEOUT,32455,1,3,0.15,19,1,1,TRANSIENT
CARD,CARD_DECLINED,28146,2,0,0.45,15,1,0,CUSTOMER_ACTION
CARD,GATEWAY_TIMEOUT,44146,1,3,0.22,21,0,0,TRANSIENT
CARD,CARD_DECLINED,45649,1,5,0.46,5,0,1,CUSTOMER_ACTION
UPI,CARD_DECLINED,39091,4,0,0.12,13,1,1,CUSTOMER_ACTION
CARD,FRAUD_SUSPECTED,31283,4,3,0.26,4,1,0,RISK
CARD,NETWORK_ERROR,32689,2,5,0.47,0,0,0,TRANSIENT
NETBANKING,NETWORK_ERROR,1853,2,3,0.31,10,0,1,TRANSIENT
NETBANKING,BANK_TIMEOUT,49357,4,3,0.11,21,1,1,TRANSIENT
NETBANKING,FRAUD_SUSPECTED,35923,1,0,0.5,3,1,1,RISK
CARD,FRAUD_SUSPECTED,30224,1,0,0.1,21,1,0,RISK
UPI,ACCOUNT_BLOCKED,20577,4,3,0.38,18,1,1,PERMANENT
NETBANKING,EXPIRED_CARD,3752,4,2,0.25,12,1,1,PERMANENT
UPI,FRAUD_SUSPECTED,38796,1,1,0.42,11,0,1,RISK
CARD,INVALID_CARD,22719,3,3,0.18,21,0,0,PERMANENT
NETBANKING,CARD_DECLINED,5666,1,2,0.07,5,0,1,CUSTOMER_ACTION
NETBANKING,NETWORK_ERROR,27787,4,2,0.02,15,0,1,TRANSIENT
CARD,ACCOUNT_BLOCKED,37621,1,3,0.06,21,0,1,PERMANENT
UPI,INVALID_ACCOUNT,40393,3,2,0.49,6,1,0,PERMANENT
CARD,CARD_DECLINED,3215,3,4,0.21,7,0,0,CUSTOMER_ACTION
UPI,FRAUD_SUSPECTED,37221,4,3,0.11,2,1,1,RISK
UPI,INVALID_ACCOUNT,27252,4,2,0.32,14,0,0,PERMANENT
UPI,CARD_DECLINED,43406,4,2,0.47,17,1,0,CUSTOMER_ACTION
CARD,CARD_DECLINED,9782,2,1,0.38,9,1,1,CUSTOMER_ACTION
NETBANKING,FRAUD_SUSPECTED,13440,4,2,0.41,20,0,1,RISK
UPI,CARD_DECLINED,7542,2,1,0.02,9,1,1,CUSTOMER_ACTION
NETBANKING,ACCOUNT_BLOCKED,2525,2,1,0.14,0,1,1,PERMANENT
NETBANKING,INSUFFICIENT_FUNDS,31940,1,0,0.43,2,1,1,CUSTOMER_ACTION
CARD,NETWORK_ERROR,44118,1,3,0.47,23,0,0,TRANSIENT
NETBANKING,GATEWAY_TIMEOUT,32884,1,4,0.34,18,1,1,TRANSIENT
NETBANKING,BANK_TIMEOUT,8113,3,2,0.42,23,1,0,TRANSIENT
UPI,EXPIRED_CARD,7100,2,1,0.49,14,1,1,PERMANENT
NETBANKING,NETWORK_ERROR,24656,1,2,0.28,15,0,1,TRANSIENT
CARD,CARD_DECLINED,47002,3,2,0.02,19,0,0,CUSTOMER_ACTION
NETBANKING,CARD_DECLINED,25311,3,5,0.48,11,0,0,CUSTOMER_ACTION
UPI,ACCOUNT_BLOCKED,25854,3,2,0.05,7,1,0,PERMANENT
NETBANKING,CARD_DECLINED,20886,4,0,0.14,2,1,1,CUSTOMER_ACTION
NETBANKING,INVALID_ACCOUNT,27780,1,1,0.35,16,0,1,PERMANENT
CARD,INVALID_ACCOUNT,45661,1,0,0.32,5,1,0,PERMANENT
UPI,NETWORK_ERROR,41276,3,2,0.29,3,0,0,TRANSIENT
CARD,CARD_DECLINED,29688,4,5,0.08,5,1,1,CUSTOMER_ACTION
CARD,INSUFFICIENT_FUNDS,24191,2,3,0.44,18,0,0,CUSTOMER_ACTION
NETBANKING,GATEWAY_TIMEOUT,40208,2,0,0.49,6,1,0,TRANSIENT
NETBANKING,NETWORK_ERROR,28208,3,1,0.05,11,0,0,TRANSIENT
NETBANKING,GATEWAY_TIMEOUT,28618,4,5,0.25,7,0,0,TRANSIENT
NETBANKING,FRAUD_SUSPECTED,32485,4,1,0.22,6,0,1,RISK
UPI,CARD_DECLINED,26873,2,0,0.15,8,0,1,CUSTOMER_ACTION
NETBANKING,CARD_DECLINED,44944,4,0,0.02,4,1,1,CUSTOMER_ACTION
NETBANKING,CARD_DECLINED,27840,3,0,0.06,1,0,1,CUSTOMER_ACTION
CARD,CARD_DECLINED,39839,1,0,0.13,19,1,1,CUSTOMER_ACTION
UPI,INVALID_ACCOUNT,36771,1,4,0.1,5,1,1,PERMANENT
UPI,EXPIRED_CARD,20895,4,1,0.14,10,0,0,PERMANENT
NETBANKING,INVALID_ACCOUNT,23731,4,2,0.45,8,1,1,PERMANENT
CARD,EXPIRED_CARD,48391,4,1,0.28,21,1,0,PERMANENT
UPI,INSUFFICIENT_FUNDS,15164,2,0,0.24,5,1,1,CUSTOMER_ACTION
UPI,NETWORK_ERROR,29035,3,5,0.28,14,1,0,TRANSIENT
CARD,INSUFFICIENT_FUNDS,6232,2,2,0.1,5,1,0,CUSTOMER_ACTION
NETBANKING,GATEWAY_TIMEOUT,11933,4,0,0.13,15,0,1,TRANSIENT
NETBANKING,NETWORK_ERROR,44706,1,3,0.19,3,1,0,TRANSIENT
CARD,BANK_TIMEOUT,46480,4,3,0.32,8,0,1,TRANSIENT
NETBANKING,GATEWAY_TIMEOUT,29794,3,5,0.5,18,0,0,TRANSIENT
CARD,GATEWAY_TIMEOUT,21279,1,5,0.04,19,1,0,TRANSIENT
UPI,INVALID_ACCOUNT,15833,4,0,0.02,6,0,1,PERMANENT
NETBANKING,INVALID_ACCOUNT,49419,2,0,0.16,13,1,0,PERMANENT
CARD,FRAUD_SUSPECTED,33697,2,3,0.23,12,1,1,RISK
CARD,INVALID_CARD,24232,2,3,0.32,2,0,1,PERMANENT
NETBANKING,EXPIRED_CARD,45073,2,3,0.27,20,0,1,PERMANENT
UPI,ACCOUNT_BLOCKED,31400,3,1,0.49,21,1,0,PERMANENT
NETBANKING,INVALID_ACCOUNT,3227,1,0,0.26,16,1,1,PERMANENT
NETBANKING,NETWORK_ERROR,47306,3,2,0.13,2,0,0,TRANSIENT
UPI,EXPIRED_CARD,25852,1,0,0.21,22,1,1,PERMANENT
NETBANKING,ACCOUNT_BLOCKED,17471,3,1,0.11,2,1,0,PERMANENT
UPI,INVALID_CARD,25982,1,0,0.09,15,1,1,PERMANENT
NETBANKING,INVALID_ACCOUNT,40518,3,5,0.34,22,1,1,PERMANENT
UPI,BANK_TIMEOUT,1009,2,0,0.41,22,0,0,TRANSIENT
NETBANKING,CARD_DECLINED,9612,2,3,0.42,17,0,0,CUSTOMER_ACTION
UPI,FRAUD_SUSPECTED,31163,4,0,0.07,4,1,1,RISK
CARD,INVALID_CARD,38453,2,1,0.15,12,0,1,PERMANENT
NETBANKING,BANK_TIMEOUT,46833,4,3,0.43,23,1,0,TRANSIENT
CARD,ACCOUNT_BLOCKED,33743,4,1,0.36,16,0,1,PERMANENT
CARD,FRAUD_SUSPECTED,42587,4,3,0.07,19,1,1,RISK
UPI,INVALID_CARD,18975,2,3,0.18,7,0,1,PERMANENT
CARD,EXPIRED_CARD,47482,4,3,0.42,21,1,1,PERMANENT
CARD,INSUFFICIENT_FUNDS,45365,1,5,0.25,5,0,0,CUSTOMER_ACTION
CARD,INVALID_CARD,32456,3,1,0.11,1,0,1,PERMANENT
NETBANKING,FRAUD_SUSPECTED,10494,2,4,0.03,2,1,1,RISK
UPI,GATEWAY_TIMEOUT,8009,2,3,0.14,10,1,0,TRANSIENT
NETBANKING,FRAUD_SUSPECTED,33876,1,5,0.03,14,1,0,RISK
NETBANKING,GATEWAY_TIMEOUT,6776,1,4,0.06,20,0,0,TRANSIENT
NETBANKING,FRAUD_SUSPECTED,19244,4,4,0.25,3,0,1,RISK
UPI,FRAUD_SUSPECTED,13331,4,3,0.39,0,0,1,RISK
NETBANKING,FRAUD_SUSPECTED,11323,1,2,0.19,13,1,0,RISK
UPI,CARD_DECLINED,9143,4,3,0.46,14,1,0,CUSTOMER_ACTION
UPI,EXPIRED_CARD,47130,1,0,0.18,12,0,1,PERMANENT
UPI,NETWORK_ERROR,43365,2,4,0.04,20,1,1,TRANSIENT
NETBANKING,INVALID_ACCOUNT,48773,3,2,0.01,8,0,1,PERMANENT
NETBANKING,EXPIRED_CARD,41018,4,5,0.18,20,1,0,PERMANENT
UPI,FRAUD_SUSPECTED,35321,3,3,0.37,23,0,1,RISK
NETBANKING,INSUFFICIENT_FUNDS,36261,3,4,0.18,20,0,0,CUSTOMER_ACTION
NETBANKING,GATEWAY_TIMEOUT,17053,2,2,0.37,16,0,0,TRANSIENT
NETBANKING,FRAUD_SUSPECTED,33359,3,0,0.03,20,0,1,RISK
CARD,FRAUD_SUSPECTED,22315,2,5,0.49,18,0,1,RISK
NETBANKING,FRAUD_SUSPECTED,46948,2,5,0.2,23,0,0,RISK
CARD,FRAUD_SUSPECTED,29873,1,1,0.36,13,0,0,RISK
UPI,NETWORK_ERROR,31311,2,3,0.05,21,1,1,TRANSIENT
NETBANKING,FRAUD_SUSPECTED,27849,4,5,0.47,15,1,0,RISK
CARD,INSUFFICIENT_FUNDS,46705,4,1,0.48,16,0,0,CUSTOMER_ACTION
UPI,ACCOUNT_BLOCKED,49022,2,4,0.19,3,1,0,PERMANENT
NETBANKING,NETWORK_ERROR,19078,1,4,0.09,11,1,1,TRANSIENT
CARD,FRAUD_SUSPECTED,1933,2,1,0.39,13,0,1,RISK
UPI,FRAUD_SUSPECTED,48574,4,0,0.07,11,0,0,RISK
NETBANKING,ACCOUNT_BLOCKED,20396,4,2,0.39,15,0,0,PERMANENT
NETBANKING,ACCOUNT_BLOCKED,29530,2,5,0.17,19,1,1,PERMANENT
CARD,CARD_DECLINED,35554,1,5,0.45,23,1,0,CUSTOMER_ACTION
NETBANKING,INSUFFICIENT_FUNDS,41394,3,4,0.33,20,0,0,CUSTOMER_ACTION
NETBANKING,GATEWAY_TIMEOUT,12512,4,4,0.45,3,0,0,TRANSIENT
UPI,FRAUD_SUSPECTED,46343,4,0,0.41,19,1,1,RISK
UPI,NETWORK_ERROR,22379,4,1,0.21,16,1,1,TRANSIENT
UPI,FRAUD_SUSPECTED,6609,2,2,0.08,8,0,0,RISK
NETBANKING,FRAUD_SUSPECTED,11188,1,4,0.48,5,0,0,RISK
UPI,FRAUD_SUSPECTED,21074,2,3,0.45,8,1,0,RISK
UPI,BANK_TIMEOUT,49391,2,3,0.26,16,1,0,TRANSIENT
CARD,FRAUD_SUSPECTED,30562,4,0,0.25,13,0,0,RISK
UPI,FRAUD_SUSPECTED,36453,2,2,0.29,14,0,0,RISK
NETBANKING,CARD_DECLINED,11122,2,4,0.48,17,1,0,CUSTOMER_ACTION
NETBANKING,NETWORK_ERROR,19056,2,0,0.04,15,1,1,TRANSIENT
NETBANKING,INVALID_ACCOUNT,14043,3,0,0.09,17,0,1,PERMANENT
NETBANKING,NETWORK_ERROR,8159,2,5,0.28,8,1,0,TRANSIENT
NETBANKING,FRAUD_SUSPECTED,17228,4,2,0.13,10,1,0,RISK
UPI,INVALID_ACCOUNT,45440,2,5,0.46,19,1,0,PERMANENT
UPI,GATEWAY_TIMEOUT,27177,4,3,0.27,20,0,0,TRANSIENT
CARD,INVALID_CARD,24766,3,3,0.1,22,0,0,PERMANENT
UPI,INVALID_ACCOUNT,29235,1,1,0.37,8,1,0,PERMANENT
NETBANKING,GATEWAY_TIMEOUT,19969,2,1,0.49,11,0,1,TRANSIENT
UPI,EXPIRED_CARD,12950,4,0,0.44,18,1,0,PERMANENT
UPI,INSUFFICIENT_FUNDS,38645,2,5,0.04,8,0,1,CUSTOMER_ACTION
NETBANKING,INSUFFICIENT_FUNDS,44516,3,5,0.28,14,0,1,CUSTOMER_ACTION
CARD,NETWORK_ERROR,26765,3,0,0.34,14,1,1,TRANSIENT
UPI,GATEWAY_TIMEOUT,3177,3,3,0.27,10,0,1,TRANSIENT
UPI,CARD_DECLINED,37574,1,5,0.12,22,1,0,CUSTOMER_ACTION
UPI,INSUFFICIENT_FUNDS,21676,3,0,0.32,3,0,1,CUSTOMER_ACTION
NETBANKING,INVALID_CARD,41145,3,2,0.13,15,0,1,PERMANENT
NETBANKING,NETWORK_ERROR,15615,1,4,0.31,3,1,0,TRANSIENT
UPI,BANK_TIMEOUT,24832,3,5,0.04,4,0,1,TRANSIENT
NETBANKING,NETWORK_ERROR,41137,4,0,0.06,1,0,1,TRANSIENT
UPI,ACCOUNT_BLOCKED,40555,4,1,0.43,21,0,1,PERMANENT
CARD,ACCOUNT_BLOCKED,40746,1,2,0.33,21,0,1,PERMANENT
UPI,FRAUD_SUSPECTED,6829,1,4,0.36,18,0,0,RISK
CARD,FRAUD_SUSPECTED,31648,4,1,0.13,1,0,0,RISK
NETBANKING,FRAUD_SUSPECTED,42810,3,2,0.3,17,0,0,RISK
NETBANKING,INVALID_ACCOUNT,22572,3,2,0.49,16,0,0,PERMANENT
CARD,INSUFFICIENT_FUNDS,22632,2,1,0.32,6,0,1,CUSTOMER_ACTION
NETBANKING,CARD_DECLINED,45440,4,4,0.35,18,1,1,CUSTOMER_ACTION
UPI,INVALID_ACCOUNT,6971,4,0,0.25,0,0,0,PERMANENT
UPI,EXPIRED_CARD,31606,3,5,0.19,12,0,0,PERMANENT
UPI,FRAUD_SUSPECTED,23554,1,4,0.07,9,1,0,RISK
UPI,FRAUD_SUSPECTED,13149,2,2,0.1,8,0,1,RISK
UPI,INSUFFICIENT_FUNDS,1508,2,2,0.46,0,0,1,CUSTOMER_ACTION
UPI,NETWORK_ERROR,20093,4,1,0.19,11,0,1,TRANSIENT
UPI,BANK_TIMEOUT,8671,2,1,0.27,22,1,1,TRANSIENT
UPI,EXPIRED_CARD,40472,2,4,0.15,4,1,0,PERMANENT
CARD,GATEWAY_TIMEOUT,8387,4,1,0.37,15,0,0,TRANSIENT
CARD,INVALID_ACCOUNT,34106,4,1,0.17,11,1,1,PERMANENT
NETBANKING,INVALID_ACCOUNT,26376,1,1,0.12,6,1,0,PERMANENT
CARD,EXPIRED_CARD,27954,4,4,0.09,11,1,0,PERMANENT
CARD,INSUFFICIENT_FUNDS,29231,3,1,0.3,14,1,1,CUSTOMER_ACTION
CARD,ACCOUNT_BLOCKED,26901,3,3,0.17,12,0,0,PERMANENT
CARD,EXPIRED_CARD,42393,1,2,0.45,9,0,1,PERMANENT
UPI,INSUFFICIENT_FUNDS,4775,3,0,0.28,10,0,1,CUSTOMER_ACTION
NETBANKING,FRAUD_SUSPECTED,44896,3,1,0.36,4,1,0,RISK
CARD,FRAUD_SUSPECTED,26564,4,4,0.38,0,1,0,RISK
UPI,EXPIRED_CARD,47504,2,3,0.12,18,1,1,PERMANENT
CARD,FRAUD_SUSPECTED,12410,4,5,0.21,14,1,0,RISK
NETBANKING,FRAUD_SUSPECTED,8511,3,5,0.01,21,1,1,RISK
CARD,CARD_DECLINED,45042,4,5,0.27,10,0,0,CUSTOMER_ACTION
CARD,INSUFFICIENT_FUNDS,37336,4,3,0.11,12,0,1,CUSTOMER_ACTION
UPI,CARD_DECLINED,21650,4,5,0.45,2,0,0,CUSTOMER_ACTION
NETBANKING,INSUFFICIENT_FUNDS,39642,4,0,0.1,2,1,1,CUSTOMER_ACTION
CARD,INSUFFICIENT_FUNDS,43325,1,3,0.04,16,0,0,CUSTOMER_ACTION
CARD,FRAUD_SUSPECTED,10391,1,1,0.27,15,0,1,RISK
UPI,INSUFFICIENT_FUNDS,20400,4,5,0.34,5,1,0,CUSTOMER_ACTION
UPI,INVALID_ACCOUNT,587,2,3,0.04,12,0,1,PERMANENT
CARD,ACCOUNT_BLOCKED,37857,1,5,0.05,20,1,1,PERMANENT
NETBANKING,FRAUD_SUSPECTED,11577,4,1,0.1,19,1,1,RISK
NETBANKING,EXPIRED_CARD,37364,1,3,0.35,1,0,0,PERMANENT
NETBANKING,FRAUD_SUSPECTED,4474,2,3,0.21,17,0,1,RISK
NETBANKING,BANK_TIMEOUT,21465,4,3,0.09,6,0,1,TRANSIENT
NETBANKING,BANK_TIMEOUT,45613,4,3,0.18,12,0,1,TRANSIENT
CARD,BANK_TIMEOUT,7615,2,2,0.34,14,1,1,TRANSIENT
NETBANKING,BANK_TIMEOUT,43158,2,5,0.48,4,1,1,TRANSIENT
UPI,INSUFFICIENT_FUNDS,39879,1,1,0.15,17,1,0,CUSTOMER_ACTION
UPI,GATEWAY_TIMEOUT,44492,3,1,0.23,5,0,0,TRANSIENT
NETBANKING,CARD_DECLINED,3229,1,3,0.35,14,0,0,CUSTOMER_ACTION
UPI,NETWORK_ERROR,16464,3,1,0.11,0,1,0,TRANSIENT
UPI,NETWORK_ERROR,44661,1,1,0.48,3,0,0,TRANSIENT
NETBANKING,NETWORK_ERROR,7157,3,2,0.29,6,0,1,TRANSIENT
UPI,INVALID_CARD,14110,1,2,0.17,0,1,1,PERMANENT
UPI,NETWORK_ERROR,30166,2,0,0.33,8,1,0,TRANSIENT
CARD,BANK_TIMEOUT,19861,4,0,0.36,18,0,1,TRANSIENT
CARD,GATEWAY_TIMEOUT,41444,4,5,0.46,22,0,1,TRANSIENT
NETBANKING,CARD_DECLINED,31696,1,2,0.02,18,1,1,CUSTOMER_ACTION
UPI,INSUFFICIENT_FUNDS,1490,1,2,0.13,13,0,0,CUSTOMER_ACTION
CARD,BANK_TIMEOUT,32784,3,1,0.08,6,0,0,TRANSIENT
UPI,INVALID_ACCOUNT,18327,3,5,0.4,1,1,1,PERMANENT
NETBANKING,BANK_TIMEOUT,21810,3,1,0.11,1,0,0,TRANSIENT
UPI,INVALID_ACCOUNT,29090,1,0,0.44,2,0,0,PERMANENT
UPI,INSUFFICIENT_FUNDS,6113,2,4,0.28,6,0,0,CUSTOMER_ACTION
CARD,ACCOUNT_BLOCKED,10858,2,1,0.22,19,0,1,PERMANENT
NETBANKING,FRAUD_SUSPECTED,13299,3,3,0.05,11,1,1,RISK
CARD,CARD_DECLINED,27801,4,1,0.41,15,0,1,CUSTOMER_ACTION
CARD,INVALID_CARD,39105,2,4,0.37,8,1,1,PERMANENT
CARD,FRAUD_SUSPECTED,24685,4,0,0.17,22,1,0,RISK
UPI,INSUFFICIENT_FUNDS,941,3,3,0.21,13,1,1,CUSTOMER_ACTION
CARD,ACCOUNT_BLOCKED,42111,1,3,0.44,3,1,0,PERMANENT
CARD,CARD_DECLINED,49355,3,4,0.36,20,1,0,CUSTOMER_ACTION
NETBANKING,ACCOUNT_BLOCKED,16273,2,3,0.03,11,0,0,PERMANENT
NETBANKING,FRAUD_SUSPECTED,9757,3,1,0.31,21,0,0,RISK
NETBANKING,BANK_TIMEOUT,46736,4,3,0.36,2,0,1,TRANSIENT
CARD,CARD_DECLINED,45440,3,4,0.48,21,1,1,CUSTOMER_ACTION
UPI,INVALID_CARD,41792,3,1,0.14,6,1,1,PERMANENT
CARD,BANK_TIMEOUT,203,1,0,0.39,13,1,1,TRANSIENT
UPI,EXPIRED_CARD,24653,2,5,0.08,15,0,0,PERMANENT
UPI,EXPIRED_CARD,13268,1,5,0.1,6,1,1,PERMANENT
NETBANKING,INVALID_CARD,10987,1,2,0.05,3,1,0,PERMANENT
NETBANKING,FRAUD_SUSPECTED,15486,4,3,0.34,3,0,0,RISK
NETBANKING,FRAUD_SUSPECTED,38271,1,0,0.11,0,1,1,RISK
CARD,ACCOUNT_BLOCKED,39708,4,2,0.19,10,1,0,PERMANENT
CARD,FRAUD_SUSPECTED,40129,1,2,0.44,3,0,1,RISK
UPI,EXPIRED_CARD,39546,1,4,0.15,22,0,1,PERMANENT
NETBANKING,ACCOUNT_BLOCKED,27174,2,0,0.49,10,0,1,PERMANENT
CARD,GATEWAY_TIMEOUT,44528,4,1,0.31,12,0,1,TRANSIENT
NETBANKING,ACCOUNT_BLOCKED,45942,1,5,0.2,19,0,0,PERMANENT
CARD,BANK_TIMEOUT,5807,3,5,0.5,14,0,1,TRANSIENT
NETBANKING,NETWORK_ERROR,35533,2,1,0.11,21,0,0,TRANSIENT
UPI,INVALID_CARD,21497,4,2,0.12,8,1,0,PERMANENT
UPI,CARD_DECLINED,45436,3,1,0.47,19,0,1,CUSTOMER_ACTION
NETBANKING,ACCOUNT_BLOCKED,42180,4,1,0.12,3,1,0,PERMANENT
CARD,BANK_TIMEOUT,48634,2,5,0.47,18,1,0,TRANSIENT
NETBANKING,FRAUD_SUSPECTED,48394,1,2,0.04,17,0,1,RISK
CARD,INVALID_ACCOUNT,44618,2,4,0.34,18,0,0,PERMANENT
NETBANKING,INVALID_CARD,30286,3,1,0.41,9,0,1,PERMANENT
NETBANKING,EXPIRED_CARD,18672,2,5,0.34,22,0,1,PERMANENT
CARD,FRAUD_SUSPECTED,46402,4,5,0.42,15,1,1,RISK
UPI,NETWORK_ERROR,47073,2,5,0.47,7,0,0,TRANSIENT
CARD,ACCOUNT_BLOCKED,43304,2,0,0.28,10,1,1,PERMANENT
CARD,FRAUD_SUSPECTED,4807,3,2,0.35,6,1,0,RISK
NETBANKING,CARD_DECLINED,3647,3,3,0.33,18,0,1,CUSTOMER_ACTION
UPI,INVALID_ACCOUNT,13847,2,5,0.11,20,0,1,PERMANENT
UPI,GATEWAY_TIMEOUT,24777,4,5,0.42,1,0,1,TRANSIENT
UPI,EXPIRED_CARD,7790,3,4,0.22,4,1,0,PERMANENT
UPI,BANK_TIMEOUT,26094,4,2,0.35,5,1,0,TRANSIENT
CARD,ACCOUNT_BLOCKED,41540,4,2,0.02,3,0,0,PERMANENT
UPI,EXPIRED_CARD,38559,4,2,0.35,3,0,1,PERMANENT
CARD,ACCOUNT_BLOCKED,37548,2,0,0.17,22,0,1,PERMANENT
NETBANKING,NETWORK_ERROR,35254,4,0,0.26,18,0,0,TRANSIENT
NETBANKING,BANK_TIMEOUT,45661,2,0,0.28,10,0,0,TRANSIENT
NETBANKING,INSUFFICIENT_FUNDS,10665,1,4,0.14,1,0,0,CUSTOMER_ACTION
NETBANKING,FRAUD_SUSPECTED,11346,4,5,0.01,9,0,1,RISK
NETBANKING,EXPIRED_CARD,32241,3,4,0.46,11,0,0,PERMANENT
UPI,BANK_TIMEOUT,12425,2,2,0.43,6,0,0,TRANSIENT
UPI,FRAUD_SUSPECTED,47882,4,0,0.28,8,1,0,RISK
UPI,ACCOUNT_BLOCKED,16757,4,5,0.08,6,0,1,PERMANENT
NETBANKING,CARD_DECLINED,43177,2,3,0.41,10,1,1,CUSTOMER_ACTION
UPI,GATEWAY_TIMEOUT,5180,3,0,0.27,21,1,0,TRANSIENT
CARD,FRAUD_SUSPECTED,21957,3,1,0.44,7,1,0,RISK
UPI,NETWORK_ERROR,24914,1,0,0.1,23,1,1,TRANSIENT
CARD,GATEWAY_TIMEOUT,46005,3,4,0.14,3,0,0,TRANSIENT
UPI,FRAUD_SUSPECTED,22721,4,3,0.3,8,0,0,RISK
CARD,INSUFFICIENT_FUNDS,37295,3,0,0.46,20,1,0,CUSTOMER_ACTION
UPI,ACCOUNT_BLOCKED,28867,3,3,0.26,8,1,0,PERMANENT
CARD,FRAUD_SUSPECTED,26741,3,0,0.32,2,0,0,RISK
UPI,INSUFFICIENT_FUNDS,48820,3,4,0.47,0,1,0,CUSTOMER_ACTION
NETBANKING,ACCOUNT_BLOCKED,45000,1,3,0.02,6,0,1,PERMANENT
NETBANKING,FRAUD_SUSPECTED,43430,1,4,0.23,5,0,0,RISK
UPI,NETWORK_ERROR,33764,3,0,0.22,12,0,1,TRANSIENT
NETBANKING,NETWORK_ERROR,16468,1,2,0.16,9,1,0,TRANSIENT
NETBANKING,GATEWAY_TIMEOUT,37379,4,1,0.46,20,0,1,TRANSIENT
CARD,INVALID_CARD,486,4,2,0.16,3,0,1,PERMANENT
CARD,CARD_DECLINED,680,1,3,0.25,2,0,1,CUSTOMER_ACTION
UPI,NETWORK_ERROR,10299,3,1,0.24,11,1,1,TRANSIENT
NETBANKING,EXPIRED_CARD,17760,1,3,0.33,14,0,0,PERMANENT
UPI,FRAUD_SUSPECTED,23642,2,0,0.1,1,0,1,RISK
UPI,INVALID_ACCOUNT,10606,2,3,0.48,8,0,1,PERMANENT
NETBANKING,ACCOUNT_BLOCKED,46913,2,2,0.38,12,1,0,PERMANENT
UPI,BANK_TIMEOUT,8365,2,2,0.26,21,0,0,TRANSIENT
NETBANKING,FRAUD_SUSPECTED,48428,1,3,0.25,9,1,0,RISK
NETBANKING,EXPIRED_CARD,10093,2,1,0.15,3,1,0,PERMANENT
CARD,EXPIRED_CARD,46398,1,5,0.37,19,0,0,PERMANENT
UPI,INSUFFICIENT_FUNDS,8770,4,0,0.14,6,0,1,CUSTOMER_ACTION
UPI,GATEWAY_TIMEOUT,6059,1,3,0.21,9,0,0,TRANSIENT
CARD,FRAUD_SUSPECTED,4120,4,5,0.04,3,1,1,RISK
NETBANKING,FRAUD_SUSPECTED,27498,2,2,0.45,5,0,0,RISK
NETBANKING,GATEWAY_TIMEOUT,21178,2,2,0.24,19,0,1,TRANSIENT
CARD,CARD_DECLINED,23927,3,2,0.06,21,0,0,CUSTOMER_ACTION
NETBANKING,FRAUD_SUSPECTED,23783,3,1,0.33,6,1,0,RISK
NETBANKING,BANK_TIMEOUT,48766,1,0,0.3,20,0,0,TRANSIENT
UPI,INVALID_CARD,35920,3,2,0.37,6,0,0,PERMANENT
CARD,INSUFFICIENT_FUNDS,36177,3,4,0.49,11,1,0,CUSTOMER_ACTION
CARD,INVALID_CARD,27559,1,1,0.3,22,0,1,PERMANENT
UPI,GATEWAY_TIMEOUT,45569,2,5,0.41,15,0,0,TRANSIENT
NETBANKING,ACCOUNT_BLOCKED,25675,4,4,0.14,5,0,0,PERMANENT
NETBANKING,INSUFFICIENT_FUNDS,29947,3,2,0.43,9,1,0,CUSTOMER_ACTION
UPI,INSUFFICIENT_FUNDS,35067,2,2,0.03,4,1,0,CUSTOMER_ACTION
NETBANKING,FRAUD_SUSPECTED,16418,2,4,0.07,20,1,1,RISK
NETBANKING,FRAUD_SUSPECTED,36097,3,5,0.08,19,1,1,RISK
UPI,GATEWAY_TIMEOUT,23396,2,5,0.48,5,1,0,TRANSIENT
NETBANKING,GATEWAY_TIMEOUT,45196,4,5,0.14,20,0,1,TRANSIENT
CARD,CARD_DECLINED,13464,4,1,0.23,23,1,1,CUSTOMER_ACTION
UPI,CARD_DECLINED,32603,2,3,0.1,5,0,1,CUSTOMER_ACTION
UPI,CARD_DECLINED,20426,2,1,0.41,21,0,0,CUSTOMER_ACTION
CARD,INSUFFICIENT_FUNDS,16172,4,5,0.49,3,0,0,CUSTOMER_ACTION
CARD,NETWORK_ERROR,1457,1,0,0.38,20,0,0,TRANSIENT
CARD,INSUFFICIENT_FUNDS,9447,1,0,0.48,3,1,0,CUSTOMER_ACTION
CARD,INSUFFICIENT_FUNDS,49885,4,1,0.16,15,0,0,CUSTOMER_ACTION
NETBANKING,GATEWAY_TIMEOUT,17628,1,0,0.41,3,1,0,TRANSIENT
UPI,EXPIRED_CARD,14800,1,1,0.22,4,1,1,PERMANENT
NETBANKING,CARD_DECLINED,46948,1,3,0.09,3,0,0,CUSTOMER_ACTION
UPI,FRAUD_SUSPECTED,40450,3,0,0.19,2,0,0,RISK
NETBANKING,CARD_DECLINED,22044,2,5,0.22,21,1,1,CUSTOMER_ACTION
CARD,FRAUD_SUSPECTED,32818,3,2,0.41,22,0,0,RISK
CARD,INSUFFICIENT_FUNDS,9784,4,3,0.36,15,0,0,CUSTOMER_ACTION
UPI,INVALID_ACCOUNT,6027,3,1,0.1,12,1,1,PERMANENT
CARD,ACCOUNT_BLOCKED,45544,4,4,0.4,10,0,0,PERMANENT
NETBANKING,ACCOUNT_BLOCKED,32678,4,4,0.27,7,1,0,PERMANENT
NETBANKING,EXPIRED_CARD,5818,2,2,0.01,0,1,1,PERMANENT
UPI,INSUFFICIENT_FUNDS,22994,3,1,0.15,4,1,0,CUSTOMER_ACTION
UPI,INSUFFICIENT_FUNDS,49055,2,0,0.48,22,0,1,CUSTOMER_ACTION
CARD,GATEWAY_TIMEOUT,24458,1,5,0.06,18,0,1,TRANSIENT
UPI,INSUFFICIENT_FUNDS,24036,2,0,0.13,0,1,0,CUSTOMER_ACTION
NETBANKING,CARD_DECLINED,9282,3,3,0.21,10,1,0,CUSTOMER_ACTION
UPI,FRAUD_SUSPECTED,4032,1,4,0.38,16,0,0,RISK
NETBANKING,ACCOUNT_BLOCKED,29872,3,4,0.26,22,0,1,PERMANENT
UPI,CARD_DECLINED,34277,4,1,0.37,12,0,0,CUSTOMER_ACTION
NETBANKING,EXPIRED_CARD,36753,1,5,0.24,10,1,1,PERMANENT
CARD,INSUFFICIENT_FUNDS,42478,4,1,0.14,3,0,1,CUSTOMER_ACTION
UPI,FRAUD_SUSPECTED,18594,2,4,0.06,6,0,1,RISK
NETBANKING,INSUFFICIENT_FUNDS,2221,2,2,0.05,18,0,1,CUSTOMER_ACTION
CARD,BANK_TIMEOUT,6208,3,0,0.49,9,1,0,TRANSIENT
NETBANKING,FRAUD_SUSPECTED,23420,2,5,0.34,10,1,0,RISK
NETBANKING,INSUFFICIENT_FUNDS,25142,4,4,0.44,1,1,0,CUSTOMER_ACTION
UPI,CARD_DECLINED,41122,1,5,0.12,6,0,0,CUSTOMER_ACTION
UPI,FRAUD_SUSPECTED,22318,3,2,0.32,13,0,1,RISK
NETBANKING,INSUFFICIENT_FUNDS,39872,1,1,0.29,15,0,0,CUSTOMER_ACTION
NETBANKING,CARD_DECLINED,5812,4,0,0.23,5,1,0,CUSTOMER_ACTION
NETBANKING,NETWORK_ERROR,23911,3,0,0.04,22,1,1,TRANSIENT
CARD,INVALID_ACCOUNT,42717,2,0,0.49,15,0,1,PERMANENT
CARD,FRAUD_SUSPECTED,40711,2,3,0.19,19,1,1,RISK
CARD,GATEWAY_TIMEOUT,33257,4,2,0.44,21,0,0,TRANSIENT
UPI,INSUFFICIENT_FUNDS,7000,3,3,0.09,12,0,0,CUSTOMER_ACTION
NETBANKING,ACCOUNT_BLOCKED,6227,3,3,0.24,17,1,0,PERMANENT
NETBANKING,BANK_TIMEOUT,7200,4,3,0.11,10,0,1,TRANSIENT
UPI,FRAUD_SUSPECTED,46125,4,0,0.15,1,0,1,RISK
CARD,INSUFFICIENT_FUNDS,37337,1,4,0.39,1,1,1,CUSTOMER_ACTION
UPI,EXPIRED_CARD,13960,1,5,0.22,8,0,0,PERMANENT
CARD,INSUFFICIENT_FUNDS,26646,1,2,0.44,14,1,0,CUSTOMER_ACTION
UPI,FRAUD_SUSPECTED,6158,4,2,0.48,9,0,0,RISK
CARD,FRAUD_SUSPECTED,31262,2,5,0.22,22,1,0,RISK
NETBANKING,INSUFFICIENT_FUNDS,43875,2,2,0.34,23,1,0,CUSTOMER_ACTION
UPI,CARD_DECLINED,32831,3,0,0.4,21,1,1,CUSTOMER_ACTION
UPI,NETWORK_ERROR,41669,4,5,0.49,3,0,0,TRANSIENT
NETBANKING,CARD_DECLINED,35888,2,4,0.2,11,0,0,CUSTOMER_ACTION
CARD,NETWORK_ERROR,1161,3,2,0.26,3,1,1,TRANSIENT
CARD,ACCOUNT_BLOCKED,23182,4,4,0.49,10,0,0,PERMANENT
CARD,ACCOUNT_BLOCKED,11693,2,4,0.22,9,1,1,PERMANENT
UPI,BANK_TIMEOUT,5974,1,4,0.47,3,1,0,TRANSIENT
NETBANKING,INVALID_CARD,19099,4,1,0.12,14,1,0,PERMANENT
UPI,CARD_DECLINED,23077,4,3,0.45,20,1,0,CUSTOMER_ACTION
NETBANKING,FRAUD_SUSPECTED,18686,3,5,0.14,13,0,0,RISK
UPI,INVALID_CARD,1820,2,2,0.42,16,1,1,PERMANENT
UPI,CARD_DECLINED,36520,4,1,0.31,12,0,1,CUSTOMER_ACTION
NETBANKING,CARD_DECLINED,11484,4,2,0.26,13,0,0,CUSTOMER_ACTION
NETBANKING,INSUFFICIENT_FUNDS,37909,4,5,0.46,17,0,1,CUSTOMER_ACTION
UPI,INSUFFICIENT_FUNDS,1780,4,0,0.32,18,0,0,CUSTOMER_ACTION
CARD,GATEWAY_TIMEOUT,1757,2,3,0.32,11,0,0,TRANSIENT
UPI,CARD_DECLINED,35189,2,5,0.39,12,1,0,CUSTOMER_ACTION
UPI,FRAUD_SUSPECTED,41219,1,5,0.49,3,0,1,RISK
UPI,BANK_TIMEOUT,18611,3,1,0.06,15,1,0,TRANSIENT
CARD,INVALID_CARD,1538,4,0,0.25,20,0,0,PERMANENT
CARD,ACCOUNT_BLOCKED,41620,4,1,0.1,0,0,0,PERMANENT
CARD,NETWORK_ERROR,31813,1,1,0.27,8,0,0,TRANSIENT
UPI,GATEWAY_TIMEOUT,34047,2,1,0.43,3,0,0,TRANSIENT
UPI,FRAUD_SUSPECTED,5568,2,2,0.14,6,0,1,RISK
NETBANKING,FRAUD_SUSPECTED,32592,4,4,0.47,6,1,0,RISK
CARD,CARD_DECLINED,6843,3,1,0.4,23,1,1,CUSTOMER_ACTION
NETBANKING,ACCOUNT_BLOCKED,49060,3,2,0.32,19,1,1,PERMANENT
CARD,CARD_DECLINED,41564,1,3,0.09,1,1,1,CUSTOMER_ACTION
CARD,FRAUD_SUSPECTED,2062,1,1,0.41,13,0,1,RISK
UPI,INSUFFICIENT_FUNDS,43154,3,2,0.08,10,0,0,CUSTOMER_ACTION
NETBANKING,FRAUD_SUSPECTED,21652,2,3,0.29,10,0,0,RISK
NETBANKING,INVALID_ACCOUNT,14005,2,0,0.28,22,0,1,PERMANENT
CARD,INVALID_ACCOUNT,13085,2,0,0.4,15,0,1,PERMANENT
UPI,INVALID_CARD,29773,2,4,0.17,12,0,0,PERMANENT
NETBANKING,FRAUD_SUSPECTED,37832,1,3,0.15,12,0,0,RISK
UPI,FRAUD_SUSPECTED,30894,1,3,0.36,8,1,1,RISK
NETBANKING,INVALID_CARD,20624,4,4,0.03,9,1,1,PERMANENT
NETBANKING,NETWORK_ERROR,6833,1,1,0.03,0,0,0,TRANSIENT
UPI,FRAUD_SUSPECTED,11253,1,1,0.36,11,0,0,RISK
UPI,FRAUD_SUSPECTED,3245,3,0,0.14,22,1,1,RISK
NETBANKING,INSUFFICIENT_FUNDS,30292,1,1,0.17,4,1,1,CUSTOMER_ACTION
NETBANKING,GATEWAY_TIMEOUT,15862,4,5,0.25,8,1,1,TRANSIENT
CARD,INSUFFICIENT_FUNDS,19514,1,2,0.28,7,0,0,CUSTOMER_ACTION
UPI,NETWORK_ERROR,14024,1,5,0.12,12,0,1,TRANSIENT
UPI,NETWORK_ERROR,38800,3,2,0.36,20,0,0,TRANSIENT
CARD,INSUFFICIENT_FUNDS,25369,4,4,0.26,12,0,0,CUSTOMER_ACTION
UPI,FRAUD_SUSPECTED,45075,3,4,0.33,4,1,0,RISK
UPI,BANK_TIMEOUT,30302,2,2,0.02,21,1,1,TRANSIENT
NETBANKING,FRAUD_SUSPECTED,5609,3,3,0.11,12,1,1,RISK
CARD,NETWORK_ERROR,24333,1,0,0.33,23,1,0,TRANSIENT
CARD,FRAUD_SUSPECTED,11676,3,4,0.31,16,1,0,RISK
UPI,GATEWAY_TIMEOUT,7379,2,0,0.04,1,1,0,TRANSIENT
UPI,GATEWAY_TIMEOUT,18152,2,4,0.35,12,1,1,TRANSIENT
NETBANKING,BANK_TIMEOUT,45430,3,3,0.11,6,1,1,TRANSIENT
UPI,FRAUD_SUSPECTED,12229,4,5,0.16,22,0,0,RISK
UPI,FRAUD_SUSPECTED,12377,3,3,0.08,0,1,1,RISK
UPI,FRAUD_SUSPECTED,17390,1,1,0.34,0,1,1,RISK
UPI,NETWORK_ERROR,31070,1,0,0.41,18,1,0,TRANSIENT
UPI,INSUFFICIENT_FUNDS,6653,3,5,0.17,15,1,1,CUSTOMER_ACTION
CARD,INVALID_ACCOUNT,30164,1,2,0.16,10,1,0,PERMANENT
UPI,FRAUD_SUSPECTED,26990,2,5,0.5,11,1,0,RISK
CARD,CARD_DECLINED,13620,1,1,0.46,12,0,1,CUSTOMER_ACTION
CARD,EXPIRED_CARD,44603,3,2,0.2,13,1,1,PERMANENT
NETBANKING,INSUFFICIENT_FUNDS,34183,3,4,0.07,14,1,1,CUSTOMER_ACTION
CARD,BANK_TIMEOUT,45026,2,3,0.34,16,1,0,TRANSIENT
CARD,FRAUD_SUSPECTED,4334,3,0,0.23,6,1,0,RISK
CARD,NETWORK_ERROR,433,4,2,0.33,0,0,1,TRANSIENT
CARD,CARD_DECLINED,32998,2,0,0.36,4,0,1,CUSTOMER_ACTION
UPI,NETWORK_ERROR,2206,4,2,0.13,21,1,1,TRANSIENT
CARD,INVALID_CARD,19893,3,1,0.29,21,1,0,PERMANENT
UPI,CARD_DECLINED,27383,2,2,0.16,9,1,0,CUSTOMER_ACTION
UPI,ACCOUNT_BLOCKED,9183,4,5,0.16,21,1,1,PERMANENT
CARD,FRAUD_SUSPECTED,27658,4,3,0.02,17,0,1,RISK
NETBANKING,BANK_TIMEOUT,19917,2,4,0.26,4,1,0,TRANSIENT
CARD,EXPIRED_CARD,44014,1,3,0.41,16,1,0,PERMANENT
CARD,BANK_TIMEOUT,42690,1,2,0.3,9,1,1,TRANSIENT
NETBANKING,BANK_TIMEOUT,38413,1,5,0.11,4,1,0,TRANSIENT
CARD,INSUFFICIENT_FUNDS,41272,3,5,0.49,0,1,0,CUSTOMER_ACTION
UPI,BANK_TIMEOUT,10128,1,4,0.06,6,0,1,TRANSIENT
CARD,GATEWAY_TIMEOUT,25705,1,0,0.16,15,0,0,TRANSIENT
NETBANKING,FRAUD_SUSPECTED,40546,1,3,0.08,0,0,0,RISK
NETBANKING,INSUFFICIENT_FUNDS,48705,2,3,0.25,9,0,1,CUSTOMER_ACTION
CARD,FRAUD_SUSPECTED,25385,1,3,0.21,13,0,0,RISK
UPI,FRAUD_SUSPECTED,37076,4,0,0.29,1,1,0,RISK
CARD,FRAUD_SUSPECTED,47486,4,2,0.01,5,1,0,RISK
NETBANKING,FRAUD_SUSPECTED,4213,2,5,0.08,20,1,1,RISK
NETBANKING,CARD_DECLINED,19952,4,0,0.46,20,1,1,CUSTOMER_ACTION
NETBANKING,EXPIRED_CARD,46532,3,1,0.35,18,1,1,PERMANENT
UPI,BANK_TIMEOUT,48129,2,1,0.06,3,1,1,TRANSIENT
NETBANKING,FRAUD_SUSPECTED,15606,1,1,0.37,12,1,0,RISK
CARD,GATEWAY_TIMEOUT,7602,1,5,0.05,11,0,0,TRANSIENT
NETBANKING,FRAUD_SUSPECTED,29559,4,1,0.49,18,0,0,RISK
CARD,FRAUD_SUSPECTED,44589,3,1,0.11,5,1,0,RISK
UPI,GATEWAY_TIMEOUT,41329,1,1,0.03,4,0,1,TRANSIENT
CARD,INVALID_CARD,12244,4,1,0.42,18,1,1,PERMANENT
UPI,FRAUD_SUSPECTED,28862,4,5,0.19,2,0,0,RISK
UPI,FRAUD_SUSPECTED,32783,2,0,0.3,10,0,0,RISK
CARD,FRAUD_SUSPECTED,46189,3,0,0.44,5,1,0,RISK
CARD,CARD_DECLINED,40643,1,4,0.35,3,1,1,CUSTOMER_ACTION
CARD,BANK_TIMEOUT,27717,3,1,0.17,1,0,0,TRANSIENT
UPI,FRAUD_SUSPECTED,32445,1,4,0.45,22,0,1,RISK
NETBANKING,NETWORK_ERROR,48550,1,4,0.24,4,1,0,TRANSIENT
CARD,BANK_TIMEOUT,33366,2,5,0.18,15,1,0,TRANSIENT
UPI,BANK_TIMEOUT,12956,4,5,0.34,0,1,0,TRANSIENT
NETBANKING,ACCOUNT_BLOCKED,8307,4,5,0.22,4,0,1,PERMANENT
CARD,GATEWAY_TIMEOUT,23154,2,2,0.22,1,0,0,TRANSIENT
UPI,GATEWAY_TIMEOUT,14984,4,5,0.38,17,0,0,TRANSIENT
UPI,INSUFFICIENT_FUNDS,3812,2,3,0.1,1,1,1,CUSTOMER_ACTION
UPI,CARD_DECLINED,39822,4,3,0.33,21,0,0,CUSTOMER_ACTION
CARD,FRAUD_SUSPECTED,46319,3,1,0.23,9,1,1,RISK
CARD,CARD_DECLINED,45829,1,0,0.18,13,1,1,CUSTOMER_ACTION
UPI,BANK_TIMEOUT,34243,2,2,0.37,6,0,1,TRANSIENT
UPI,INSUFFICIENT_FUNDS,45866,4,5,0.38,3,0,1,CUSTOMER_ACTION
CARD,NETWORK_ERROR,38650,4,2,0.42,2,0,1,TRANSIENT
UPI,ACCOUNT_BLOCKED,25173,4,3,0.03,6,1,0,PERMANENT
NETBANKING,INVALID_CARD,20098,1,4,0.38,0,1,1,PERMANENT
CARD,INSUFFICIENT_FUNDS,47665,4,3,0.39,23,0,0,CUSTOMER_ACTION
NETBANKING,INVALID_ACCOUNT,30476,4,4,0.36,16,1,0,PERMANENT
NETBANKING,ACCOUNT_BLOCKED,15712,2,0,0.15,21,1,0,PERMANENT
CARD,CARD_DECLINED,37526,4,0,0.31,11,1,1,CUSTOMER_ACTION
CARD,BANK_TIMEOUT,37353,3,2,0.43,14,1,0,TRANSIENT
CARD,INVALID_CARD,2525,3,3,0.32,17,0,1,PERMANENT
UPI,GATEWAY_TIMEOUT,18217,3,0,0.23,8,1,1,TRANSIENT
UPI,EXPIRED_CARD,41409,2,1,0.44,20,0,0,PERMANENT
UPI,GATEWAY_TIMEOUT,12175,4,4,0.17,17,0,0,TRANSIENT
UPI,FRAUD_SUSPECTED,44558,3,4,0.36,19,0,1,RISK
NETBANKING,BANK_TIMEOUT,29185,1,4,0.05,6,1,1,TRANSIENT
NETBANKING,INVALID_CARD,28049,3,1,0.02,19,1,1,PERMANENT
CARD,INVALID_ACCOUNT,19371,1,1,0.19,9,0,0,PERMANENT
UPI,GATEWAY_TIMEOUT,20619,3,1,0.2,18,0,0,TRANSIENT
UPI,INVALID_CARD,14818,4,4,0.37,16,0,1,PERMANENT
CARD,INVALID_ACCOUNT,12881,3,1,0.17,11,0,1,PERMANENT
NETBANKING,FRAUD_SUSPECTED,15897,4,5,0.48,13,1,0,RISK
CARD,FRAUD_SUSPECTED,42916,4,4,0.12,13,0,0,RISK
NETBANKING,CARD_DECLINED,38422,2,4,0.14,9,1,1,CUSTOMER_ACTION
CARD,BANK_TIMEOUT,27692,2,4,0.25,6,0,1,TRANSIENT
UPI,BANK_TIMEOUT,27535,3,4,0.36,15,0,0,TRANSIENT
UPI,NETWORK_ERROR,45322,2,0,0.07,16,1,1,TRANSIENT
CARD,FRAUD_SUSPECTED,45773,2,5,0.15,10,1,0,RISK
NETBANKING,BANK_TIMEOUT,23362,4,3,0.32,23,1,1,TRANSIENT
NETBANKING,EXPIRED_CARD,12122,1,1,0.45,18,1,1,PERMANENT
CARD,INVALID_ACCOUNT,11681,3,0,0.12,15,1,0,PERMANENT
CARD,INVALID_ACCOUNT,25270,3,1,0.48,1,0,1,PERMANENT
UPI,FRAUD_SUSPECTED,22863,3,1,0.07,8,1,1,RISK
CARD,INSUFFICIENT_FUNDS,17101,1,1,0.34,4,0,0,CUSTOMER_ACTION
NETBANKING,INSUFFICIENT_FUNDS,2704,2,0,0.25,0,1,0,CUSTOMER_ACTION
NETBANKING,FRAUD_SUSPECTED,29252,2,3,0.15,3,0,1,RISK
CARD,ACCOUNT_BLOCKED,5792,2,2,0.37,3,1,0,PERMANENT
CARD,INSUFFICIENT_FUNDS,10371,3,2,0.23,23,0,1,CUSTOMER_ACTION
UPI,NETWORK_ERROR,46309,3,1,0.42,21,0,0,TRANSIENT
NETBANKING,INSUFFICIENT_FUNDS,24755,2,5,0.11,15,0,1,CUSTOMER_ACTION
CARD,CARD_DECLINED,8737,2,5,0.44,16,0,0,CUSTOMER_ACTION
CARD,INVALID_CARD,36651,2,5,0.1,13,1,1,PERMANENT
CARD,CARD_DECLINED,34864,2,2,0.42,9,1,1,CUSTOMER_ACTION
NETBANKING,INVALID_ACCOUNT,31620,3,0,0.12,9,1,1,PERMANENT
NETBANKING,FRAUD_SUSPECTED,27943,1,1,0.24,10,0,1,RISK
CARD,EXPIRED_CARD,32158,4,5,0.13,9,1,0,PERMANENT
NETBANKING,INVALID_CARD,21280,3,5,0.17,12,1,1,PERMANENT
UPI,INVALID_ACCOUNT,17684,4,5,0.12,20,0,1,PERMANENT
UPI,ACCOUNT_BLOCKED,37619,2,4,0.11,20,0,1,PERMANENT
NETBANKING,INSUFFICIENT_FUNDS,1483,4,0,0.39,10,1,0,CUSTOMER_ACTION
UPI,GATEWAY_TIMEOUT,23830,2,1,0.42,12,0,1,TRANSIENT
CARD,CARD_DECLINED,27192,2,4,0.37,0,0,0,CUSTOMER_ACTION
CARD,GATEWAY_TIMEOUT,31878,1,1,0.15,0,0,0,TRANSIENT
NETBANKING,NETWORK_ERROR,8203,4,5,0.21,23,1,0,TRANSIENT
NETBANKING,BANK_TIMEOUT,47424,4,0,0.02,17,0,0,TRANSIENT
NETBANKING,EXPIRED_CARD,20559,3,3,0.26,0,1,1,PERMANENT
UPI,EXPIRED_CARD,17419,4,3,0.15,2,0,1,PERMANENT
CARD,FRAUD_SUSPECTED,46163,2,3,0.02,15,1,1,RISK
UPI,NETWORK_ERROR,37971,1,3,0.39,14,1,1,TRANSIENT
CARD,GATEWAY_TIMEOUT,21886,2,5,0.49,3,0,0,TRANSIENT
UPI,EXPIRED_CARD,9362,4,4,0.42,16,0,0,PERMANENT
CARD,INVALID_ACCOUNT,20511,3,1,0.03,22,1,0,PERMANENT
NETBANKING,FRAUD_SUSPECTED,32129,4,2,0.48,7,1,1,RISK
UPI,INVALID_CARD,27998,1,3,0.07,0,0,0,PERMANENT
CARD,INSUFFICIENT_FUNDS,7549,1,3,0.25,20,1,0,CUSTOMER_ACTION
UPI,ACCOUNT_BLOCKED,19547,1,3,0.5,23,1,1,PERMANENT
UPI,FRAUD_SUSPECTED,19118,2,4,0.48,11,1,1,RISK
CARD,EXPIRED_CARD,49039,2,1,0.27,15,0,1,PERMANENT
UPI,EXPIRED_CARD,30934,1,0,0.16,6,0,0,PERMANENT
UPI,INVALID_ACCOUNT,4104,4,4,0.09,11,0,1,PERMANENT
CARD,BANK_TIMEOUT,18724,4,4,0.37,11,1,1,TRANSIENT
NETBANKING,INSUFFICIENT_FUNDS,10089,1,5,0.12,5,1,0,CUSTOMER_ACTION
CARD,CARD_DECLINED,37826,3,5,0.44,21,1,0,CUSTOMER_ACTION
UPI,INSUFFICIENT_FUNDS,14284,1,4,0.08,5,1,0,CUSTOMER_ACTION
UPI,FRAUD_SUSPECTED,9076,4,3,0.34,10,1,0,RISK
CARD,CARD_DECLINED,25366,4,2,0.16,16,1,0,CUSTOMER_ACTION
NETBANKING,INSUFFICIENT_FUNDS,18301,2,3,0.28,15,1,0,CUSTOMER_ACTION
UPI,INVALID_ACCOUNT,1757,3,3,0.39,11,1,0,PERMANENT
CARD,CARD_DECLINED,11831,1,1,0.23,16,0,0,CUSTOMER_ACTION
UPI,FRAUD_SUSPECTED,24274,3,4,0.46,19,1,0,RISK
CARD,FRAUD_SUSPECTED,2978,3,2,0.32,18,0,1,RISK
UPI,ACCOUNT_BLOCKED,31127,1,0,0.19,19,0,0,PERMANENT
CARD,INSUFFICIENT_FUNDS,7926,1,3,0.32,1,1,0,CUSTOMER_ACTION
NETBANKING,FRAUD_SUSPECTED,40339,1,2,0.42,10,0,1,RISK
CARD,GATEWAY_TIMEOUT,27387,1,0,0.1,16,0,1,TRANSIENT
CARD,BANK_TIMEOUT,3016,3,4,0.11,16,1,0,TRANSIENT
CARD,NETWORK_ERROR,36836,3,0,0.18,18,0,1,TRANSIENT
UPI,BANK_TIMEOUT,12060,1,1,0.17,20,0,0,TRANSIENT
NETBANKING,BANK_TIMEOUT,24645,4,0,0.44,7,1,0,TRANSIENT
UPI,CARD_DECLINED,24958,3,1,0.15,18,1,1,CUSTOMER_ACTION
CARD,INSUFFICIENT_FUNDS,13156,2,2,0.14,14,1,0,CUSTOMER_ACTION
NETBANKING,INVALID_ACCOUNT,23929,3,5,0.27,20,0,0,PERMANENT
NETBANKING,EXPIRED_CARD,37371,2,5,0.22,20,1,0,PERMANENT
UPI,FRAUD_SUSPECTED,33737,2,2,0.12,8,0,0,RISK
UPI,CARD_DECLINED,30721,3,2,0.29,21,0,1,CUSTOMER_ACTION
CARD,GATEWAY_TIMEOUT,617,2,3,0.24,10,0,0,TRANSIENT
UPI,FRAUD_SUSPECTED,30694,2,0,0.23,19,1,1,RISK
UPI,ACCOUNT_BLOCKED,16652,3,4,0.18,21,1,1,PERMANENT
NETBANKING,BANK_TIMEOUT,7168,4,3,0.39,18,1,0,TRANSIENT
CARD,INSUFFICIENT_FUNDS,39215,2,4,0.38,4,1,0,CUSTOMER_ACTION
UPI,NETWORK_ERROR,22782,4,3,0.09,0,0,0,TRANSIENT
CARD,CARD_DECLINED,5367,2,1,0.43,13,0,0,CUSTOMER_ACTION
UPI,CARD_DECLINED,31383,2,2,0.06,17,1,0,CUSTOMER_ACTION
CARD,ACCOUNT_BLOCKED,46383,2,0,0.2,10,0,1,PERMANENT
NETBANKING,FRAUD_SUSPECTED,47965,4,4,0.2,2,1,1,RISK
NETBANKING,BANK_TIMEOUT,11775,2,2,0.19,16,0,1,TRANSIENT
UPI,GATEWAY_TIMEOUT,9149,4,1,0.03,9,1,0,TRANSIENT
NETBANKING,FRAUD_SUSPECTED,11888,4,1,0.15,12,1,0,RISK
UPI,FRAUD_SUSPECTED,10817,4,5,0.26,3,1,0,RISK
NETBANKING,FRAUD_SUSPECTED,26607,1,1,0.17,18,1,1,RISK
NETBANKING,NETWORK_ERROR,44021,4,3,0.39,9,1,1,TRANSIENT
CARD,GATEWAY_TIMEOUT,33003,3,3,0.36,17,1,0,TRANSIENT
NETBANKING,CARD_DECLINED,49881,4,5,0.05,0,1,1,CUSTOMER_ACTION
CARD,CARD_DECLINED,3281,4,2,0.03,15,1,1,CUSTOMER_ACTION
NETBANKING,GATEWAY_TIMEOUT,24302,3,3,0.18,9,0,1,TRANSIENT
CARD,CARD_DECLINED,27432,1,3,0.17,20,0,0,CUSTOMER_ACTION
NETBANKING,FRAUD_SUSPECTED,48510,4,1,0.1,17,0,0,RISK
CARD,CARD_DECLINED,18102,3,3,0.35,7,1,0,CUSTOMER_ACTION
CARD,NETWORK_ERROR,2609,2,4,0.49,20,0,1,TRANSIENT
NETBANKING,NETWORK_ERROR,49203,3,3,0.21,5,1,0,TRANSIENT
UPI,INVALID_CARD,37514,3,2,0.31,17,0,0,PERMANENT
UPI,FRAUD_SUSPECTED,49954,4,2,0.38,5,1,0,RISK
NETBANKING,EXPIRED_CARD,18772,3,0,0.21,0,1,0,PERMANENT
CARD,FRAUD_SUSPECTED,39361,3,0,0.12,0,1,0,RISK
CARD,GATEWAY_TIMEOUT,47820,4,4,0.22,19,1,1,TRANSIENT
CARD,INVALID_CARD,22421,3,2,0.41,4,1,1,PERMANENT
NETBANKING,INSUFFICIENT_FUNDS,25663,3,3,0.03,18,0,1,CUSTOMER_ACTION
UPI,FRAUD_SUSPECTED,49121,3,2,0.15,10,1,1,RISK
NETBANKING,BANK_TIMEOUT,38434,2,4,0.18,13,1,0,TRANSIENT
UPI,FRAUD_SUSPECTED,24694,2,3,0.31,3,0,1,RISK
UPI,INSUFFICIENT_FUNDS,37504,3,1,0.43,23,1,1,CUSTOMER_ACTION
CARD,FRAUD_SUSPECTED,39372,3,2,0.39,20,0,1,RISK
CARD,EXPIRED_CARD,32529,4,2,0.41,14,0,0,PERMANENT
UPI,INVALID_ACCOUNT,35008,3,3,0.33,21,0,1,PERMANENT
CARD,ACCOUNT_BLOCKED,12478,1,4,0.12,19,0,1,PERMANENT
NETBANKING,NETWORK_ERROR,16480,2,4,0.32,21,0,1,TRANSIENT
NETBANKING,GATEWAY_TIMEOUT,42968,4,4,0.26,6,0,1,TRANSIENT
UPI,FRAUD_SUSPECTED,31044,2,2,0.07,2,0,0,RISK
UPI,ACCOUNT_BLOCKED,44905,4,1,0.4,14,0,1,PERMANENT
CARD,INSUFFICIENT_FUNDS,47420,1,0,0.38,21,1,1,CUSTOMER_ACTION
CARD,INVALID_CARD,17141,1,5,0.39,20,0,1,PERMANENT
CARD,INVALID_CARD,26209,1,2,0.21,16,1,1,PERMANENT
UPI,BANK_TIMEOUT,17303,1,5,0.09,13,1,0,TRANSIENT
UPI,CARD_DECLINED,17434,1,2,0.32,2,1,1,CUSTOMER_ACTION
CARD,CARD_DECLINED,19452,4,2,0.4,22,1,1,CUSTOMER_ACTION
UPI,BANK_TIMEOUT,34295,3,0,0.12,11,1,1,TRANSIENT
NETBANKING,FRAUD_SUSPECTED,41642,3,3,0.36,21,1,0,RISK
NETBANKING,INSUFFICIENT_FUNDS,19258,4,2,0.32,0,0,1,CUSTOMER_ACTION
CARD,INSUFFICIENT_FUNDS,23965,4,3,0.31,5,1,0,CUSTOMER_ACTION
CARD,FRAUD_SUSPECTED,31901,2,4,0.25,15,1,0,RISK
UPI,NETWORK_ERROR,20370,2,1,0.08,19,0,0,TRANSIENT
CARD,FRAUD_SUSPECTED,37416,1,5,0.42,16,0,0,RISK
CARD,FRAUD_SUSPECTED,41151,1,2,0.26,8,0,0,RISK
UPI,EXPIRED_CARD,16881,2,5,0.47,7,0,1,PERMANENT
NETBANKING,INSUFFICIENT_FUNDS,17517,3,0,0.37,23,0,0,CUSTOMER_ACTION
UPI,FRAUD_SUSPECTED,15015,2,4,0.38,15,1,0,RISK
NETBANKING,NETWORK_ERROR,4887,2,3,0.07,2,1,0,TRANSIENT
NETBANKING,GATEWAY_TIMEOUT,14189,4,2,0.29,18,1,0,TRANSIENT
NETBANKING,EXPIRED_CARD,41710,4,0,0.13,13,1,1,PERMANENT
NETBANKING,CARD_DECLINED,31772,3,5,0.16,17,0,1,CUSTOMER_ACTION
NETBANKING,FRAUD_SUSPECTED,28938,1,1,0.25,10,1,1,RISK
UPI,INSUFFICIENT_FUNDS,49936,4,5,0.16,14,1,0,CUSTOMER_ACTION
UPI,INSUFFICIENT_FUNDS,14073,3,4,0.16,16,1,0,CUSTOMER_ACTION
NETBANKING,FRAUD_SUSPECTED,44132,2,2,0.09,12,0,0,RISK
NETBANKING,CARD_DECLINED,31149,4,5,0.14,8,1,1,CUSTOMER_ACTION
CARD,FRAUD_SUSPECTED,21970,3,5,0.16,9,1,1,RISK
CARD,INVALID_CARD,3724,4,2,0.33,4,1,1,PERMANENT
UPI,GATEWAY_TIMEOUT,13771,3,2,0.42,0,1,1,TRANSIENT
NETBANKING,INVALID_ACCOUNT,36798,2,1,0.31,14,1,0,PERMANENT
UPI,BANK_TIMEOUT,21430,4,5,0.3,1,1,1,TRANSIENT
NETBANKING,CARD_DECLINED,38511,4,0,0.06,20,1,1,CUSTOMER_ACTION
CARD,FRAUD_SUSPECTED,7376,4,1,0.44,2,1,1,RISK
NETBANKING,INSUFFICIENT_FUNDS,19685,2,4,0.05,7,1,1,CUSTOMER_ACTION
UPI,FRAUD_SUSPECTED,4556,3,2,0.45,14,0,0,RISK
UPI,FRAUD_SUSPECTED,30299,3,2,0.11,22,1,1,RISK
UPI,BANK_TIMEOUT,42189,4,3,0.2,15,0,0,TRANSIENT
NETBANKING,FRAUD_SUSPECTED,28752,1,4,0.44,10,1,1,RISK
NETBANKING,FRAUD_SUSPECTED,5051,1,4,0.39,17,0,0,RISK
UPI,EXPIRED_CARD,44923,4,2,0.24,23,0,1,PERMANENT
NETBANKING,BANK_TIMEOUT,37797,3,3,0.27,22,1,0,TRANSIENT
UPI,INVALID_ACCOUNT,40974,4,0,0.01,10,1,0,PERMANENT
NETBANKING,FRAUD_SUSPECTED,44306,3,4,0.23,21,0,1,RISK
UPI,INSUFFICIENT_FUNDS,13609,3,1,0.06,17,0,0,CUSTOMER_ACTION
CARD,FRAUD_SUSPECTED,20765,2,5,0.11,9,0,1,RISK
UPI,FRAUD_SUSPECTED,23387,1,1,0.44,14,0,1,RISK
NETBANKING,NETWORK_ERROR,48590,2,3,0.03,14,1,0,TRANSIENT
NETBANKING,CARD_DECLINED,8269,1,1,0.26,18,0,0,CUSTOMER_ACTION
CARD,INSUFFICIENT_FUNDS,48638,3,5,0.5,13,0,0,CUSTOMER_ACTION
CARD,GATEWAY_TIMEOUT,31424,3,4,0.06,14,0,0,TRANSIENT
CARD,ACCOUNT_BLOCKED,6657,3,2,0.47,2,1,1,PERMANENT
NETBANKING,INSUFFICIENT_FUNDS,42277,4,3,0.02,8,1,0,CUSTOMER_ACTION
UPI,INSUFFICIENT_FUNDS,37100,1,1,0.26,4,1,0,CUSTOMER_ACTION
UPI,GATEWAY_TIMEOUT,48586,3,2,0.31,5,1,0,TRANSIENT
NETBANKING,INSUFFICIENT_FUNDS,43921,2,2,0.44,3,0,0,CUSTOMER_ACTION
CARD,EXPIRED_CARD,26553,3,2,0.31,0,0,1,PERMANENT
UPI,NETWORK_ERROR,48265,2,3,0.03,12,0,0,TRANSIENT
CARD,BANK_TIMEOUT,14694,1,3,0.49,3,1,1,TRANSIENT
UPI,ACCOUNT_BLOCKED,39635,1,2,0.24,8,0,1,PERMANENT
CARD,FRAUD_SUSPECTED,32396,2,1,0.12,4,0,0,RISK
UPI,GATEWAY_TIMEOUT,47106,4,2,0.44,3,0,0,TRANSIENT
NETBANKING,FRAUD_SUSPECTED,43312,3,2,0.36,14,1,0,RISK
CARD,FRAUD_SUSPECTED,43432,2,4,0.37,1,1,0,RISK
UPI,INSUFFICIENT_FUNDS,9468,1,1,0.09,10,0,1,CUSTOMER_ACTION
UPI,INVALID_ACCOUNT,41303,4,3,0.5,14,1,1,PERMANENT
CARD,GATEWAY_TIMEOUT,43056,3,2,0.5,5,1,1,TRANSIENT
NETBANKING,ACCOUNT_BLOCKED,6424,3,4,0.14,11,1,0,PERMANENT
UPI,INSUFFICIENT_FUNDS,30078,1,0,0.28,9,0,1,CUSTOMER_ACTION
CARD,FRAUD_SUSPECTED,36360,1,4,0.1,16,0,0,RISK
UPI,INSUFFICIENT_FUNDS,48164,3,4,0.3,4,0,1,CUSTOMER_ACTION
CARD,INSUFFICIENT_FUNDS,10503,1,5,0.09,20,0,0,CUSTOMER_ACTION
CARD,EXPIRED_CARD,3305,4,2,0.2,16,1,1,PERMANENT
UPI,INVALID_ACCOUNT,47387,3,0,0.05,22,1,0,PERMANENT
CARD,BANK_TIMEOUT,9294,2,3,0.41,7,1,0,TRANSIENT
NETBANKING,ACCOUNT_BLOCKED,12772,2,2,0.04,8,0,1,PERMANENT
NETBANKING,GATEWAY_TIMEOUT,38499,2,1,0.23,21,1,1,TRANSIENT
UPI,GATEWAY_TIMEOUT,34219,3,4,0.06,20,1,0,TRANSIENT
UPI,INVALID_ACCOUNT,35571,4,1,0.04,23,1,1,PERMANENT
CARD,NETWORK_ERROR,7494,4,3,0.3,22,1,1,TRANSIENT
UPI,INSUFFICIENT_FUNDS,48056,3,1,0.44,21,1,1,CUSTOMER_ACTION
NETBANKING,INVALID_CARD,6993,3,5,0.37,8,1,1,PERMANENT
UPI,FRAUD_SUSPECTED,947,1,5,0.4,7,1,0,RISK
UPI,INVALID_ACCOUNT,46534,4,4,0.31,18,1,1,PERMANENT
UPI,GATEWAY_TIMEOUT,38788,1,4,0.06,7,1,1,TRANSIENT
CARD,INVALID_CARD,42507,4,3,0.29,16,0,1,PERMANENT
UPI,INVALID_CARD,37254,2,0,0.32,10,0,1,PERMANENT
NETBANKING,INVALID_CARD,30025,3,2,0.41,11,1,0,PERMANENT
UPI,FRAUD_SUSPECTED,21367,4,5,0.5,8,0,0,RISK
CARD,FRAUD_SUSPECTED,11375,4,0,0.17,19,0,1,RISK
NETBANKING,FRAUD_SUSPECTED,6026,4,2,0.31,20,0,1,RISK
NETBANKING,CARD_DECLINED,31913,3,2,0.4,11,0,0,CUSTOMER_ACTION
UPI,FRAUD_SUSPECTED,12538,3,4,0.35,17,1,0,RISK
UPI,INVALID_CARD,6218,1,5,0.3,21,1,1,PERMANENT
NETBANKING,CARD_DECLINED,23286,4,1,0.46,3,1,0,CUSTOMER_ACTION
CARD,FRAUD_SUSPECTED,2772,2,4,0.09,8,0,1,RISK
UPI,INSUFFICIENT_FUNDS,14900,4,5,0.41,4,0,1,CUSTOMER_ACTION
NETBANKING,INSUFFICIENT_FUNDS,31771,4,3,0.28,18,0,1,CUSTOMER_ACTION
NETBANKING,CARD_DECLINED,37813,4,5,0.14,11,1,1,CUSTOMER_ACTION
UPI,FRAUD_SUSPECTED,21081,3,0,0.48,4,1,0,RISK
NETBANKING,INSUFFICIENT_FUNDS,46522,4,4,0.16,19,0,1,CUSTOMER_ACTION
CARD,CARD_DECLINED,37734,1,3,0.31,15,1,0,CUSTOMER_ACTION
NETBANKING,INSUFFICIENT_FUNDS,29490,1,2,0.24,22,0,0,CUSTOMER_ACTION
NETBANKING,FRAUD_SUSPECTED,18193,3,5,0.02,19,1,1,RISK
UPI,CARD_DECLINED,43471,4,2,0.27,21,1,1,CUSTOMER_ACTION
UPI,CARD_DECLINED,35464,3,0,0.49,1,1,0,CUSTOMER_ACTION
UPI,GATEWAY_TIMEOUT,34819,4,5,0.09,6,0,0,TRANSIENT
NETBANKING,INSUFFICIENT_FUNDS,32538,1,2,0.05,12,1,1,CUSTOMER_ACTION
UPI,ACCOUNT_BLOCKED,22598,2,0,0.16,5,1,1,PERMANENT
UPI,INVALID_CARD,17172,4,1,0.12,20,0,1,PERMANENT
NETBANKING,INVALID_CARD,16993,1,4,0.04,17,0,1,PERMANENT
UPI,BANK_TIMEOUT,34776,1,0,0.17,9,0,1,TRANSIENT
UPI,BANK_TIMEOUT,41812,4,1,0.27,11,0,0,TRANSIENT
CARD,FRAUD_SUSPECTED,46392,2,4,0.08,14,0,0,RISK
CARD,NETWORK_ERROR,7163,3,5,0.1,16,0,0,TRANSIENT
NETBANKING,EXPIRED_CARD,10274,3,3,0.47,17,1,1,PERMANENT
NETBANKING,GATEWAY_TIMEOUT,4390,3,1,0.19,7,1,0,TRANSIENT
CARD,INVALID_CARD,3941,4,5,0.36,18,0,0,PERMANENT
NETBANKING,FRAUD_SUSPECTED,42252,2,2,0.17,14,0,1,RISK
CARD,ACCOUNT_BLOCKED,24811,1,3,0.02,3,1,1,PERMANENT
CARD,INVALID_ACCOUNT,18921,1,4,0.42,6,0,1,PERMANENT
NETBANKING,CARD_DECLINED,3242,1,0,0.48,12,0,1,CUSTOMER_ACTION
CARD,GATEWAY_TIMEOUT,48500,2,4,0.19,22,0,0,TRANSIENT
UPI,NETWORK_ERROR,14620,3,0,0.36,15,0,0,TRANSIENT
UPI,NETWORK_ERROR,45279,1,2,0.01,7,1,0,TRANSIENT
CARD,EXPIRED_CARD,26442,1,1,0.08,7,1,1,PERMANENT
NETBANKING,FRAUD_SUSPECTED,48376,3,3,0.35,13,1,1,RISK
CARD,FRAUD_SUSPECTED,16708,1,5,0.35,1,1,0,RISK
NETBANKING,INSUFFICIENT_FUNDS,7596,1,1,0.45,15,0,0,CUSTOMER_ACTION
NETBANKING,FRAUD_SUSPECTED,16909,4,2,0.27,9,1,0,RISK
UPI,NETWORK_ERROR,5769,4,1,0.07,1,1,1,TRANSIENT
UPI,BANK_TIMEOUT,2592,4,1,0.05,22,0,0,TRANSIENT
CARD,INVALID_ACCOUNT,48488,2,3,0.3,1,0,0,PERMANENT
NETBANKING,FRAUD_SUSPECTED,1031,2,2,0.43,8,0,1,RISK
NETBANKING,EXPIRED_CARD,3798,4,3,0.09,9,0,0,PERMANENT
CARD,INSUFFICIENT_FUNDS,43223,4,0,0.44,2,0,1,CUSTOMER_ACTION
NETBANKING,INSUFFICIENT_FUNDS,20911,1,0,0.35,13,0,0,CUSTOMER_ACTION
UPI,FRAUD_SUSPECTED,9503,1,5,0.12,12,0,0,RISK
UPI,INVALID_CARD,41275,1,4,0.28,0,1,1,PERMANENT
CARD,FRAUD_SUSPECTED,49125,2,5,0.25,8,1,1,RISK
CARD,EXPIRED_CARD,35257,3,1,0.08,20,0,1,PERMANENT
CARD,FRAUD_SUSPECTED,48597,1,3,0.4,4,0,1,RISK
CARD,EXPIRED_CARD,8293,3,1,0.47,13,1,1,PERMANENT
CARD,ACCOUNT_BLOCKED,30477,3,2,0.17,12,0,0,PERMANENT
NETBANKING,INSUFFICIENT_FUNDS,12615,2,5,0.33,19,1,1,CUSTOMER_ACTION
NETBANKING,INVALID_ACCOUNT,20212,2,3,0.08,3,1,1,PERMANENT
UPI,INVALID_CARD,14332,3,4,0.45,21,1,1,PERMANENT
UPI,CARD_DECLINED,45579,2,3,0.29,5,1,0,CUSTOMER_ACTION
UPI,EXPIRED_CARD,27054,3,3,0.13,23,0,1,PERMANENT
NETBANKING,FRAUD_SUSPECTED,6461,1,0,0.02,1,1,0,RISK
UPI,FRAUD_SUSPECTED,48831,2,1,0.16,2,1,1,RISK
CARD,ACCOUNT_BLOCKED,46211,2,2,0.16,17,0,0,PERMANENT
UPI,CARD_DECLINED,34985,4,1,0.29,20,1,1,CUSTOMER_ACTION
NETBANKING,INSUFFICIENT_FUNDS,9710,4,0,0.38,4,1,1,CUSTOMER_ACTION
UPI,ACCOUNT_BLOCKED,1407,3,3,0.3,5,1,0,PERMANENT
CARD,INVALID_ACCOUNT,5671,3,0,0.1,19,1,1,PERMANENT
NETBANKING,INSUFFICIENT_FUNDS,13019,3,2,0.36,2,1,1,CUSTOMER_ACTION
NETBANKING,GATEWAY_TIMEOUT,27476,2,2,0.43,6,1,0,TRANSIENT
UPI,INVALID_ACCOUNT,3508,2,5,0.16,14,1,1,PERMANENT
NETBANKING,NETWORK_ERROR,49891,4,5,0.05,17,0,0,TRANSIENT
NETBANKING,GATEWAY_TIMEOUT,1359,3,3,0.11,15,1,1,TRANSIENT
NETBANKING,GATEWAY_TIMEOUT,17813,4,2,0.19,16,1,1,TRANSIENT
CARD,FRAUD_SUSPECTED,47228,3,4,0.1,9,1,0,RISK
NETBANKING,INVALID_CARD,20980,1,0,0.41,3,0,0,PERMANENT
UPI,CARD_DECLINED,10192,2,0,0.43,0,0,1,CUSTOMER_ACTION
NETBANKING,BANK_TIMEOUT,41133,4,5,0.44,21,0,0,TRANSIENT
UPI,GATEWAY_TIMEOUT,13175,1,1,0.05,2,0,1,TRANSIENT
UPI,INSUFFICIENT_FUNDS,47087,1,3,0.17,16,0,1,CUSTOMER_ACTION
NETBANKING,CARD_DECLINED,46386,2,3,0.15,21,0,1,CUSTOMER_ACTION
UPI,INSUFFICIENT_FUNDS,11624,2,2,0.08,17,0,0,CUSTOMER_ACTION
UPI,BANK_TIMEOUT,21163,2,1,0.2,18,1,1,TRANSIENT
CARD,FRAUD_SUSPECTED,16546,3,5,0.13,0,1,1,RISK
UPI,INSUFFICIENT_FUNDS,4214,4,2,0.45,1,1,0,CUSTOMER_ACTION
NETBANKING,INVALID_CARD,44304,1,2,0.3,11,0,1,PERMANENT
CARD,FRAUD_SUSPECTED,48740,4,2,0.25,15,1,0,RISK
UPI,INSUFFICIENT_FUNDS,45376,3,3,0.24,14,1,1,CUSTOMER_ACTION
CARD,ACCOUNT_BLOCKED,10106,2,5,0.38,13,0,0,PERMANENT
NETBANKING,FRAUD_SUSPECTED,9890,4,2,0.02,21,0,0,RISK
UPI,INSUFFICIENT_FUNDS,1174,4,3,0.08,10,0,0,CUSTOMER_ACTION
UPI,ACCOUNT_BLOCKED,19991,3,1,0.1,19,1,1,PERMANENT
CARD,EXPIRED_CARD,43733,1,2,0.48,2,1,1,PERMANENT
UPI,FRAUD_SUSPECTED,34097,4,1,0.21,0,1,0,RISK
NETBANKING,FRAUD_SUSPECTED,40632,4,4,0.07,4,1,1,RISK
CARD,FRAUD_SUSPECTED,37149,4,0,0.02,11,1,0,RISK
NETBANKING,CARD_DECLINED,15398,3,5,0.46,15,1,1,CUSTOMER_ACTION
UPI,FRAUD_SUSPECTED,21191,2,5,0.3,7,0,1,RISK
CARD,INVALID_CARD,33586,1,3,0.38,19,1,0,PERMANENT
NETBANKING,ACCOUNT_BLOCKED,47798,3,0,0.23,6,1,0,PERMANENT
CARD,FRAUD_SUSPECTED,16260,2,5,0.01,11,1,0,RISK
CARD,FRAUD_SUSPECTED,20689,2,5,0.1,19,0,1,RISK
UPI,GATEWAY_TIMEOUT,34408,3,1,0.4,13,0,1,TRANSIENT
UPI,FRAUD_SUSPECTED,19505,1,0,0.33,13,0,1,RISK
CARD,EXPIRED_CARD,41118,4,4,0.09,14,1,0,PERMANENT
CARD,FRAUD_SUSPECTED,13061,4,2,0.09,4,1,0,RISK
CARD,BANK_TIMEOUT,36313,4,2,0.08,23,1,0,TRANSIENT
CARD,INVALID_ACCOUNT,11765,3,4,0.42,1,1,1,PERMANENT
UPI,GATEWAY_TIMEOUT,47467,2,3,0.04,2,0,0,TRANSIENT
UPI,GATEWAY_TIMEOUT,46883,2,0,0.38,11,1,0,TRANSIENT
UPI,INVALID_ACCOUNT,32373,4,4,0.04,13,1,0,PERMANENT
CARD,BANK_TIMEOUT,10524,1,2,0.12,1,0,0,TRANSIENT
UPI,CARD_DECLINED,2864,2,1,0.48,4,1,1,CUSTOMER_ACTION
UPI,ACCOUNT_BLOCKED,33539,3,3,0.02,22,1,0,PERMANENT
NETBANKING,BANK_TIMEOUT,2459,2,1,0.3,0,1,0,TRANSIENT
CARD,FRAUD_SUSPECTED,14044,2,4,0.01,20,1,1,RISK
UPI,FRAUD_SUSPECTED,13311,3,2,0.11,8,1,0,RISK
UPI,FRAUD_SUSPECTED,29299,4,1,0.1,1,1,0,RISK
NETBANKING,INSUFFICIENT_FUNDS,48315,3,5,0.34,18,1,1,CUSTOMER_ACTION
NETBANKING,INVALID_CARD,41133,2,4,0.45,8,0,0,PERMANENT
UPI,FRAUD_SUSPECTED,11956,3,1,0.25,23,1,1,RISK
NETBANKING,ACCOUNT_BLOCKED,49504,2,3,0.25,19,1,0,PERMANENT
UPI,GATEWAY_TIMEOUT,117,1,4,0.03,0,1,0,TRANSIENT
CARD,FRAUD_SUSPECTED,47859,2,0,0.04,6,0,1,RISK
CARD,FRAUD_SUSPECTED,27460,1,2,0.39,3,1,0,RISK
UPI,FRAUD_SUSPECTED,7985,1,3,0.1,3,0,0,RISK
CARD,INVALID_ACCOUNT,1578,4,0,0.37,4,0,0,PERMANENT
UPI,ACCOUNT_BLOCKED,2535,4,3,0.42,13,0,0,PERMANENT
UPI,GATEWAY_TIMEOUT,18504,3,5,0.24,8,0,1,TRANSIENT
NETBANKING,INSUFFICIENT_FUNDS,29459,1,5,0.03,18,1,1,CUSTOMER_ACTION
CARD,INSUFFICIENT_FUNDS,23957,1,4,0.19,15,0,1,CUSTOMER_ACTION
CARD,FRAUD_SUSPECTED,48281,3,3,0.1,12,1,1,RISK
UPI,FRAUD_SUSPECTED,44183,4,5,0.28,11,1,0,RISK
CARD,FRAUD_SUSPECTED,23605,4,3,0.38,21,0,0,RISK
NETBANKING,FRAUD_SUSPECTED,22490,2,4,0.08,6,1,0,RISK
NETBANKING,INVALID_CARD,35751,1,4,0.06,0,1,0,PERMANENT
CARD,CARD_DECLINED,7762,3,5,0.42,11,1,1,CUSTOMER_ACTION
NETBANKING,CARD_DECLINED,26838,1,1,0.32,14,0,0,CUSTOMER_ACTION
UPI,GATEWAY_TIMEOUT,32553,2,0,0.35,9,0,1,TRANSIENT
NETBANKING,FRAUD_SUSPECTED,41928,1,1,0.02,0,1,0,RISK
NETBANKING,INSUFFICIENT_FUNDS,4775,1,2,0.23,3,1,1,CUSTOMER_ACTION
NETBANKING,INVALID_CARD,39261,3,2,0.2,6,1,1,PERMANENT
NETBANKING,INVALID_CARD,32300,1,3,0.17,0,1,1,PERMANENT
CARD,INVALID_CARD,45227,3,5,0.25,0,1,0,PERMANENT
CARD,INVALID_CARD,16625,1,0,0.13,22,0,1,PERMANENT
UPI,INVALID_ACCOUNT,39658,4,0,0.17,17,1,0,PERMANENT
UPI,INVALID_CARD,44915,2,4,0.43,0,1,0,PERMANENT
CARD,CARD_DECLINED,45787,4,4,0.33,1,1,0,CUSTOMER_ACTION
CARD,EXPIRED_CARD,19327,2,0,0.15,10,1,0,PERMANENT
UPI,INSUFFICIENT_FUNDS,31697,4,1,0.01,23,0,1,CUSTOMER_ACTION
UPI,NETWORK_ERROR,14742,3,5,0.3,15,0,1,TRANSIENT
UPI,BANK_TIMEOUT,9222,2,5,0.49,19,0,1,TRANSIENT
NETBANKING,INVALID_ACCOUNT,28278,1,5,0.27,22,1,0,PERMANENT
UPI,ACCOUNT_BLOCKED,18378,4,4,0.35,2,0,0,PERMANENT
CARD,FRAUD_SUSPECTED,26401,2,1,0.07,5,0,0,RISK
NETBANKING,CARD_DECLINED,35877,3,4,0.14,2,0,1,CUSTOMER_ACTION
UPI,GATEWAY_TIMEOUT,15320,2,1,0.16,23,1,0,TRANSIENT
NETBANKING,FRAUD_SUSPECTED,897,1,4,0.34,18,0,1,RISK
UPI,CARD_DECLINED,31582,2,1,0.34,15,1,0,CUSTOMER_ACTION
CARD,BANK_TIMEOUT,36343,1,1,0.34,16,0,0,TRANSIENT
NETBANKING,INVALID_CARD,10895,2,5,0.38,20,1,0,PERMANENT
UPI,FRAUD_SUSPECTED,49407,4,0,0.44,12,0,0,RISK
CARD,FRAUD_SUSPECTED,39843,2,5,0.45,15,1,0,RISK
CARD,CARD_DECLINED,5018,4,4,0.03,2,0,0,CUSTOMER_ACTION
CARD,NETWORK_ERROR,25873,3,3,0.33,10,1,1,TRANSIENT
NETBANKING,FRAUD_SUSPECTED,32067,4,5,0.3,17,0,1,RISK
NETBANKING,FRAUD_SUSPECTED,32191,3,4,0.26,20,0,1,RISK
CARD,FRAUD_SUSPECTED,39056,2,2,0.46,10,0,0,RISK
UPI,FRAUD_SUSPECTED,22054,4,2,0.14,13,0,0,RISK
NETBANKING,FRAUD_SUSPECTED,45056,3,5,0.28,10,0,1,RISK
NETBANKING,INSUFFICIENT_FUNDS,47465,3,5,0.13,19,1,0,CUSTOMER_ACTION
UPI,INVALID_ACCOUNT,25765,4,5,0.14,18,1,1,PERMANENT
NETBANKING,CARD_DECLINED,4821,3,0,0.48,17,1,0,CUSTOMER_ACTION
CARD,BANK_TIMEOUT,32543,4,4,0.3,8,1,0,TRANSIENT
CARD,FRAUD_SUSPECTED,41263,4,4,0.06,13,1,1,RISK
UPI,BANK_TIMEOUT,8155,3,0,0.03,2,1,0,TRANSIENT
UPI,FRAUD_SUSPECTED,48794,4,1,0.03,21,0,0,RISK
NETBANKING,NETWORK_ERROR,47257,3,2,0.22,7,0,1,TRANSIENT
UPI,FRAUD_SUSPECTED,1604,3,1,0.09,12,0,0,RISK
NETBANKING,INSUFFICIENT_FUNDS,48626,3,3,0.07,7,1,0,CUSTOMER_ACTION
NETBANKING,CARD_DECLINED,10955,2,1,0.15,0,0,1,CUSTOMER_ACTION
CARD,ACCOUNT_BLOCKED,14084,2,0,0.43,13,1,1,PERMANENT
NETBANKING,CARD_DECLINED,49297,4,0,0.28,8,0,1,CUSTOMER_ACTION
CARD,INVALID_ACCOUNT,1457,4,4,0.31,14,0,1,PERMANENT
NETBANKING,INSUFFICIENT_FUNDS,45905,4,1,0.4,6,0,1,CUSTOMER_ACTION
CARD,FRAUD_SUSPECTED,16403,3,1,0.2,15,0,0,RISK
NETBANKING,NETWORK_ERROR,1533,4,4,0.18,12,0,1,TRANSIENT
CARD,ACCOUNT_BLOCKED,5962,4,2,0.18,8,1,1,PERMANENT
UPI,EXPIRED_CARD,14461,2,0,0.49,11,0,0,PERMANENT
UPI,GATEWAY_TIMEOUT,6154,1,2,0.05,8,1,0,TRANSIENT
CARD,FRAUD_SUSPECTED,18352,2,1,0.21,5,0,0,RISK
UPI,GATEWAY_TIMEOUT,37626,2,2,0.28,13,0,0,TRANSIENT
NETBANKING,BANK_TIMEOUT,46796,1,0,0.39,8,0,0,TRANSIENT
NETBANKING,INVALID_ACCOUNT,11825,2,4,0.47,7,0,1,PERMANENT
NETBANKING,CARD_DECLINED,1457,1,3,0.08,1,1,0,CUSTOMER_ACTION
NETBANKING,INSUFFICIENT_FUNDS,24164,3,3,0.13,5,0,0,CUSTOMER_ACTION
UPI,INSUFFICIENT_FUNDS,24834,2,0,0.15,16,1,1,CUSTOMER_ACTION
NETBANKING,ACCOUNT_BLOCKED,34156,3,4,0.29,23,1,1,PERMANENT
NETBANKING,EXPIRED_CARD,32850,2,0,0.11,19,1,1,PERMANENT
CARD,GATEWAY_TIMEOUT,25172,4,2,0.19,10,1,0,TRANSIENT
CARD,BANK_TIMEOUT,41941,2,3,0.43,23,0,1,TRANSIENT
UPI,EXPIRED_CARD,1173,2,3,0.13,12,1,1,PERMANENT
CARD,FRAUD_SUSPECTED,8646,4,0,0.13,4,0,1,RISK
CARD,FRAUD_SUSPECTED,30580,4,5,0.44,2,1,1,RISK
CARD,INVALID_CARD,4540,3,2,0.1,16,0,0,PERMANENT
NETBANKING,BANK_TIMEOUT,46702,3,0,0.02,6,1,0,TRANSIENT
CARD,ACCOUNT_BLOCKED,40268,4,2,0.31,9,1,0,PERMANENT
CARD,NETWORK_ERROR,28503,1,5,0.39,23,0,0,TRANSIENT
NETBANKING,INVALID_ACCOUNT,46910,4,5,0.36,8,0,0,PERMANENT
NETBANKING,INSUFFICIENT_FUNDS,25258,3,3,0.12,1,1,0,CUSTOMER_ACTION
CARD,INSUFFICIENT_FUNDS,37409,2,3,0.4,4,1,1,CUSTOMER_ACTION
UPI,INSUFFICIENT_FUNDS,10808,1,2,0.37,2,0,1,CUSTOMER_ACTION
UPI,CARD_DECLINED,5340,4,2,0.31,11,1,1,CUSTOMER_ACTION
NETBANKING,FRAUD_SUSPECTED,10297,3,4,0.39,7,0,0,RISK
CARD,ACCOUNT_BLOCKED,21605,3,3,0.49,12,0,1,PERMANENT
UPI,FRAUD_SUSPECTED,36473,2,1,0.44,7,1,0,RISK
NETBANKING,GATEWAY_TIMEOUT,33250,3,3,0.37,13,1,1,TRANSIENT
UPI,BANK_TIMEOUT,40932,4,5,0.04,10,0,1,TRANSIENT
UPI,ACCOUNT_BLOCKED,27246,4,0,0.17,11,0,1,PERMANENT
CARD,CARD_DECLINED,26074,2,3,0.22,7,1,0,CUSTOMER_ACTION
UPI,CARD_DECLINED,39289,3,4,0.19,2,0,0,CUSTOMER_ACTION
UPI,GATEWAY_TIMEOUT,9933,4,3,0.45,22,0,0,TRANSIENT
UPI,NETWORK_ERROR,2242,2,2,0.49,11,1,0,TRANSIENT
CARD,BANK_TIMEOUT,21736,1,0,0.5,2,0,0,TRANSIENT
CARD,INSUFFICIENT_FUNDS,32236,1,2,0.3,19,0,1,CUSTOMER_ACTION
CARD,INSUFFICIENT_FUNDS,39825,3,1,0.33,22,0,1,CUSTOMER_ACTION
UPI,CARD_DECLINED,25881,3,5,0.09,15,1,1,CUSTOMER_ACTION
NETBANKING,FRAUD_SUSPECTED,46345,4,3,0.41,7,1,1,RISK
CARD,INSUFFICIENT_FUNDS,9846,2,0,0.05,18,0,0,CUSTOMER_ACTION
UPI,NETWORK_ERROR,9886,1,2,0.39,22,1,0,TRANSIENT
CARD,ACCOUNT_BLOCKED,8135,3,5,0.11,15,0,1,PERMANENT
UPI,CARD_DECLINED,22715,1,0,0.03,8,1,0,CUSTOMER_ACTION
NETBANKING,ACCOUNT_BLOCKED,26149,3,3,0.08,10,1,1,PERMANENT
UPI,INSUFFICIENT_FUNDS,16523,4,0,0.25,10,0,0,CUSTOMER_ACTION
NETBANKING,INSUFFICIENT_FUNDS,39678,4,2,0.45,23,0,1,CUSTOMER_ACTION
NETBANKING,BANK_TIMEOUT,23740,3,4,0.19,0,0,1,TRANSIENT
UPI,INSUFFICIENT_FUNDS,21891,3,4,0.2,16,0,1,CUSTOMER_ACTION
NETBANKING,NETWORK_ERROR,38830,3,4,0.5,14,0,1,TRANSIENT
CARD,FRAUD_SUSPECTED,38721,1,3,0.42,13,1,0,RISK
CARD,FRAUD_SUSPECTED,17447,3,5,0.43,7,1,1,RISK
NETBANKING,FRAUD_SUSPECTED,15122,1,1,0.48,14,0,1,RISK
UPI,NETWORK_ERROR,5087,3,4,0.41,17,1,0,TRANSIENT
CARD,FRAUD_SUSPECTED,38122,2,4,0.33,9,0,0,RISK
UPI,INVALID_ACCOUNT,35821,2,0,0.35,2,1,0,PERMANENT
UPI,INVALID_CARD,8611,3,1,0.33,21,1,1,PERMANENT
UPI,CARD_DECLINED,47886,2,2,0.06,9,1,0,CUSTOMER_ACTION
UPI,BANK_TIMEOUT,318,2,0,0.39,8,0,0,TRANSIENT
UPI,INVALID_ACCOUNT,32898,4,4,0.07,21,1,0,PERMANENT
CARD,FRAUD_SUSPECTED,11660,4,1,0.28,8,0,0,RISK
UPI,BANK_TIMEOUT,22519,2,4,0.41,17,0,1,TRANSIENT
CARD,FRAUD_SUSPECTED,25611,4,0,0.41,12,0,0,RISK
NETBANKING,CARD_DECLINED,49103,1,5,0.12,21,1,1,CUSTOMER_ACTION
NETBANKING,INVALID_ACCOUNT,24274,2,0,0.03,6,0,1,PERMANENT
CARD,GATEWAY_TIMEOUT,42614,3,3,0.38,0,1,1,TRANSIENT
UPI,BANK_TIMEOUT,39070,1,4,0.08,15,1,0,TRANSIENT
CARD,GATEWAY_TIMEOUT,16224,3,4,0.41,9,0,0,TRANSIENT
NETBANKING,NETWORK_ERROR,9073,3,3,0.5,8,1,1,TRANSIENT
CARD,GATEWAY_TIMEOUT,5022,4,2,0.37,13,0,0,TRANSIENT
UPI,FRAUD_SUSPECTED,46748,1,1,0.47,19,0,1,RISK
CARD,BANK_TIMEOUT,21974,3,0,0.1,6,0,0,TRANSIENT
CARD,NETWORK_ERROR,49948,1,5,0.28,18,1,1,TRANSIENT
UPI,NETWORK_ERROR,20540,4,0,0.33,8,0,0,TRANSIENT
NETBANKING,BANK_TIMEOUT,362,1,3,0.03,11,1,0,TRANSIENT
NETBANKING,FRAUD_SUSPECTED,36878,2,0,0.17,5,0,0,RISK
NETBANKING,EXPIRED_CARD,46510,2,1,0.37,21,0,1,PERMANENT
NETBANKING,GATEWAY_TIMEOUT,18011,2,3,0.28,1,1,0,TRANSIENT
NETBANKING,EXPIRED_CARD,19282,3,1,0.21,18,1,1,PERMANENT
NETBANKING,FRAUD_SUSPECTED,8268,4,2,0.33,15,0,0,RISK
NETBANKING,EXPIRED_CARD,16676,2,4,0.1,20,0,0,PERMANENT
UPI,INSUFFICIENT_FUNDS,16483,1,5,0.05,12,0,0,CUSTOMER_ACTION
NETBANKING,FRAUD_SUSPECTED,284,2,5,0.06,22,0,1,RISK
UPI,NETWORK_ERROR,29399,2,1,0.36,3,1,1,TRANSIENT
NETBANKING,ACCOUNT_BLOCKED,34104,3,3,0.33,20,0,0,PERMANENT
UPI,INVALID_ACCOUNT,43737,2,3,0.25,8,1,0,PERMANENT
CARD,FRAUD_SUSPECTED,30481,2,0,0.39,1,1,1,RISK
UPI,CARD_DECLINED,18922,2,2,0.15,13,0,1,CUSTOMER_ACTION
CARD,GATEWAY_TIMEOUT,22896,3,5,0.12,6,1,1,TRANSIENT
UPI,INVALID_ACCOUNT,31580,2,3,0.45,0,0,1,PERMANENT
NETBANKING,EXPIRED_CARD,33503,2,0,0.14,11,1,0,PERMANENT
NETBANKING,FRAUD_SUSPECTED,26557,1,0,0.29,3,0,1,RISK
NETBANKING,FRAUD_SUSPECTED,36535,2,5,0.25,16,0,0,RISK
NETBANKING,NETWORK_ERROR,36398,4,4,0.18,15,0,0,TRANSIENT
CARD,GATEWAY_TIMEOUT,47343,4,2,0.35,8,0,1,TRANSIENT
CARD,FRAUD_SUSPECTED,31023,2,1,0.17,10,1,1,RISK
CARD,CARD_DECLINED,15014,4,4,0.02,2,0,0,CUSTOMER_ACTION
UPI,CARD_DECLINED,13532,4,3,0.27,23,0,0,CUSTOMER_ACTION
UPI,EXPIRED_CARD,48467,2,1,0.19,1,1,0,PERMANENT
CARD,INVALID_CARD,42240,4,1,0.06,7,0,0,PERMANENT
UPI,FRAUD_SUSPECTED,31295,3,4,0.09,22,0,1,RISK
CARD,CARD_DECLINED,6659,1,4,0.3,18,1,0,CUSTOMER_ACTION
CARD,INVALID_ACCOUNT,49470,4,4,0.35,0,0,0,PERMANENT
UPI,FRAUD_SUSPECTED,10386,2,5,0.03,5,0,0,RISK
CARD,INSUFFICIENT_FUNDS,30302,1,5,0.23,19,0,0,CUSTOMER_ACTION
NETBANKING,GATEWAY_TIMEOUT,13480,3,5,0.38,9,1,0,TRANSIENT
CARD,BANK_TIMEOUT,24878,1,1,0.19,17,0,1,TRANSIENT
UPI,BANK_TIMEOUT,13979,1,1,0.21,13,0,0,TRANSIENT
CARD,FRAUD_SUSPECTED,10415,2,3,0.22,19,1,1,RISK
NETBANKING,FRAUD_SUSPECTED,14134,1,1,0.21,12,1,0,RISK
UPI,GATEWAY_TIMEOUT,3625,2,5,0.35,3,1,1,TRANSIENT
NETBANKING,INSUFFICIENT_FUNDS,11882,2,1,0.13,1,0,0,CUSTOMER_ACTION
NETBANKING,NETWORK_ERROR,35329,1,2,0.14,17,0,0,TRANSIENT
CARD,NETWORK_ERROR,13554,2,1,0.35,2,0,1,TRANSIENT
NETBANKING,NETWORK_ERROR,41640,1,5,0.38,14,0,1,TRANSIENT
UPI,FRAUD_SUSPECTED,855,1,5,0.35,23,0,0,RISK
NETBANKING,FRAUD_SUSPECTED,41849,1,0,0.35,15,0,1,RISK
NETBANKING,FRAUD_SUSPECTED,49151,1,5,0.08,11,1,1,RISK
NETBANKING,GATEWAY_TIMEOUT,19096,3,2,0.09,17,0,1,TRANSIENT
NETBANKING,FRAUD_SUSPECTED,5120,2,1,0.41,9,0,1,RISK
UPI,ACCOUNT_BLOCKED,33336,4,3,0.02,19,0,0,PERMANENT
CARD,FRAUD_SUSPECTED,22732,3,0,0.19,16,1,0,RISK
NETBANKING,ACCOUNT_BLOCKED,8157,2,3,0.08,8,0,1,PERMANENT
CARD,FRAUD_SUSPECTED,20424,2,4,0.19,1,0,1,RISK
UPI,NETWORK_ERROR,15854,4,4,0.43,17,1,1,TRANSIENT
NETBANKING,GATEWAY_TIMEOUT,34560,2,1,0.04,8,0,0,TRANSIENT
NETBANKING,INVALID_ACCOUNT,8243,1,2,0.32,8,0,1,PERMANENT
NETBANKING,EXPIRED_CARD,12804,4,5,0.38,16,0,1,PERMANENT
UPI,FRAUD_SUSPECTED,44205,1,1,0.35,19,1,0,RISK
CARD,FRAUD_SUSPECTED,10493,1,1,0.44,22,0,1,RISK
UPI,EXPIRED_CARD,20388,3,0,0.24,1,1,1,PERMANENT
CARD,EXPIRED_CARD,49271,3,2,0.43,1,0,1,PERMANENT
CARD,CARD_DECLINED,35716,2,2,0.1,23,0,0,CUSTOMER_ACTION
CARD,ACCOUNT_BLOCKED,27047,3,2,0.26,16,0,0,PERMANENT
UPI,NETWORK_ERROR,36543,2,2,0.17,4,1,0,TRANSIENT
CARD,FRAUD_SUSPECTED,45111,1,2,0.13,6,0,1,RISK
NETBANKING,CARD_DECLINED,20748,1,3,0.37,4,0,0,CUSTOMER_ACTION
NETBANKING,GATEWAY_TIMEOUT,29902,4,5,0.44,3,0,0,TRANSIENT
NETBANKING,INSUFFICIENT_FUNDS,44584,2,3,0.12,12,1,0,CUSTOMER_ACTION
UPI,NETWORK_ERROR,47506,1,0,0.46,19,1,1,TRANSIENT
CARD,INVALID_CARD,32912,4,4,0.36,16,0,0,PERMANENT
UPI,INSUFFICIENT_FUNDS,2026,1,2,0.39,3,0,0,CUSTOMER_ACTION
CARD,CARD_DECLINED,31050,4,2,0.37,19,0,1,CUSTOMER_ACTION
NETBANKING,GATEWAY_TIMEOUT,14105,4,2,0.31,11,0,0,TRANSIENT
NETBANKING,NETWORK_ERROR,4747,1,4,0.32,18,1,0,TRANSIENT
UPI,FRAUD_SUSPECTED,26117,4,2,0.42,18,0,1,RISK
NETBANKING,INSUFFICIENT_FUNDS,10433,2,4,0.3,4,0,0,CUSTOMER_ACTION
CARD,INVALID_ACCOUNT,22231,4,0,0.06,1,1,0,PERMANENT
CARD,INVALID_CARD,41419,1,2,0.13,12,1,1,PERMANENT
NETBANKING,GATEWAY_TIMEOUT,6390,1,5,0.07,0,0,0,TRANSIENT
UPI,GATEWAY_TIMEOUT,23779,4,3,0.44,2,0,1,TRANSIENT
UPI,CARD_DECLINED,21096,2,0,0.48,6,1,1,CUSTOMER_ACTION
CARD,FRAUD_SUSPECTED,33462,2,3,0.29,15,1,1,RISK
NETBANKING,INSUFFICIENT_FUNDS,17387,3,5,0.48,3,0,1,CUSTOMER_ACTION
CARD,GATEWAY_TIMEOUT,12818,3,2,0.13,21,0,1,TRANSIENT
UPI,BANK_TIMEOUT,42379,3,4,0.36,1,0,1,TRANSIENT
NETBANKING,INVALID_CARD,3212,3,4,0.29,2,1,1,PERMANENT
NETBANKING,INSUFFICIENT_FUNDS,29794,3,4,0.41,12,1,1,CUSTOMER_ACTION
UPI,FRAUD_SUSPECTED,34323,3,1,0.27,11,1,0,RISK
NETBANKING,CARD_DECLINED,6846,3,0,0.39,9,0,0,CUSTOMER_ACTION
UPI,INSUFFICIENT_FUNDS,14716,3,1,0.39,13,1,0,CUSTOMER_ACTION
NETBANKING,INVALID_CARD,31097,2,3,0.32,14,1,0,PERMANENT
NETBANKING,EXPIRED_CARD,14249,3,4,0.47,23,0,0,PERMANENT
NETBANKING,FRAUD_SUSPECTED,16088,2,5,0.45,0,1,0,RISK
NETBANKING,FRAUD_SUSPECTED,7820,2,5,0.29,13,1,0,RISK
NETBANKING,CARD_DECLINED,23609,2,3,0.33,2,1,1,CUSTOMER_ACTION
NETBANKING,FRAUD_SUSPECTED,4871,2,0,0.29,13,0,0,RISK
NETBANKING,CARD_DECLINED,22175,1,2,0.42,8,1,0,CUSTOMER_ACTION
NETBANKING,CARD_DECLINED,17919,1,0,0.42,5,1,0,CUSTOMER_ACTION
NETBANKING,BANK_TIMEOUT,33778,4,4,0.2,12,0,0,TRANSIENT
NETBANKING,NETWORK_ERROR,13342,1,0,0.34,19,1,0,TRANSIENT
CARD,BANK_TIMEOUT,34690,1,4,0.33,2,1,0,TRANSIENT
CARD,FRAUD_SUSPECTED,26824,2,5,0.27,18,1,1,RISK
NETBANKING,INSUFFICIENT_FUNDS,24240,2,5,0.15,0,1,1,CUSTOMER_ACTION
CARD,INVALID_ACCOUNT,10737,1,5,0.47,4,1,1,PERMANENT
CARD,INSUFFICIENT_FUNDS,1375,1,5,0.44,23,1,1,CUSTOMER_ACTION
NETBANKING,BANK_TIMEOUT,45928,1,2,0.02,16,1,0,TRANSIENT
UPI,INSUFFICIENT_FUNDS,29844,2,0,0.47,10,1,0,CUSTOMER_ACTION
CARD,CARD_DECLINED,7224,4,4,0.46,14,0,0,CUSTOMER_ACTION
UPI,INSUFFICIENT_FUNDS,39613,2,0,0.2,7,1,0,CUSTOMER_ACTION
CARD,FRAUD_SUSPECTED,32589,3,3,0.07,6,1,0,RISK
CARD,FRAUD_SUSPECTED,38933,1,5,0.48,18,1,0,RISK
CARD,CARD_DECLINED,33540,1,0,0.22,9,0,0,CUSTOMER_ACTION
NETBANKING,EXPIRED_CARD,16492,1,3,0.24,3,0,1,PERMANENT
UPI,EXPIRED_CARD,5026,1,1,0.32,15,0,0,PERMANENT
NETBANKING,CARD_DECLINED,27616,2,4,0.28,23,1,1,CUSTOMER_ACTION
UPI,CARD_DECLINED,35447,2,0,0.43,5,1,1,CUSTOMER_ACTION
UPI,NETWORK_ERROR,37614,4,5,0.02,22,1,1,TRANSIENT
CARD,NETWORK_ERROR,45982,1,3,0.43,15,0,1,TRANSIENT
CARD,INSUFFICIENT_FUNDS,247,4,4,0.08,21,0,0,CUSTOMER_ACTION
CARD,CARD_DECLINED,44263,2,0,0.5,21,1,0,CUSTOMER_ACTION
UPI,FRAUD_SUSPECTED,45106,3,3,0.29,23,0,0,RISK
UPI,GATEWAY_TIMEOUT,21555,4,3,0.38,1,1,0,TRANSIENT
NETBANKING,INVALID_ACCOUNT,1159,2,1,0.45,1,1,0,PERMANENT
NETBANKING,CARD_DECLINED,39305,3,4,0.48,20,0,1,CUSTOMER_ACTION
NETBANKING,FRAUD_SUSPECTED,5605,3,2,0.23,17,1,0,RISK
CARD,INVALID_CARD,11833,2,4,0.21,12,1,0,PERMANENT
NETBANKING,INSUFFICIENT_FUNDS,29722,3,3,0.39,19,0,1,CUSTOMER_ACTION
CARD,ACCOUNT_BLOCKED,35618,2,4,0.29,13,1,0,PERMANENT
NETBANKING,CARD_DECLINED,37901,2,3,0.5,1,1,0,CUSTOMER_ACTION
NETBANKING,EXPIRED_CARD,41073,2,2,0.04,8,0,1,PERMANENT
NETBANKING,ACCOUNT_BLOCKED,40702,3,5,0.23,1,0,0,PERMANENT
NETBANKING,CARD_DECLINED,11628,3,2,0.14,5,1,1,CUSTOMER_ACTION
UPI,EXPIRED_CARD,23235,3,1,0.32,20,0,1,PERMANENT
UPI,EXPIRED_CARD,35894,1,2,0.21,8,0,1,PERMANENT
NETBANKING,CARD_DECLINED,31773,2,2,0.2,18,0,1,CUSTOMER_ACTION
CARD,INSUFFICIENT_FUNDS,34817,3,0,0.12,16,0,1,CUSTOMER_ACTION
UPI,FRAUD_SUSPECTED,42424,4,4,0.14,12,1,0,RISK
NETBANKING,FRAUD_SUSPECTED,18928,3,1,0.01,9,0,0,RISK
NETBANKING,NETWORK_ERROR,31835,2,0,0.11,22,1,0,TRANSIENT
UPI,FRAUD_SUSPECTED,23969,2,3,0.16,10,1,1,RISK
CARD,NETWORK_ERROR,13357,1,1,0.37,11,0,1,TRANSIENT
UPI,INVALID_CARD,28034,4,2,0.03,19,1,0,PERMANENT
UPI,NETWORK_ERROR,2406,3,1,0.23,19,0,1,TRANSIENT
NETBANKING,GATEWAY_TIMEOUT,8726,4,0,0.14,4,0,1,TRANSIENT
UPI,EXPIRED_CARD,21785,4,3,0.04,10,1,1,PERMANENT
CARD,INVALID_ACCOUNT,11083,2,3,0.36,16,1,1,PERMANENT
CARD,FRAUD_SUSPECTED,20896,3,1,0.26,9,0,0,RISK
UPI,INVALID_ACCOUNT,9021,1,0,0.03,9,1,0,PERMANENT
UPI,INSUFFICIENT_FUNDS,8693,1,2,0.44,2,0,0,CUSTOMER_ACTION
CARD,FRAUD_SUSPECTED,2314,2,5,0.32,17,0,0,RISK
CARD,FRAUD_SUSPECTED,34166,4,3,0.3,22,1,0,RISK
CARD,EXPIRED_CARD,29525,4,5,0.48,20,1,0,PERMANENT
CARD,BANK_TIMEOUT,33871,2,2,0.15,2,0,0,TRANSIENT
UPI,GATEWAY_TIMEOUT,12579,1,1,0.11,4,0,1,TRANSIENT
CARD,BANK_TIMEOUT,48484,1,0,0.26,13,1,1,TRANSIENT
NETBANKING,INSUFFICIENT_FUNDS,36324,4,2,0.02,5,1,1,CUSTOMER_ACTION
CARD,GATEWAY_TIMEOUT,11696,2,2,0.25,10,1,1,TRANSIENT
UPI,FRAUD_SUSPECTED,24932,2,4,0.47,10,0,0,RISK
NETBANKING,ACCOUNT_BLOCKED,36393,2,5,0.06,1,0,1,PERMANENT
CARD,GATEWAY_TIMEOUT,11604,1,3,0.35,6,1,0,TRANSIENT
CARD,INSUFFICIENT_FUNDS,12013,2,1,0.29,18,0,1,CUSTOMER_ACTION
NETBANKING,INSUFFICIENT_FUNDS,28090,3,5,0.43,2,1,0,CUSTOMER_ACTION
UPI,INSUFFICIENT_FUNDS,21405,3,5,0.48,18,0,1,CUSTOMER_ACTION
CARD,FRAUD_SUSPECTED,8105,4,5,0.33,23,1,0,RISK
CARD,CARD_DECLINED,16296,1,4,0.17,8,1,0,CUSTOMER_ACTION
NETBANKING,CARD_DECLINED,38259,4,0,0.1,5,1,0,CUSTOMER_ACTION
CARD,INSUFFICIENT_FUNDS,16253,4,4,0.46,23,0,0,CUSTOMER_ACTION
UPI,INVALID_ACCOUNT,38083,2,1,0.08,21,0,0,PERMANENT
NETBANKING,FRAUD_SUSPECTED,47686,1,4,0.1,1,0,1,RISK
NETBANKING,ACCOUNT_BLOCKED,33094,4,2,0.34,22,1,1,PERMANENT
NETBANKING,INSUFFICIENT_FUNDS,35161,4,0,0.4,1,0,0,CUSTOMER_ACTION
UPI,FRAUD_SUSPECTED,25518,1,4,0.43,18,1,0,RISK
CARD,INVALID_CARD,10782,2,5,0.29,2,0,0,PERMANENT
NETBANKING,CARD_DECLINED,1674,1,2,0.11,8,0,0,CUSTOMER_ACTION
NETBANKING,INSUFFICIENT_FUNDS,27335,4,0,0.11,18,1,0,CUSTOMER_ACTION
CARD,BANK_TIMEOUT,3273,2,5,0.08,6,0,0,TRANSIENT
CARD,ACCOUNT_BLOCKED,49426,2,0,0.07,23,0,0,PERMANENT
CARD,NETWORK_ERROR,6948,2,1,0.03,19,0,1,TRANSIENT
NETBANKING,CARD_DECLINED,48765,4,1,0.11,19,0,0,CUSTOMER_ACTION
CARD,FRAUD_SUSPECTED,25022,3,1,0.27,21,0,1,RISK
UPI,FRAUD_SUSPECTED,18584,2,0,0.05,0,1,0,RISK
NETBANKING,FRAUD_SUSPECTED,43676,3,1,0.08,9,1,0,RISK
UPI,GATEWAY_TIMEOUT,46016,3,2,0.36,2,0,0,TRANSIENT
NETBANKING,FRAUD_SUSPECTED,38337,4,0,0.39,7,1,0,RISK
UPI,CARD_DECLINED,27878,3,4,0.17,11,1,1,CUSTOMER_ACTION
UPI,INSUFFICIENT_FUNDS,17097,1,5,0.39,0,0,1,CUSTOMER_ACTION
UPI,NETWORK_ERROR,23812,2,3,0.12,15,1,0,TRANSIENT
CARD,INSUFFICIENT_FUNDS,47209,1,3,0.22,18,0,1,CUSTOMER_ACTION
UPI,INSUFFICIENT_FUNDS,18541,1,2,0.17,5,0,0,CUSTOMER_ACTION
UPI,FRAUD_SUSPECTED,3943,1,0,0.31,12,1,1,RISK
CARD,FRAUD_SUSPECTED,40922,1,2,0.23,21,1,1,RISK
UPI,FRAUD_SUSPECTED,16228,3,3,0.42,4,1,1,RISK
UPI,INVALID_CARD,2991,1,0,0.4,16,0,0,PERMANENT
NETBANKING,INSUFFICIENT_FUNDS,27138,2,0,0.23,8,0,1,CUSTOMER_ACTION
NETBANKING,CARD_DECLINED,2893,1,4,0.06,23,1,1,CUSTOMER_ACTION
NETBANKING,BANK_TIMEOUT,2097,1,2,0.36,14,0,0,TRANSIENT
CARD,NETWORK_ERROR,6762,2,0,0.24,7,1,0,TRANSIENT
CARD,NETWORK_ERROR,34879,3,3,0.16,12,0,0,TRANSIENT
UPI,INSUFFICIENT_FUNDS,37136,4,1,0.18,16,1,1,CUSTOMER_ACTION
NETBANKING,ACCOUNT_BLOCKED,16730,4,0,0.11,17,0,1,PERMANENT
NETBANKING,INSUFFICIENT_FUNDS,26483,2,3,0.46,13,1,1,CUSTOMER_ACTION
CARD,INSUFFICIENT_FUNDS,38448,1,4,0.13,4,1,0,CUSTOMER_ACTION
CARD,BANK_TIMEOUT,26509,4,3,0.06,10,0,0,TRANSIENT
CARD,BANK_TIMEOUT,38668,4,5,0.24,8,0,0,TRANSIENT
NETBANKING,FRAUD_SUSPECTED,36278,1,5,0.29,22,1,0,RISK
NETBANKING,FRAUD_SUSPECTED,46481,1,2,0.39,1,1,0,RISK
CARD,FRAUD_SUSPECTED,39821,4,5,0.12,2,0,1,RISK
CARD,INVALID_CARD,25149,3,0,0.21,12,0,0,PERMANENT
CARD,CARD_DECLINED,3318,4,3,0.29,7,0,0,CUSTOMER_ACTION
UPI,FRAUD_SUSPECTED,13923,3,4,0.29,3,1,0,RISK
CARD,GATEWAY_TIMEOUT,10922,4,5,0.08,6,1,0,TRANSIENT
UPI,EXPIRED_CARD,5934,4,0,0.42,21,0,1,PERMANENT
UPI,GATEWAY_TIMEOUT,15514,3,5,0.35,19,1,0,TRANSIENT
CARD,BANK_TIMEOUT,1568,3,5,0.26,2,1,1,TRANSIENT
UPI,FRAUD_SUSPECTED,49765,1,3,0.47,11,0,1,RISK
UPI,FRAUD_SUSPECTED,35430,2,0,0.41,8,0,1,RISK
CARD,INVALID_ACCOUNT,43785,1,1,0.42,12,0,1,PERMANENT
NETBANKING,INVALID_CARD,43876,1,1,0.26,15,1,0,PERMANENT
CARD,EXPIRED_CARD,47692,4,4,0.47,21,1,0,PERMANENT
NETBANKING,FRAUD_SUSPECTED,23341,2,5,0.07,2,1,0,RISK
UPI,FRAUD_SUSPECTED,32498,2,1,0.25,21,0,1,RISK
UPI,INVALID_ACCOUNT,30262,4,1,0.15,1,1,1,PERMANENT
NETBANKING,ACCOUNT_BLOCKED,16395,3,4,0.22,8,1,1,PERMANENT
CARD,INSUFFICIENT_FUNDS,861,2,4,0.18,12,0,0,CUSTOMER_ACTION
NETBANKING,FRAUD_SUSPECTED,26748,3,4,0.28,0,0,1,RISK
NETBANKING,EXPIRED_CARD,2792,4,1,0.49,12,1,0,PERMANENT
CARD,INVALID_CARD,1545,1,0,0.16,6,0,0,PERMANENT
UPI,FRAUD_SUSPECTED,46940,4,0,0.12,15,1,0,RISK
UPI,FRAUD_SUSPECTED,2969,3,2,0.28,3,1,1,RISK
CARD,BANK_TIMEOUT,18346,3,3,0.08,3,0,1,TRANSIENT
UPI,FRAUD_SUSPECTED,45779,3,2,0.02,18,1,1,RISK
NETBANKING,NETWORK_ERROR,31835,1,4,0.07,8,0,0,TRANSIENT
NETBANKING,ACCOUNT_BLOCKED,9632,1,2,0.05,8,1,0,PERMANENT
NETBANKING,CARD_DECLINED,12205,4,5,0.19,8,1,0,CUSTOMER_ACTION
CARD,ACCOUNT_BLOCKED,33308,4,4,0.16,2,1,1,PERMANENT
NETBANKING,FRAUD_SUSPECTED,3330,1,0,0.31,23,0,0,RISK
UPI,INVALID_ACCOUNT,45777,4,5,0.03,3,0,1,PERMANENT
NETBANKING,NETWORK_ERROR,47823,1,1,0.42,17,1,0,TRANSIENT
UPI,INVALID_ACCOUNT,27021,2,0,0.26,8,1,1,PERMANENT
CARD,NETWORK_ERROR,603,1,0,0.3,20,1,0,TRANSIENT
UPI,FRAUD_SUSPECTED,3177,3,3,0.5,21,1,1,RISK
CARD,ACCOUNT_BLOCKED,3376,3,3,0.14,0,1,1,PERMANENT
CARD,INVALID_ACCOUNT,49662,4,2,0.27,0,1,1,PERMANENT
UPI,FRAUD_SUSPECTED,33288,1,3,0.07,11,1,1,RISK
NETBANKING,EXPIRED_CARD,12179,4,2,0.35,1,0,1,PERMANENT
UPI,FRAUD_SUSPECTED,3619,1,5,0.47,13,0,0,RISK
UPI,BANK_TIMEOUT,19374,2,3,0.22,15,1,1,TRANSIENT
CARD,EXPIRED_CARD,40291,1,3,0.02,2,0,1,PERMANENT
CARD,BANK_TIMEOUT,33088,3,4,0.4,20,1,0,TRANSIENT
UPI,GATEWAY_TIMEOUT,7200,4,4,0.26,12,1,1,TRANSIENT
UPI,INSUFFICIENT_FUNDS,11430,3,3,0.47,0,1,1,CUSTOMER_ACTION
CARD,CARD_DECLINED,10855,4,0,0.08,3,0,0,CUSTOMER_ACTION
UPI,CARD_DECLINED,48296,4,2,0.12,11,1,0,CUSTOMER_ACTION
NETBANKING,INVALID_ACCOUNT,11162,3,2,0.47,5,1,0,PERMANENT
NETBANKING,GATEWAY_TIMEOUT,45628,2,4,0.17,8,1,1,TRANSIENT
NETBANKING,BANK_TIMEOUT,28230,3,2,0.33,9,1,1,TRANSIENT
UPI,INSUFFICIENT_FUNDS,7400,2,1,0.09,22,1,1,CUSTOMER_ACTION
CARD,INVALID_CARD,28830,4,1,0.13,9,0,1,PERMANENT
UPI,INSUFFICIENT_FUNDS,36478,4,5,0.09,2,1,1,CUSTOMER_ACTION
NETBANKING,GATEWAY_TIMEOUT,4083,1,4,0.39,7,0,1,TRANSIENT
UPI,FRAUD_SUSPECTED,25437,2,2,0.36,16,0,1,RISK
UPI,CARD_DECLINED,20126,1,0,0.43,22,0,0,CUSTOMER_ACTION
CARD,ACCOUNT_BLOCKED,33205,3,4,0.45,13,1,0,PERMANENT
CARD,FRAUD_SUSPECTED,44010,3,2,0.14,1,0,1,RISK
NETBANKING,NETWORK_ERROR,40702,2,3,0.36,17,0,0,TRANSIENT
NETBANKING,FRAUD_SUSPECTED,39143,1,1,0.27,16,1,1,RISK
NETBANKING,EXPIRED_CARD,39346,1,2,0.5,10,1,0,PERMANENT
CARD,INVALID_CARD,29552,2,2,0.19,1,0,1,PERMANENT
CARD,FRAUD_SUSPECTED,8763,2,4,0.33,18,1,0,RISK
NETBANKING,INSUFFICIENT_FUNDS,6863,2,0,0.49,21,1,0,CUSTOMER_ACTION
NETBANKING,EXPIRED_CARD,13868,2,4,0.43,1,0,0,PERMANENT
UPI,INSUFFICIENT_FUNDS,7765,1,1,0.12,0,0,0,CUSTOMER_ACTION
CARD,ACCOUNT_BLOCKED,24964,1,0,0.46,16,1,1,PERMANENT
NETBANKING,BANK_TIMEOUT,5579,3,1,0.19,2,1,0,TRANSIENT
CARD,CARD_DECLINED,42690,2,5,0.47,18,0,1,CUSTOMER_ACTION
NETBANKING,FRAUD_SUSPECTED,42142,2,1,0.16,13,1,0,RISK
UPI,BANK_TIMEOUT,48159,1,3,0.42,12,0,0,TRANSIENT
CARD,FRAUD_SUSPECTED,48740,4,3,0.42,10,0,0,RISK
NETBANKING,ACCOUNT_BLOCKED,25654,4,2,0.06,0,1,1,PERMANENT
NETBANKING,FRAUD_SUSPECTED,6017,2,2,0.01,14,1,0,RISK
NETBANKING,INVALID_ACCOUNT,30864,1,4,0.31,11,0,1,PERMANENT
CARD,EXPIRED_CARD,36404,2,3,0.27,18,1,0,PERMANENT
UPI,ACCOUNT_BLOCKED,34700,2,4,0.22,17,0,1,PERMANENT
CARD,INVALID_CARD,2107,3,4,0.22,11,1,0,PERMANENT
UPI,ACCOUNT_BLOCKED,45530,2,1,0.02,2,0,1,PERMANENT
NETBANKING,FRAUD_SUSPECTED,34308,2,3,0.02,2,0,1,RISK
CARD,INSUFFICIENT_FUNDS,23772,3,4,0.16,3,1,1,CUSTOMER_ACTION
NETBANKING,INVALID_ACCOUNT,6012,2,3,0.16,19,0,0,PERMANENT
NETBANKING,GATEWAY_TIMEOUT,42369,2,2,0.06,22,1,0,TRANSIENT
UPI,INVALID_ACCOUNT,10763,2,4,0.47,10,0,1,PERMANENT
CARD,GATEWAY_TIMEOUT,47351,3,2,0.46,3,1,1,TRANSIENT
UPI,FRAUD_SUSPECTED,21003,4,4,0.07,18,0,0,RISK
UPI,FRAUD_SUSPECTED,46650,1,5,0.03,20,1,0,RISK
CARD,FRAUD_SUSPECTED,3562,4,1,0.11,4,1,1,RISK
NETBANKING,INSUFFICIENT_FUNDS,40144,3,5,0.44,8,0,0,CUSTOMER_ACTION
NETBANKING,NETWORK_ERROR,42826,2,1,0.35,22,1,0,TRANSIENT
CARD,BANK_TIMEOUT,4850,4,4,0.46,11,0,1,TRANSIENT
CARD,BANK_TIMEOUT,36961,1,0,0.07,11,0,0,TRANSIENT
NETBANKING,INVALID_CARD,5747,3,1,0.22,23,0,1,PERMANENT
UPI,CARD_DECLINED,37423,2,1,0.03,14,0,1,CUSTOMER_ACTION
UPI,FRAUD_SUSPECTED,31810,3,5,0.42,20,0,1,RISK
UPI,FRAUD_SUSPECTED,42427,2,4,0.27,13,0,1,RISK
NETBANKING,FRAUD_SUSPECTED,16948,3,3,0.39,13,0,0,RISK
CARD,EXPIRED_CARD,35385,1,1,0.45,23,0,0,PERMANENT
UPI,FRAUD_SUSPECTED,10174,3,4,0.34,12,0,0,RISK
CARD,NETWORK_ERROR,14081,3,3,0.14,7,1,0,TRANSIENT
CARD,INVALID_CARD,17991,4,0,0.38,14,0,0,PERMANENT
NETBANKING,FRAUD_SUSPECTED,33089,2,4,0.16,5,1,0,RISK
CARD,INVALID_ACCOUNT,9137,1,2,0.17,14,1,1,PERMANENT
CARD,NETWORK_ERROR,29524,3,2,0.05,12,0,0,TRANSIENT
NETBANKING,INSUFFICIENT_FUNDS,2329,3,2,0.06,15,1,0,CUSTOMER_ACTION
UPI,BANK_TIMEOUT,5561,1,3,0.39,12,0,0,TRANSIENT
CARD,CARD_DECLINED,46247,4,5,0.2,21,0,0,CUSTOMER_ACTION
NETBANKING,NETWORK_ERROR,40796,3,1,0.16,8,0,0,TRANSIENT
NETBANKING,BANK_TIMEOUT,8962,2,3,0.45,18,1,0,TRANSIENT
CARD,BANK_TIMEOUT,49877,1,0,0.17,10,0,0,TRANSIENT
CARD,FRAUD_SUSPECTED,41631,3,0,0.22,1,1,0,RISK
UPI,EXPIRED_CARD,30488,1,2,0.36,18,1,0,PERMANENT
UPI,INSUFFICIENT_FUNDS,737,4,2,0.48,19,0,1,CUSTOMER_ACTION
NETBANKING,BANK_TIMEOUT,38043,1,0,0.15,4,0,0,TRANSIENT
NETBANKING,INVALID_CARD,40180,3,0,0.05,9,0,0,PERMANENT
NETBANKING,FRAUD_SUSPECTED,23638,3,1,0.46,21,1,0,RISK
CARD,NETWORK_ERROR,4730,1,0,0.21,15,0,0,TRANSIENT
NETBANKING,ACCOUNT_BLOCKED,3952,1,4,0.2,14,1,1,PERMANENT
UPI,GATEWAY_TIMEOUT,31490,3,5,0.34,22,0,0,TRANSIENT
NETBANKING,FRAUD_SUSPECTED,45902,3,1,0.02,12,1,1,RISK
CARD,EXPIRED_CARD,21601,1,1,0.09,11,0,0,PERMANENT
CARD,EXPIRED_CARD,20619,3,1,0.45,5,1,0,PERMANENT
UPI,INVALID_ACCOUNT,38249,1,5,0.1,18,0,0,PERMANENT
CARD,CARD_DECLINED,6342,1,0,0.37,1,0,1,CUSTOMER_ACTION
UPI,NETWORK_ERROR,468,4,4,0.13,0,0,0,TRANSIENT
CARD,NETWORK_ERROR,29202,2,1,0.31,0,1,1,TRANSIENT
NETBANKING,INVALID_ACCOUNT,36569,4,2,0.43,5,0,0,PERMANENT
UPI,INVALID_ACCOUNT,26002,1,1,0.48,7,1,0,PERMANENT
UPI,GATEWAY_TIMEOUT,30087,3,2,0.27,2,1,1,TRANSIENT
NETBANKING,INVALID_CARD,39148,2,0,0.45,3,0,1,PERMANENT
NETBANKING,INSUFFICIENT_FUNDS,49378,1,1,0.1,22,0,0,CUSTOMER_ACTION
CARD,INSUFFICIENT_FUNDS,34469,1,4,0.29,15,0,1,CUSTOMER_ACTION
UPI,NETWORK_ERROR,7444,4,1,0.27,10,0,1,TRANSIENT
UPI,ACCOUNT_BLOCKED,46235,1,3,0.28,1,0,1,PERMANENT
NETBANKING,CARD_DECLINED,45933,2,0,0.28,12,0,1,CUSTOMER_ACTION
CARD,CARD_DECLINED,20481,1,5,0.06,16,0,0,CUSTOMER_ACTION
UPI,EXPIRED_CARD,3637,2,4,0.11,9,0,0,PERMANENT
UPI,INSUFFICIENT_FUNDS,16612,1,2,0.15,8,0,0,CUSTOMER_ACTION
CARD,BANK_TIMEOUT,23686,2,5,0.02,4,0,0,TRANSIENT
UPI,GATEWAY_TIMEOUT,3423,3,5,0.35,7,0,0,TRANSIENT
CARD,ACCOUNT_BLOCKED,8435,1,1,0.19,6,0,0,PERMANENT
CARD,NETWORK_ERROR,3182,4,2,0.2,0,0,1,TRANSIENT
CARD,CARD_DECLINED,30220,3,3,0.45,3,0,0,CUSTOMER_ACTION
UPI,GATEWAY_TIMEOUT,42813,2,4,0.05,21,0,1,TRANSIENT
NETBANKING,FRAUD_SUSPECTED,2778,2,4,0.38,16,0,0,RISK
UPI,NETWORK_ERROR,48719,3,0,0.31,12,0,0,TRANSIENT
UPI,BANK_TIMEOUT,27611,4,0,0.26,11,1,1,TRANSIENT
CARD,ACCOUNT_BLOCKED,49457,1,3,0.12,12,0,0,PERMANENT
CARD,INVALID_ACCOUNT,4061,3,4,0.15,8,1,0,PERMANENT
CARD,ACCOUNT_BLOCKED,12967,3,4,0.39,22,0,1,PERMANENT
CARD,FRAUD_SUSPECTED,42516,4,1,0.23,4,0,1,RISK
UPI,CARD_DECLINED,5897,3,1,0.14,13,0,1,CUSTOMER_ACTION
NETBANKING,FRAUD_SUSPECTED,10015,1,5,0.26,16,0,1,RISK
NETBANKING,GATEWAY_TIMEOUT,26810,2,5,0.13,9,0,1,TRANSIENT
UPI,FRAUD_SUSPECTED,36780,3,1,0.44,23,1,1,RISK
NETBANKING,CARD_DECLINED,3875,3,4,0.13,7,1,0,CUSTOMER_ACTION
UPI,GATEWAY_TIMEOUT,5182,1,5,0.42,21,1,1,TRANSIENT
NETBANKING,NETWORK_ERROR,17603,3,3,0.39,12,1,1,TRANSIENT
CARD,FRAUD_SUSPECTED,38558,3,5,0.39,20,1,0,RISK
CARD,FRAUD_SUSPECTED,24395,4,2,0.2,23,1,0,RISK
CARD,EXPIRED_CARD,8388,1,1,0.18,11,0,0,PERMANENT
NETBANKING,FRAUD_SUSPECTED,5836,3,1,0.38,19,0,1,RISK
CARD,FRAUD_SUSPECTED,19897,4,1,0.07,7,0,1,RISK
UPI,FRAUD_SUSPECTED,24213,1,2,0.1,3,1,0,RISK
UPI,FRAUD_SUSPECTED,10416,4,0,0.16,10,1,0,RISK
NETBANKING,NETWORK_ERROR,27143,2,5,0.39,7,0,0,TRANSIENT
NETBANKING,GATEWAY_TIMEOUT,45074,1,3,0.47,11,0,0,TRANSIENT
CARD,BANK_TIMEOUT,47934,4,0,0.46,17,1,1,TRANSIENT
CARD,INSUFFICIENT_FUNDS,43218,3,5,0.45,13,1,1,CUSTOMER_ACTION
UPI,FRAUD_SUSPECTED,7468,4,1,0.32,5,0,1,RISK
UPI,FRAUD_SUSPECTED,29244,4,3,0.07,13,1,1,RISK
UPI,EXPIRED_CARD,30772,1,0,0.15,1,0,1,PERMANENT
NETBANKING,CARD_DECLINED,4221,1,2,0.17,16,0,0,CUSTOMER_ACTION
CARD,BANK_TIMEOUT,44822,2,5,0.07,9,0,1,TRANSIENT
UPI,EXPIRED_CARD,27980,1,4,0.16,18,0,0,PERMANENT
CARD,INVALID_CARD,10879,1,1,0.07,12,1,1,PERMANENT
UPI,CARD_DECLINED,47341,1,4,0.33,18,1,0,CUSTOMER_ACTION
NETBANKING,FRAUD_SUSPECTED,24579,3,5,0.34,7,0,0,RISK
UPI,CARD_DECLINED,45930,2,4,0.31,5,0,1,CUSTOMER_ACTION
NETBANKING,FRAUD_SUSPECTED,45548,2,2,0.12,7,1,1,RISK
CARD,GATEWAY_TIMEOUT,2377,4,3,0.05,1,1,0,TRANSIENT
NETBANKING,CARD_DECLINED,32726,1,4,0.41,6,1,0,CUSTOMER_ACTION
CARD,BANK_TIMEOUT,8271,2,3,0.06,20,0,0,TRANSIENT
NETBANKING,NETWORK_ERROR,41405,4,5,0.38,17,1,1,TRANSIENT
CARD,EXPIRED_CARD,29107,3,1,0.08,6,0,0,PERMANENT
NETBANKING,INSUFFICIENT_FUNDS,7055,3,2,0.5,11,0,0,CUSTOMER_ACTION
CARD,CARD_DECLINED,3846,4,1,0.41,19,1,0,CUSTOMER_ACTION
CARD,FRAUD_SUSPECTED,15975,4,1,0.04,20,0,0,RISK
NETBANKING,FRAUD_SUSPECTED,32329,3,0,0.42,0,1,1,RISK
UPI,CARD_DECLINED,42908,3,1,0.02,21,0,0,CUSTOMER_ACTION
CARD,EXPIRED_CARD,43425,1,4,0.39,21,1,0,PERMANENT
CARD,INVALID_ACCOUNT,4245,3,5,0.15,15,0,1,PERMANENT
NETBANKING,FRAUD_SUSPECTED,4865,2,5,0.33,11,0,1,RISK
UPI,FRAUD_SUSPECTED,37208,3,2,0.22,0,0,1,RISK
CARD,CARD_DECLINED,35956,4,2,0.4,1,1,0,CUSTOMER_ACTION
CARD,INSUFFICIENT_FUNDS,11157,4,1,0.34,2,1,0,CUSTOMER_ACTION
UPI,INSUFFICIENT_FUNDS,20251,1,1,0.29,22,1,1,CUSTOMER_ACTION
CARD,ACCOUNT_BLOCKED,2481,4,1,0.05,13,1,1,PERMANENT
NETBANKING,INSUFFICIENT_FUNDS,12248,2,3,0.33,21,0,1,CUSTOMER_ACTION
NETBANKING,FRAUD_SUSPECTED,35797,4,2,0.13,20,0,1,RISK
NETBANKING,INSUFFICIENT_FUNDS,6109,4,2,0.16,0,1,0,CUSTOMER_ACTION
UPI,INSUFFICIENT_FUNDS,3093,2,0,0.3,11,0,1,CUSTOMER_ACTION
CARD,ACCOUNT_BLOCKED,18632,4,2,0.25,22,0,0,PERMANENT
NETBANKING,CARD_DECLINED,30526,4,2,0.16,21,1,1,CUSTOMER_ACTION
NETBANKING,INVALID_ACCOUNT,29448,4,2,0.44,2,1,0,PERMANENT
CARD,INVALID_ACCOUNT,45360,1,2,0.43,1,0,1,PERMANENT
CARD,CARD_DECLINED,45911,2,3,0.11,18,1,1,CUSTOMER_ACTION
CARD,EXPIRED_CARD,29026,1,0,0.44,18,1,0,PERMANENT
CARD,EXPIRED_CARD,13593,1,5,0.19,14,0,0,PERMANENT
UPI,FRAUD_SUSPECTED,10684,2,3,0.21,6,1,1,RISK
CARD,INSUFFICIENT_FUNDS,40344,3,4,0.31,17,1,1,CUSTOMER_ACTION
CARD,FRAUD_SUSPECTED,43187,4,1,0.16,10,1,1,RISK
NETBANKING,CARD_DECLINED,16968,1,2,0.31,12,0,0,CUSTOMER_ACTION
NETBANKING,FRAUD_SUSPECTED,29649,3,1,0.29,8,1,1,RISK
NETBANKING,GATEWAY_TIMEOUT,43182,2,1,0.12,18,1,1,TRANSIENT
NETBANKING,CARD_DECLINED,14421,3,0,0.13,3,0,1,CUSTOMER_ACTION
NETBANKING,INSUFFICIENT_FUNDS,11459,1,3,0.38,15,1,1,CUSTOMER_ACTION
CARD,FRAUD_SUSPECTED,41407,4,2,0.17,18,0,0,RISK
UPI,BANK_TIMEOUT,2912,3,2,0.29,9,1,0,TRANSIENT
NETBANKING,INSUFFICIENT_FUNDS,3678,1,1,0.45,11,0,0,CUSTOMER_ACTION
NETBANKING,BANK_TIMEOUT,30342,3,3,0.43,16,1,0,TRANSIENT
NETBANKING,FRAUD_SUSPECTED,44503,4,0,0.28,13,0,0,RISK
NETBANKING,NETWORK_ERROR,23725,3,1,0.14,10,1,1,TRANSIENT
UPI,INSUFFICIENT_FUNDS,14702,3,0,0.44,9,0,0,CUSTOMER_ACTION
NETBANKING,EXPIRED_CARD,48653,2,0,0.43,6,1,1,PERMANENT
CARD,FRAUD_SUSPECTED,26745,2,5,0.06,9,0,1,RISK
NETBANKING,ACCOUNT_BLOCKED,1936,1,4,0.4,20,1,0,PERMANENT
NETBANKING,FRAUD_SUSPECTED,3384,2,5,0.05,21,1,1,RISK
CARD,FRAUD_SUSPECTED,17368,2,0,0.16,10,0,0,RISK
UPI,CARD_DECLINED,10806,2,4,0.31,8,1,1,CUSTOMER_ACTION
CARD,FRAUD_SUSPECTED,49357,3,5,0.44,5,0,0,RISK
NETBANKING,INSUFFICIENT_FUNDS,15420,1,1,0.02,10,1,0,CUSTOMER_ACTION
UPI,INSUFFICIENT_FUNDS,15155,1,1,0.11,13,1,1,CUSTOMER_ACTION
NETBANKING,GATEWAY_TIMEOUT,8151,4,3,0.19,0,1,1,TRANSIENT
NETBANKING,CARD_DECLINED,40074,3,2,0.13,23,0,0,CUSTOMER_ACTION
UPI,FRAUD_SUSPECTED,3773,1,1,0.46,23,1,1,RISK
UPI,INSUFFICIENT_FUNDS,14307,3,5,0.46,4,0,0,CUSTOMER_ACTION
UPI,FRAUD_SUSPECTED,38210,1,0,0.23,5,0,0,RISK
CARD,FRAUD_SUSPECTED,3933,4,5,0.21,8,1,0,RISK
CARD,ACCOUNT_BLOCKED,17168,4,0,0.31,19,0,1,PERMANENT
CARD,NETWORK_ERROR,42031,2,4,0.44,14,0,1,TRANSIENT
NETBANKING,CARD_DECLINED,4300,2,1,0.17,1,1,1,CUSTOMER_ACTION
NETBANKING,INVALID_ACCOUNT,16793,2,1,0.25,20,0,1,PERMANENT
UPI,BANK_TIMEOUT,8619,1,0,0.49,3,1,0,TRANSIENT
NETBANKING,CARD_DECLINED,36328,4,5,0.31,21,0,1,CUSTOMER_ACTION
CARD,NETWORK_ERROR,45554,1,5,0.47,19,0,1,TRANSIENT
NETBANKING,GATEWAY_TIMEOUT,40552,3,5,0.18,19,1,0,TRANSIENT
UPI,INVALID_CARD,11601,2,3,0.47,23,1,0,PERMANENT
UPI,CARD_DECLINED,10818,1,2,0.43,4,0,0,CUSTOMER_ACTION
CARD,EXPIRED_CARD,44607,3,5,0.41,18,1,0,PERMANENT
NETBANKING,INSUFFICIENT_FUNDS,35461,2,1,0.49,9,1,1,CUSTOMER_ACTION
NETBANKING,NETWORK_ERROR,34084,4,4,0.3,10,0,1,TRANSIENT
UPI,INVALID_CARD,776,3,4,0.34,16,1,0,PERMANENT
NETBANKING,FRAUD_SUSPECTED,29472,4,2,0.32,5,1,1,RISK
NETBANKING,INSUFFICIENT_FUNDS,48667,3,3,0.12,5,1,1,CUSTOMER_ACTION
UPI,INVALID_ACCOUNT,10586,3,4,0.09,13,0,1,PERMANENT
UPI,FRAUD_SUSPECTED,39722,2,0,0.33,18,0,0,RISK
UPI,FRAUD_SUSPECTED,21240,4,1,0.03,18,1,1,RISK
CARD,EXPIRED_CARD,16114,4,5,0.36,4,1,0,PERMANENT
UPI,FRAUD_SUSPECTED,28376,4,0,0.17,8,0,1,RISK
UPI,BANK_TIMEOUT,47538,1,1,0.33,1,0,1,TRANSIENT
UPI,INSUFFICIENT_FUNDS,42198,1,1,0.43,3,0,0,CUSTOMER_ACTION
NETBANKING,FRAUD_SUSPECTED,43533,1,5,0.19,4,1,1,RISK
CARD,ACCOUNT_BLOCKED,652,1,4,0.06,10,1,0,PERMANENT
CARD,INVALID_ACCOUNT,49257,2,5,0.01,12,0,1,PERMANENT
UPI,ACCOUNT_BLOCKED,20657,3,5,0.48,20,1,1,PERMANENT
NETBANKING,INVALID_ACCOUNT,7882,4,5,0.07,9,0,0,PERMANENT
UPI,CARD_DECLINED,11833,1,1,0.1,9,0,0,CUSTOMER_ACTION
NETBANKING,FRAUD_SUSPECTED,16676,2,0,0.15,15,0,0,RISK
UPI,ACCOUNT_BLOCKED,49930,4,4,0.31,19,1,0,PERMANENT
UPI,INSUFFICIENT_FUNDS,48292,1,0,0.12,13,1,1,CUSTOMER_ACTION
NETBANKING,GATEWAY_TIMEOUT,48932,2,5,0.01,0,1,0,TRANSIENT
UPI,CARD_DECLINED,35749,4,1,0.44,0,1,0,CUSTOMER_ACTION
CARD,FRAUD_SUSPECTED,16108,2,4,0.36,11,0,1,RISK
UPI,INSUFFICIENT_FUNDS,29663,4,4,0.35,5,1,1,CUSTOMER_ACTION
UPI,INSUFFICIENT_FUNDS,36525,2,4,0.31,12,0,0,CUSTOMER_ACTION
NETBANKING,ACCOUNT_BLOCKED,5559,3,5,0.07,20,1,0,PERMANENT
UPI,ACCOUNT_BLOCKED,16341,4,4,0.16,3,0,0,PERMANENT
NETBANKING,INSUFFICIENT_FUNDS,33250,2,1,0.45,22,0,0,CUSTOMER_ACTION
UPI,CARD_DECLINED,30317,1,4,0.24,22,0,1,CUSTOMER_ACTION
CARD,ACCOUNT_BLOCKED,6324,1,3,0.38,23,1,0,PERMANENT
NETBANKING,GATEWAY_TIMEOUT,34352,1,5,0.41,7,0,0,TRANSIENT
CARD,ACCOUNT_BLOCKED,7753,4,4,0.35,11,1,0,PERMANENT
NETBANKING,FRAUD_SUSPECTED,32702,2,5,0.34,22,0,1,RISK
NETBANKING,INVALID_ACCOUNT,26265,4,1,0.31,11,0,0,PERMANENT
UPI,FRAUD_SUSPECTED,20288,2,2,0.17,19,1,1,RISK
NETBANKING,NETWORK_ERROR,19620,2,4,0.43,0,1,1,TRANSIENT
NETBANKING,EXPIRED_CARD,27101,4,4,0.49,9,0,1,PERMANENT
UPI,ACCOUNT_BLOCKED,36959,1,4,0.39,14,1,1,PERMANENT
NETBANKING,FRAUD_SUSPECTED,40588,3,3,0.15,16,0,1,RISK
CARD,NETWORK_ERROR,15994,3,3,0.26,20,1,0,TRANSIENT
CARD,INVALID_CARD,19299,1,2,0.15,0,0,1,PERMANENT
UPI,NETWORK_ERROR,7850,1,1,0.21,14,0,1,TRANSIENT
NETBANKING,INVALID_ACCOUNT,39541,1,0,0.42,5,1,1,PERMANENT
UPI,FRAUD_SUSPECTED,135,2,5,0.4,10,1,1,RISK
CARD,CARD_DECLINED,48826,1,4,0.18,7,0,0,CUSTOMER_ACTION
UPI,INVALID_ACCOUNT,3196,1,1,0.03,11,1,1,PERMANENT
NETBANKING,GATEWAY_TIMEOUT,23423,2,0,0.46,11,1,1,TRANSIENT
CARD,GATEWAY_TIMEOUT,37149,2,3,0.49,21,1,1,TRANSIENT
NETBANKING,INVALID_CARD,49984,4,5,0.46,20,0,1,PERMANENT
NETBANKING,CARD_DECLINED,2388,1,0,0.32,6,1,1,CUSTOMER_ACTION
UPI,BANK_TIMEOUT,17885,3,2,0.48,8,0,0,TRANSIENT
CARD,ACCOUNT_BLOCKED,43698,3,3,0.28,12,1,0,PERMANENT
CARD,FRAUD_SUSPECTED,9390,2,0,0.17,11,1,1,RISK
CARD,CARD_DECLINED,11782,2,1,0.07,0,1,0,CUSTOMER_ACTION
CARD,CARD_DECLINED,2026,3,3,0.16,12,1,1,CUSTOMER_ACTION
NETBANKING,FRAUD_SUSPECTED,14703,4,2,0.09,7,0,1,RISK
UPI,NETWORK_ERROR,9090,3,2,0.37,6,0,0,TRANSIENT
NETBANKING,BANK_TIMEOUT,16427,4,1,0.33,2,0,1,TRANSIENT
NETBANKING,INSUFFICIENT_FUNDS,30463,4,1,0.22,8,0,1,CUSTOMER_ACTION
NETBANKING,FRAUD_SUSPECTED,21381,2,1,0.3,9,0,1,RISK
UPI,CARD_DECLINED,26712,1,4,0.17,11,0,1,CUSTOMER_ACTION
CARD,BANK_TIMEOUT,3522,1,2,0.16,2,1,1,TRANSIENT
CARD,INVALID_ACCOUNT,31007,2,2,0.32,11,0,1,PERMANENT
UPI,INVALID_ACCOUNT,30328,1,2,0.29,22,1,0,PERMANENT
NETBANKING,FRAUD_SUSPECTED,13415,1,2,0.12,16,0,0,RISK
NETBANKING,INSUFFICIENT_FUNDS,14371,4,0,0.44,2,0,0,CUSTOMER_ACTION
UPI,CARD_DECLINED,33718,4,4,0.27,5,0,1,CUSTOMER_ACTION
NETBANKING,CARD_DECLINED,31243,2,0,0.15,17,1,0,CUSTOMER_ACTION
CARD,FRAUD_SUSPECTED,11997,1,3,0.35,13,1,0,RISK
CARD,FRAUD_SUSPECTED,33645,1,0,0.26,3,1,1,RISK
CARD,EXPIRED_CARD,18398,4,3,0.05,15,1,1,PERMANENT
NETBANKING,CARD_DECLINED,4379,3,1,0.11,12,0,1,CUSTOMER_ACTION
CARD,ACCOUNT_BLOCKED,22477,1,4,0.3,18,0,0,PERMANENT
NETBANKING,BANK_TIMEOUT,39131,3,3,0.12,0,0,1,TRANSIENT
NETBANKING,INSUFFICIENT_FUNDS,5669,4,5,0.27,9,0,1,CUSTOMER_ACTION
NETBANKING,INVALID_ACCOUNT,33824,3,4,0.38,21,1,1,PERMANENT
NETBANKING,EXPIRED_CARD,24409,4,2,0.32,18,1,0,PERMANENT
UPI,GATEWAY_TIMEOUT,11840,2,0,0.23,18,1,0,TRANSIENT
NETBANKING,CARD_DECLINED,35518,2,5,0.31,14,0,1,CUSTOMER_ACTION
NETBANKING,NETWORK_ERROR,34776,3,2,0.46,3,1,0,TRANSIENT
UPI,ACCOUNT_BLOCKED,34380,4,4,0.06,5,0,0,PERMANENT
CARD,CARD_DECLINED,35251,1,0,0.29,19,1,0,CUSTOMER_ACTION
NETBANKING,FRAUD_SUSPECTED,844,1,5,0.4,21,0,0,RISK
NETBANKING,ACCOUNT_BLOCKED,3179,3,2,0.08,13,1,0,PERMANENT
UPI,CARD_DECLINED,41256,3,5,0.26,0,1,0,CUSTOMER_ACTION
UPI,FRAUD_SUSPECTED,44227,4,0,0.38,3,0,0,RISK
UPI,BANK_TIMEOUT,35006,2,4,0.49,9,0,1,TRANSIENT
UPI,FRAUD_SUSPECTED,47515,4,0,0.29,22,1,0,RISK
CARD,BANK_TIMEOUT,21578,1,1,0.16,22,1,0,TRANSIENT
CARD,INVALID_CARD,45789,4,1,0.2,12,0,1,PERMANENT
NETBANKING,BANK_TIMEOUT,22951,4,4,0.13,11,0,0,TRANSIENT
CARD,GATEWAY_TIMEOUT,35787,3,3,0.05,20,1,1,TRANSIENT
NETBANKING,INSUFFICIENT_FUNDS,22009,4,3,0.13,15,0,1,CUSTOMER_ACTION
UPI,FRAUD_SUSPECTED,24992,3,1,0.2,21,0,0,RISK
CARD,CARD_DECLINED,12008,4,0,0.43,17,1,1,CUSTOMER_ACTION
CARD,INVALID_CARD,16442,3,1,0.27,12,1,1,PERMANENT
NETBANKING,GATEWAY_TIMEOUT,27114,1,0,0.45,19,1,1,TRANSIENT
NETBANKING,CARD_DECLINED,41703,3,3,0.42,1,1,0,CUSTOMER_ACTION
NETBANKING,BANK_TIMEOUT,36814,1,1,0.25,6,0,1,TRANSIENT
CARD,CARD_DECLINED,13766,4,1,0.47,16,0,1,CUSTOMER_ACTION
CARD,FRAUD_SUSPECTED,7706,2,4,0.17,6,0,1,RISK
CARD,NETWORK_ERROR,26454,3,5,0.38,21,0,0,TRANSIENT
NETBANKING,CARD_DECLINED,33467,4,2,0.44,11,0,0,CUSTOMER_ACTION
UPI,FRAUD_SUSPECTED,32275,1,3,0.14,6,0,1,RISK
CARD,BANK_TIMEOUT,17859,1,1,0.16,6,0,1,TRANSIENT
CARD,CARD_DECLINED,42822,3,4,0.12,7,0,1,CUSTOMER_ACTION
CARD,FRAUD_SUSPECTED,1012,3,0,0.12,0,0,0,RISK
NETBANKING,FRAUD_SUSPECTED,41840,4,0,0.1,4,1,0,RISK
UPI,FRAUD_SUSPECTED,2689,3,0,0.33,5,0,0,RISK
NETBANKING,GATEWAY_TIMEOUT,23437,4,3,0.08,8,1,0,TRANSIENT
NETBANKING,BANK_TIMEOUT,45329,4,5,0.3,22,1,0,TRANSIENT
CARD,INSUFFICIENT_FUNDS,24429,2,4,0.33,1,1,1,CUSTOMER_ACTION
UPI,GATEWAY_TIMEOUT,9550,3,4,0.48,0,1,0,TRANSIENT
NETBANKING,INVALID_ACCOUNT,26764,2,1,0.1,2,1,1,PERMANENT
CARD,INSUFFICIENT_FUNDS,1016,3,5,0.33,6,0,1,CUSTOMER_ACTION
NETBANKING,BANK_TIMEOUT,40854,1,0,0.1,12,1,0,TRANSIENT
UPI,EXPIRED_CARD,31222,1,1,0.28,14,0,0,PERMANENT
UPI,INSUFFICIENT_FUNDS,39064,3,1,0.2,13,0,0,CUSTOMER_ACTION
CARD,FRAUD_SUSPECTED,35732,1,0,0.18,15,1,0,RISK
CARD,BANK_TIMEOUT,16051,2,2,0.48,18,0,0,TRANSIENT
NETBANKING,EXPIRED_CARD,30343,1,1,0.38,1,1,0,PERMANENT
UPI,INSUFFICIENT_FUNDS,13482,4,4,0.03,16,1,0,CUSTOMER_ACTION
UPI,ACCOUNT_BLOCKED,12265,1,0,0.4,8,1,1,PERMANENT
CARD,INVALID_CARD,7371,2,4,0.41,2,1,0,PERMANENT
CARD,INVALID_ACCOUNT,16148,4,0,0.49,4,0,1,PERMANENT
UPI,FRAUD_SUSPECTED,23728,2,0,0.33,0,0,1,RISK
NETBANKING,INSUFFICIENT_FUNDS,17786,1,1,0.48,21,0,1,CUSTOMER_ACTION
CARD,FRAUD_SUSPECTED,11915,4,4,0.02,21,0,1,RISK
UPI,FRAUD_SUSPECTED,14822,2,3,0.21,20,1,1,RISK
UPI,GATEWAY_TIMEOUT,17817,3,5,0.19,17,1,0,TRANSIENT
UPI,INVALID_CARD,7031,1,4,0.34,10,0,0,PERMANENT
NETBANKING,ACCOUNT_BLOCKED,18812,4,2,0.24,13,1,0,PERMANENT
CARD,CARD_DECLINED,3952,1,4,0.27,9,1,1,CUSTOMER_ACTION
NETBANKING,GATEWAY_TIMEOUT,15220,4,5,0.28,2,0,0,TRANSIENT
NETBANKING,INVALID_ACCOUNT,37275,2,0,0.22,1,0,1,PERMANENT
NETBANKING,CARD_DECLINED,47965,2,1,0.39,7,1,1,CUSTOMER_ACTION
CARD,INVALID_ACCOUNT,2660,2,0,0.12,16,1,1,PERMANENT
UPI,FRAUD_SUSPECTED,9801,1,1,0.04,5,0,1,RISK
CARD,INSUFFICIENT_FUNDS,21651,1,1,0.38,0,0,0,CUSTOMER_ACTION
NETBANKING,GATEWAY_TIMEOUT,24800,2,2,0.37,12,1,0,TRANSIENT
UPI,GATEWAY_TIMEOUT,320,1,0,0.13,12,0,0,TRANSIENT
NETBANKING,NETWORK_ERROR,49446,2,1,0.08,15,0,1,TRANSIENT
CARD,INVALID_CARD,683,3,2,0.28,2,1,1,PERMANENT
UPI,FRAUD_SUSPECTED,2762,1,0,0.46,18,1,0,RISK
UPI,CARD_DECLINED,6442,2,3,0.05,3,0,1,CUSTOMER_ACTION
NETBANKING,GATEWAY_TIMEOUT,36491,3,5,0.14,16,0,1,TRANSIENT
UPI,INSUFFICIENT_FUNDS,41775,3,5,0.02,11,0,1,CUSTOMER_ACTION
CARD,CARD_DECLINED,27042,1,3,0.17,18,1,1,CUSTOMER_ACTION
CARD,FRAUD_SUSPECTED,29041,2,5,0.04,1,0,1,RISK
NETBANKING,BANK_TIMEOUT,35428,1,5,0.26,4,0,1,TRANSIENT
UPI,FRAUD_SUSPECTED,25729,2,0,0.27,16,0,1,RISK
UPI,FRAUD_SUSPECTED,30742,2,2,0.32,6,1,1,RISK
CARD,INSUFFICIENT_FUNDS,29881,1,0,0.15,5,0,0,CUSTOMER_ACTION
NETBANKING,FRAUD_SUSPECTED,7714,4,0,0.32,20,1,1,RISK
NETBANKING,NETWORK_ERROR,26155,1,0,0.04,19,0,0,TRANSIENT
CARD,NETWORK_ERROR,26864,1,0,0.05,17,0,0,TRANSIENT
UPI,INVALID_CARD,5980,2,1,0.49,4,1,0,PERMANENT
UPI,FRAUD_SUSPECTED,2024,3,4,0.36,0,1,1,RISK
UPI,INVALID_ACCOUNT,47974,3,2,0.2,1,1,0,PERMANENT
CARD,CARD_DECLINED,14436,3,3,0.41,0,0,0,CUSTOMER_ACTION
UPI,FRAUD_SUSPECTED,24082,4,5,0.37,20,0,1,RISK
CARD,EXPIRED_CARD,15492,3,4,0.48,2,1,1,PERMANENT
CARD,INSUFFICIENT_FUNDS,49701,1,5,0.34,14,0,1,CUSTOMER_ACTION
NETBANKING,INVALID_CARD,25789,4,5,0.41,11,1,0,PERMANENT
UPI,CARD_DECLINED,40824,4,3,0.43,14,1,1,CUSTOMER_ACTION
UPI,ACCOUNT_BLOCKED,43510,2,4,0.04,6,1,0,PERMANENT
UPI,NETWORK_ERROR,33540,3,4,0.29,9,0,0,TRANSIENT
CARD,CARD_DECLINED,13828,3,0,0.16,13,1,0,CUSTOMER_ACTION
UPI,BANK_TIMEOUT,22138,4,2,0.31,11,0,1,TRANSIENT
UPI,FRAUD_SUSPECTED,26292,3,2,0.32,2,0,0,RISK
NETBANKING,EXPIRED_CARD,36173,1,4,0.08,7,0,1,PERMANENT
UPI,CARD_DECLINED,22209,3,4,0.44,16,0,0,CUSTOMER_ACTION
NETBANKING,FRAUD_SUSPECTED,1620,4,3,0.14,0,1,0,RISK
UPI,BANK_TIMEOUT,6070,2,2,0.16,21,1,0,TRANSIENT
UPI,INSUFFICIENT_FUNDS,7863,4,0,0.16,23,1,0,CUSTOMER_ACTION
UPI,CARD_DECLINED,6685,4,0,0.49,6,0,0,CUSTOMER_ACTION
NETBANKING,INSUFFICIENT_FUNDS,29376,1,0,0.05,8,0,0,CUSTOMER_ACTION
CARD,CARD_DECLINED,7753,2,0,0.38,15,0,1,CUSTOMER_ACTION
NETBANKING,INVALID_CARD,6978,4,1,0.38,11,0,1,PERMANENT
NETBANKING,GATEWAY_TIMEOUT,18770,4,4,0.17,11,0,0,TRANSIENT
CARD,BANK_TIMEOUT,22429,2,2,0.27,22,0,0,TRANSIENT
NETBANKING,EXPIRED_CARD,34734,4,4,0.37,15,0,1,PERMANENT
UPI,GATEWAY_TIMEOUT,30767,1,3,0.06,0,0,1,TRANSIENT
UPI,INSUFFICIENT_FUNDS,44457,4,2,0.25,3,0,1,CUSTOMER_ACTION
UPI,FRAUD_SUSPECTED,29421,4,4,0.43,0,0,1,RISK
NETBANKING,GATEWAY_TIMEOUT,47044,3,2,0.24,16,0,0,TRANSIENT
NETBANKING,CARD_DECLINED,19312,2,1,0.11,12,0,0,CUSTOMER_ACTION
NETBANKING,NETWORK_ERROR,2593,4,4,0.34,12,1,1,TRANSIENT
NETBANKING,FRAUD_SUSPECTED,31043,1,3,0.4,21,1,0,RISK
UPI,INVALID_CARD,37984,3,5,0.38,4,0,1,PERMANENT
UPI,GATEWAY_TIMEOUT,26745,3,1,0.2,0,1,0,TRANSIENT
CARD,INSUFFICIENT_FUNDS,3142,3,1,0.15,6,0,0,CUSTOMER_ACTION
NETBANKING,CARD_DECLINED,19291,1,1,0.02,9,0,1,CUSTOMER_ACTION
CARD,BANK_TIMEOUT,15083,1,1,0.06,2,1,1,TRANSIENT
NETBANKING,FRAUD_SUSPECTED,19157,4,5,0.4,7,1,0,RISK
UPI,FRAUD_SUSPECTED,305,3,0,0.41,8,1,1,RISK
CARD,FRAUD_SUSPECTED,33232,4,0,0.17,7,1,1,RISK
NETBANKING,BANK_TIMEOUT,5104,4,3,0.17,3,0,0,TRANSIENT
NETBANKING,FRAUD_SUSPECTED,6552,3,2,0.14,12,0,1,RISK
NETBANKING,INSUFFICIENT_FUNDS,25223,1,1,0.15,9,1,1,CUSTOMER_ACTION
CARD,FRAUD_SUSPECTED,30807,2,0,0.19,14,0,0,RISK
UPI,EXPIRED_CARD,32870,4,0,0.19,8,1,0,PERMANENT
UPI,INVALID_CARD,6503,4,2,0.16,7,0,0,PERMANENT
UPI,INVALID_ACCOUNT,19873,3,5,0.23,5,1,0,PERMANENT
CARD,INSUFFICIENT_FUNDS,17110,4,5,0.27,4,1,0,CUSTOMER_ACTION
CARD,FRAUD_SUSPECTED,27403,4,2,0.08,14,1,0,RISK
UPI,CARD_DECLINED,46395,2,2,0.11,17,1,1,CUSTOMER_ACTION
CARD,EXPIRED_CARD,39666,2,1,0.45,13,1,0,PERMANENT
CARD,INVALID_CARD,33982,4,4,0.34,5,0,1,PERMANENT
CARD,FRAUD_SUSPECTED,494,3,0,0.35,19,0,1,RISK
NETBANKING,CARD_DECLINED,5592,3,4,0.43,13,1,0,CUSTOMER_ACTION
NETBANKING,FRAUD_SUSPECTED,43107,3,3,0.23,23,1,1,RISK
CARD,INVALID_ACCOUNT,16791,2,3,0.43,18,0,0,PERMANENT
UPI,FRAUD_SUSPECTED,31351,2,3,0.38,4,1,0,RISK
NETBANKING,INSUFFICIENT_FUNDS,11638,2,5,0.08,3,0,0,CUSTOMER_ACTION
NETBANKING,INVALID_ACCOUNT,32218,4,4,0.07,15,0,1,PERMANENT
CARD,INSUFFICIENT_FUNDS,10429,3,0,0.15,17,1,0,CUSTOMER_ACTION
UPI,NETWORK_ERROR,6887,4,4,0.01,18,0,0,TRANSIENT
NETBANKING,BANK_TIMEOUT,27180,1,0,0.5,8,0,1,TRANSIENT
UPI,FRAUD_SUSPECTED,4068,4,4,0.02,2,1,1,RISK
UPI,BANK_TIMEOUT,26318,2,3,0.44,1,1,0,TRANSIENT
NETBANKING,NETWORK_ERROR,13094,2,1,0.21,14,0,1,TRANSIENT
NETBANKING,FRAUD_SUSPECTED,14771,1,3,0.09,8,1,1,RISK
NETBANKING,INSUFFICIENT_FUNDS,14668,1,5,0.2,10,1,0,CUSTOMER_ACTION
NETBANKING,CARD_DECLINED,47844,3,0,0.35,7,0,0,CUSTOMER_ACTION
CARD,EXPIRED_CARD,11908,1,1,0.45,3,1,0,PERMANENT
CARD,FRAUD_SUSPECTED,37010,4,0,0.07,13,1,1,RISK
UPI,INVALID_ACCOUNT,29828,2,4,0.33,11,0,1,PERMANENT
UPI,FRAUD_SUSPECTED,29764,1,4,0.43,13,1,0,RISK
CARD,ACCOUNT_BLOCKED,49483,4,0,0.09,17,0,0,PERMANENT
UPI,INSUFFICIENT_FUNDS,12300,1,2,0.39,9,0,0,CUSTOMER_ACTION
NETBANKING,FRAUD_SUSPECTED,37614,1,4,0.12,5,1,0,RISK
UPI,INSUFFICIENT_FUNDS,529,2,1,0.19,1,0,1,CUSTOMER_ACTION
UPI,FRAUD_SUSPECTED,7539,2,2,0.15,22,0,0,RISK
NETBANKING,INVALID_ACCOUNT,13741,2,1,0.1,5,1,0,PERMANENT
NETBANKING,EXPIRED_CARD,28067,2,0,0.41,0,1,0,PERMANENT
CARD,BANK_TIMEOUT,49426,3,0,0.09,18,0,1,TRANSIENT
CARD,FRAUD_SUSPECTED,40190,2,0,0.07,7,1,1,RISK
CARD,INSUFFICIENT_FUNDS,30232,3,4,0.19,5,0,0,CUSTOMER_ACTION
NETBANKING,EXPIRED_CARD,17676,1,4,0.11,14,1,0,PERMANENT
CARD,INSUFFICIENT_FUNDS,29351,1,5,0.12,15,1,0,CUSTOMER_ACTION
CARD,EXPIRED_CARD,18061,4,2,0.08,16,1,1,PERMANENT
UPI,INVALID_CARD,46055,1,4,0.22,14,0,0,PERMANENT
NETBANKING,GATEWAY_TIMEOUT,10476,3,2,0.44,8,0,0,TRANSIENT
UPI,INSUFFICIENT_FUNDS,23288,2,2,0.18,10,0,1,CUSTOMER_ACTION
UPI,INSUFFICIENT_FUNDS,38234,1,2,0.13,1,1,1,CUSTOMER_ACTION
CARD,EXPIRED_CARD,30648,2,2,0.35,8,0,0,PERMANENT
NETBANKING,GATEWAY_TIMEOUT,15583,3,5,0.4,10,0,0,TRANSIENT
NETBANKING,NETWORK_ERROR,31760,4,0,0.22,20,1,0,TRANSIENT
UPI,INSUFFICIENT_FUNDS,38694,4,2,0.06,19,0,0,CUSTOMER_ACTION
NETBANKING,FRAUD_SUSPECTED,35679,3,3,0.14,16,1,1,RISK
CARD,INSUFFICIENT_FUNDS,45940,4,5,0.4,4,1,0,CUSTOMER_ACTION
NETBANKING,GATEWAY_TIMEOUT,17540,4,3,0.07,18,0,1,TRANSIENT
NETBANKING,FRAUD_SUSPECTED,20998,3,0,0.4,12,0,0,RISK
CARD,INSUFFICIENT_FUNDS,665,1,4,0.1,23,1,0,CUSTOMER_ACTION
UPI,FRAUD_SUSPECTED,36306,4,1,0.3,8,0,0,RISK
UPI,BANK_TIMEOUT,16201,3,0,0.15,18,0,0,TRANSIENT
NETBANKING,GATEWAY_TIMEOUT,43034,4,3,0.09,22,1,0,TRANSIENT
CARD,CARD_DECLINED,116,3,2,0.42,1,1,1,CUSTOMER_ACTION
UPI,INSUFFICIENT_FUNDS,31374,3,5,0.03,22,0,0,CUSTOMER_ACTION
UPI,GATEWAY_TIMEOUT,37778,2,1,0.19,6,0,0,TRANSIENT
CARD,CARD_DECLINED,6237,1,4,0.12,0,0,1,CUSTOMER_ACTION
UPI,GATEWAY_TIMEOUT,30338,4,5,0.03,12,1,1,TRANSIENT
NETBANKING,GATEWAY_TIMEOUT,27493,1,3,0.49,4,1,1,TRANSIENT
UPI,CARD_DECLINED,1065,3,1,0.24,6,1,1,CUSTOMER_ACTION
CARD,NETWORK_ERROR,43290,2,1,0.34,6,0,1,TRANSIENT
NETBANKING,BANK_TIMEOUT,40550,3,2,0.36,13,1,0,TRANSIENT
CARD,INSUFFICIENT_FUNDS,22969,3,2,0.07,23,0,1,CUSTOMER_ACTION
CARD,CARD_DECLINED,43254,4,4,0.19,13,0,1,CUSTOMER_ACTION
NETBANKING,CARD_DECLINED,19257,2,4,0.49,8,1,0,CUSTOMER_ACTION
CARD,INVALID_ACCOUNT,6659,4,0,0.5,15,0,0,PERMANENT
UPI,FRAUD_SUSPECTED,11155,3,4,0.12,9,1,1,RISK
UPI,NETWORK_ERROR,14453,3,2,0.22,10,0,1,TRANSIENT
NETBANKING,FRAUD_SUSPECTED,49963,1,1,0.19,9,1,0,RISK
CARD,EXPIRED_CARD,36761,1,2,0.35,5,0,1,PERMANENT
NETBANKING,FRAUD_SUSPECTED,892,1,4,0.18,16,1,1,RISK
UPI,INVALID_ACCOUNT,6088,4,5,0.15,10,0,0,PERMANENT
NETBANKING,CARD_DECLINED,5189,3,5,0.22,9,1,1,CUSTOMER_ACTION
UPI,NETWORK_ERROR,29958,3,2,0.11,1,1,1,TRANSIENT
CARD,GATEWAY_TIMEOUT,42818,3,3,0.14,13,1,0,TRANSIENT
CARD,EXPIRED_CARD,36371,1,2,0.33,22,0,1,PERMANENT
UPI,BANK_TIMEOUT,29775,4,5,0.09,3,0,1,TRANSIENT
NETBANKING,FRAUD_SUSPECTED,29881,4,0,0.15,7,1,1,RISK
CARD,INVALID_CARD,2492,2,5,0.13,8,1,0,PERMANENT
CARD,INSUFFICIENT_FUNDS,31756,4,5,0.11,12,1,0,CUSTOMER_ACTION
NETBANKING,INSUFFICIENT_FUNDS,12119,4,3,0.45,15,1,0,CUSTOMER_ACTION
CARD,GATEWAY_TIMEOUT,33397,4,2,0.12,10,0,1,TRANSIENT
NETBANKING,EXPIRED_CARD,27278,2,2,0.34,5,1,1,PERMANENT
CARD,GATEWAY_TIMEOUT,41891,3,0,0.42,20,1,0,TRANSIENT
NETBANKING,INSUFFICIENT_FUNDS,29945,1,2,0.33,17,1,0,CUSTOMER_ACTION
UPI,ACCOUNT_BLOCKED,26781,4,1,0.1,1,0,1,PERMANENT
CARD,INSUFFICIENT_FUNDS,12660,2,4,0.42,2,0,1,CUSTOMER_ACTION
UPI,GATEWAY_TIMEOUT,27538,3,1,0.39,7,1,0,TRANSIENT
NETBANKING,INVALID_CARD,27814,3,4,0.14,12,1,0,PERMANENT
NETBANKING,BANK_TIMEOUT,45677,2,0,0.34,7,1,1,TRANSIENT
CARD,BANK_TIMEOUT,23613,4,3,0.02,12,0,0,TRANSIENT
UPI,FRAUD_SUSPECTED,230,3,2,0.5,16,0,1,RISK
NETBANKING,CARD_DECLINED,16179,1,5,0.08,22,0,1,CUSTOMER_ACTION
CARD,NETWORK_ERROR,32998,1,3,0.32,20,1,0,TRANSIENT
NETBANKING,NETWORK_ERROR,34683,1,0,0.2,8,0,0,TRANSIENT
UPI,FRAUD_SUSPECTED,29510,1,0,0.24,19,0,1,RISK
CARD,FRAUD_SUSPECTED,3240,2,0,0.26,17,0,0,RISK
CARD,EXPIRED_CARD,9944,2,4,0.47,17,0,1,PERMANENT
UPI,FRAUD_SUSPECTED,43387,1,3,0.08,16,1,0,RISK
UPI,INVALID_ACCOUNT,5032,4,4,0.01,18,0,1,PERMANENT
CARD,BANK_TIMEOUT,26717,4,1,0.02,1,0,0,TRANSIENT
CARD,INSUFFICIENT_FUNDS,3823,2,3,0.11,8,1,1,CUSTOMER_ACTION
NETBANKING,CARD_DECLINED,25101,2,5,0.13,16,1,0,CUSTOMER_ACTION
UPI,BANK_TIMEOUT,48320,3,5,0.47,4,1,0,TRANSIENT
CARD,FRAUD_SUSPECTED,39203,1,4,0.05,4,0,1,RISK
UPI,FRAUD_SUSPECTED,12069,3,4,0.23,22,0,0,RISK
UPI,ACCOUNT_BLOCKED,8741,3,1,0.19,4,1,0,PERMANENT
UPI,FRAUD_SUSPECTED,45870,4,2,0.26,2,1,1,RISK
UPI,FRAUD_SUSPECTED,26321,3,4,0.28,3,1,1,RISK
NETBANKING,EXPIRED_CARD,24311,3,5,0.21,4,0,0,PERMANENT
UPI,CARD_DECLINED,25079,4,3,0.31,19,1,1,CUSTOMER_ACTION
CARD,BANK_TIMEOUT,38207,3,4,0.41,21,0,0,TRANSIENT
UPI,NETWORK_ERROR,39738,4,1,0.09,13,0,0,TRANSIENT
CARD,ACCOUNT_BLOCKED,4862,4,4,0.3,5,0,1,PERMANENT
NETBANKING,EXPIRED_CARD,48415,2,1,0.17,17,1,1,PERMANENT
CARD,ACCOUNT_BLOCKED,40136,2,2,0.46,13,0,1,PERMANENT
CARD,BANK_TIMEOUT,34518,2,0,0.27,8,0,0,TRANSIENT
NETBANKING,FRAUD_SUSPECTED,34695,2,4,0.05,4,1,0,RISK
UPI,BANK_TIMEOUT,19078,3,0,0.33,21,1,1,TRANSIENT
CARD,INSUFFICIENT_FUNDS,48674,2,0,0.44,23,0,0,CUSTOMER_ACTION
UPI,FRAUD_SUSPECTED,13477,4,2,0.08,20,1,0,RISK
NETBANKING,GATEWAY_TIMEOUT,35499,4,5,0.17,21,1,1,TRANSIENT
CARD,INSUFFICIENT_FUNDS,844,3,4,0.49,20,0,0,CUSTOMER_ACTION
CARD,INSUFFICIENT_FUNDS,15312,1,4,0.47,13,1,0,CUSTOMER_ACTION
UPI,FRAUD_SUSPECTED,37349,1,5,0.49,11,1,0,RISK
CARD,BANK_TIMEOUT,43280,3,1,0.32,0,1,1,TRANSIENT
NETBANKING,INVALID_CARD,28320,3,3,0.08,20,1,0,PERMANENT
CARD,FRAUD_SUSPECTED,32261,3,0,0.36,10,0,0,RISK
NETBANKING,CARD_DECLINED,40645,3,3,0.06,1,1,1,CUSTOMER_ACTION
NETBANKING,EXPIRED_CARD,11212,1,3,0.5,11,0,0,PERMANENT
NETBANKING,INVALID_CARD,43566,2,0,0.08,10,0,0,PERMANENT
UPI,EXPIRED_CARD,30221,1,1,0.16,5,1,1,PERMANENT
CARD,FRAUD_SUSPECTED,36141,1,2,0.25,0,1,1,RISK
CARD,INSUFFICIENT_FUNDS,4404,1,5,0.42,13,1,0,CUSTOMER_ACTION
NETBANKING,NETWORK_ERROR,2335,3,0,0.25,7,0,1,TRANSIENT
CARD,NETWORK_ERROR,25234,2,2,0.03,2,1,0,TRANSIENT
NETBANKING,FRAUD_SUSPECTED,48726,1,5,0.37,3,1,1,RISK
NETBANKING,FRAUD_SUSPECTED,40676,4,5,0.19,19,0,1,RISK
CARD,GATEWAY_TIMEOUT,31085,1,0,0.15,18,0,0,TRANSIENT
CARD,FRAUD_SUSPECTED,7782,3,0,0.5,7,0,0,RISK
UPI,GATEWAY_TIMEOUT,44728,2,4,0.2,5,0,0,TRANSIENT
NETBANKING,FRAUD_SUSPECTED,18364,1,5,0.23,17,0,0,RISK
UPI,INVALID_ACCOUNT,39951,3,0,0.49,12,1,1,PERMANENT
NETBANKING,INSUFFICIENT_FUNDS,15614,3,5,0.21,6,0,0,CUSTOMER_ACTION
CARD,INVALID_ACCOUNT,1454,1,3,0.25,16,1,0,PERMANENT
NETBANKING,INSUFFICIENT_FUNDS,47000,1,4,0.35,2,1,0,CUSTOMER_ACTION
UPI,BANK_TIMEOUT,44713,2,3,0.2,3,1,1,TRANSIENT
CARD,FRAUD_SUSPECTED,10782,4,1,0.1,3,0,1,RISK
CARD,NETWORK_ERROR,44909,2,1,0.02,7,1,0,TRANSIENT
CARD,ACCOUNT_BLOCKED,23913,3,2,0.25,22,0,0,PERMANENT
CARD,INSUFFICIENT_FUNDS,49298,1,2,0.2,2,1,0,CUSTOMER_ACTION
CARD,FRAUD_SUSPECTED,25494,4,1,0.44,5,0,1,RISK
CARD,INVALID_CARD,15310,1,1,0.38,2,1,0,PERMANENT
CARD,CARD_DECLINED,36506,4,0,0.12,12,1,0,CUSTOMER_ACTION
CARD,FRAUD_SUSPECTED,15599,1,3,0.2,13,0,1,RISK
NETBANKING,BANK_TIMEOUT,34893,1,5,0.32,8,0,0,TRANSIENT
NETBANKING,BANK_TIMEOUT,2970,1,1,0.04,23,0,0,TRANSIENT
UPI,CARD_DECLINED,1627,3,2,0.09,6,1,1,CUSTOMER_ACTION
UPI,INVALID_ACCOUNT,7447,2,3,0.03,19,1,0,PERMANENT
CARD,CARD_DECLINED,32409,3,5,0.17,8,0,0,CUSTOMER_ACTION
NETBANKING,FRAUD_SUSPECTED,36592,3,5,0.15,10,0,0,RISK
UPI,GATEWAY_TIMEOUT,41428,1,5,0.28,12,1,1,TRANSIENT
CARD,CARD_DECLINED,21738,4,3,0.09,5,1,0,CUSTOMER_ACTION
NETBANKING,NETWORK_ERROR,32543,1,2,0.35,12,0,0,TRANSIENT
CARD,INVALID_CARD,9244,3,4,0.22,14,0,1,PERMANENT
CARD,EXPIRED_CARD,26714,1,1,0.11,2,1,1,PERMANENT
CARD,BANK_TIMEOUT,13144,1,0,0.23,21,0,1,TRANSIENT
CARD,INVALID_CARD,27837,1,2,0.27,18,0,1,PERMANENT
CARD,INSUFFICIENT_FUNDS,19906,1,1,0.13,10,1,1,CUSTOMER_ACTION
NETBANKING,FRAUD_SUSPECTED,24700,3,5,0.38,6,0,1,RISK
CARD,INVALID_CARD,47461,4,0,0.29,23,0,1,PERMANENT
NETBANKING,INVALID_ACCOUNT,26616,2,3,0.17,3,0,0,PERMANENT
CARD,FRAUD_SUSPECTED,41204,4,3,0.28,0,1,1,RISK
UPI,BANK_TIMEOUT,48995,4,3,0.4,2,1,0,TRANSIENT
UPI,GATEWAY_TIMEOUT,37040,2,1,0.02,11,1,1,TRANSIENT
UPI,INSUFFICIENT_FUNDS,9514,4,1,0.4,4,0,1,CUSTOMER_ACTION
UPI,FRAUD_SUSPECTED,12292,2,2,0.13,5,1,1,RISK
CARD,EXPIRED_CARD,10935,4,3,0.46,19,0,0,PERMANENT
UPI,FRAUD_SUSPECTED,9056,2,5,0.1,18,0,1,RISK
CARD,BANK_TIMEOUT,40525,2,1,0.38,5,1,1,TRANSIENT
CARD,INSUFFICIENT_FUNDS,32516,1,4,0.3,4,0,1,CUSTOMER_ACTION
UPI,FRAUD_SUSPECTED,21612,3,5,0.18,12,0,1,RISK
NETBANKING,FRAUD_SUSPECTED,45301,1,1,0.28,7,0,0,RISK
CARD,GATEWAY_TIMEOUT,18734,2,1,0.34,5,1,0,TRANSIENT
CARD,CARD_DECLINED,30734,4,1,0.11,2,1,0,CUSTOMER_ACTION
CARD,ACCOUNT_BLOCKED,47948,4,0,0.46,14,0,0,PERMANENT
UPI,FRAUD_SUSPECTED,24902,1,2,0.31,5,1,0,RISK
NETBANKING,FRAUD_SUSPECTED,2563,4,5,0.16,1,0,1,RISK
NETBANKING,FRAUD_SUSPECTED,42567,4,3,0.39,11,0,1,RISK
UPI,ACCOUNT_BLOCKED,24430,1,3,0.42,0,0,0,PERMANENT
NETBANKING,EXPIRED_CARD,43508,3,5,0.43,12,1,1,PERMANENT
NETBANKING,NETWORK_ERROR,29448,3,2,0.3,20,0,0,TRANSIENT
NETBANKING,CARD_DECLINED,37738,3,4,0.4,8,1,0,CUSTOMER_ACTION
UPI,FRAUD_SUSPECTED,18587,2,1,0.41,13,1,0,RISK
NETBANKING,INSUFFICIENT_FUNDS,14677,3,3,0.06,3,0,0,CUSTOMER_ACTION
NETBANKING,NETWORK_ERROR,18995,3,1,0.13,0,0,0,TRANSIENT
NETBANKING,ACCOUNT_BLOCKED,45910,2,1,0.46,18,1,1,PERMANENT
NETBANKING,FRAUD_SUSPECTED,10691,3,3,0.36,23,1,0,RISK
UPI,INSUFFICIENT_FUNDS,29607,4,0,0.17,17,1,0,CUSTOMER_ACTION
CARD,INVALID_CARD,45813,1,5,0.11,23,1,1,PERMANENT
CARD,INVALID_ACCOUNT,49094,3,3,0.02,21,1,1,PERMANENT
NETBANKING,INVALID_ACCOUNT,25450,2,5,0.28,0,1,0,PERMANENT
UPI,CARD_DECLINED,3422,1,4,0.44,13,0,1,CUSTOMER_ACTION
UPI,EXPIRED_CARD,6585,4,2,0.18,10,1,1,PERMANENT
CARD,FRAUD_SUSPECTED,43714,4,2,0.17,11,1,1,RISK
CARD,BANK_TIMEOUT,30918,4,2,0.01,1,1,1,TRANSIENT
NETBANKING,FRAUD_SUSPECTED,8802,3,5,0.04,2,1,1,RISK
CARD,FRAUD_SUSPECTED,7080,2,1,0.45,9,1,0,RISK
UPI,INVALID_ACCOUNT,9518,2,1,0.27,17,1,0,PERMANENT
CARD,CARD_DECLINED,2845,1,3,0.02,7,1,0,CUSTOMER_ACTION
CARD,GATEWAY_TIMEOUT,17649,2,1,0.26,13,0,0,TRANSIENT
CARD,GATEWAY_TIMEOUT,48027,1,4,0.31,17,0,0,TRANSIENT
UPI,FRAUD_SUSPECTED,17736,1,4,0.39,20,0,1,RISK
UPI,ACCOUNT_BLOCKED,17974,3,1,0.28,3,0,1,PERMANENT
NETBANKING,INVALID_ACCOUNT,963,3,2,0.46,14,0,1,PERMANENT
CARD,ACCOUNT_BLOCKED,33486,1,4,0.17,20,0,1,PERMANENT
NETBANKING,NETWORK_ERROR,41252,1,1,0.33,13,0,0,TRANSIENT
UPI,FRAUD_SUSPECTED,42742,1,1,0.49,11,0,1,RISK
CARD,FRAUD_SUSPECTED,12631,3,1,0.03,3,1,1,RISK
NETBANKING,INVALID_ACCOUNT,28725,4,2,0.31,3,1,0,PERMANENT
NETBANKING,INVALID_ACCOUNT,34354,2,1,0.01,16,0,1,PERMANENT
UPI,INVALID_ACCOUNT,37491,4,1,0.13,7,0,1,PERMANENT
NETBANKING,GATEWAY_TIMEOUT,23731,4,5,0.32,8,0,1,TRANSIENT
CARD,ACCOUNT_BLOCKED,33939,2,0,0.43,14,0,0,PERMANENT
UPI,ACCOUNT_BLOCKED,38789,2,5,0.48,21,0,1,PERMANENT
UPI,GATEWAY_TIMEOUT,30819,2,2,0.39,12,1,1,TRANSIENT
NETBANKING,FRAUD_SUSPECTED,36063,1,3,0.46,7,0,1,RISK
NETBANKING,INSUFFICIENT_FUNDS,31148,1,3,0.32,18,0,0,CUSTOMER_ACTION
CARD,INSUFFICIENT_FUNDS,44619,1,0,0.36,13,1,1,CUSTOMER_ACTION
NETBANKING,INVALID_CARD,36288,3,3,0.49,18,1,1,PERMANENT
CARD,GATEWAY_TIMEOUT,27672,4,2,0.16,18,0,0,TRANSIENT
CARD,EXPIRED_CARD,33797,1,2,0.3,10,1,0,PERMANENT
NETBANKING,FRAUD_SUSPECTED,39980,4,1,0.21,17,0,1,RISK
UPI,ACCOUNT_BLOCKED,34514,1,1,0.48,21,1,1,PERMANENT
UPI,BANK_TIMEOUT,39007,4,5,0.06,3,0,1,TRANSIENT
NETBANKING,GATEWAY_TIMEOUT,6638,2,4,0.33,17,1,0,TRANSIENT
NETBANKING,INSUFFICIENT_FUNDS,32111,1,3,0.2,19,0,0,CUSTOMER_ACTION
NETBANKING,NETWORK_ERROR,8747,2,3,0.39,18,0,1,TRANSIENT
CARD,INSUFFICIENT_FUNDS,46397,4,5,0.16,14,0,0,CUSTOMER_ACTION
CARD,FRAUD_SUSPECTED,32267,3,3,0.26,13,0,0,RISK
NETBANKING,FRAUD_SUSPECTED,29335,1,3,0.23,23,0,0,RISK
CARD,INSUFFICIENT_FUNDS,21679,3,5,0.03,10,1,0,CUSTOMER_ACTION
NETBANKING,FRAUD_SUSPECTED,6235,4,4,0.31,23,0,1,RISK
UPI,FRAUD_SUSPECTED,20493,3,4,0.27,3,0,1,RISK
CARD,NETWORK_ERROR,3468,1,1,0.47,20,1,0,TRANSIENT
NETBANKING,CARD_DECLINED,29195,1,2,0.32,12,0,0,CUSTOMER_ACTION
NETBANKING,ACCOUNT_BLOCKED,29355,1,1,0.12,9,1,1,PERMANENT
CARD,INVALID_ACCOUNT,27101,4,4,0.41,0,0,1,PERMANENT
UPI,INVALID_ACCOUNT,4451,4,1,0.47,19,1,1,PERMANENT
NETBANKING,CARD_DECLINED,43478,2,0,0.18,15,1,1,CUSTOMER_ACTION
NETBANKING,INSUFFICIENT_FUNDS,28882,2,0,0.26,17,0,0,CUSTOMER_ACTION
CARD,INSUFFICIENT_FUNDS,36748,3,5,0.33,20,0,0,CUSTOMER_ACTION
CARD,INSUFFICIENT_FUNDS,6029,4,5,0.19,17,1,1,CUSTOMER_ACTION
CARD,CARD_DECLINED,1670,4,1,0.16,12,1,1,CUSTOMER_ACTION
NETBANKING,EXPIRED_CARD,8117,3,5,0.32,11,1,0,PERMANENT
NETBANKING,INVALID_ACCOUNT,40061,1,3,0.04,0,1,0,PERMANENT
UPI,INSUFFICIENT_FUNDS,33760,1,3,0.29,2,1,0,CUSTOMER_ACTION
CARD,CARD_DECLINED,43854,4,3,0.35,1,1,0,CUSTOMER_ACTION
CARD,ACCOUNT_BLOCKED,1792,2,4,0.41,4,1,1,PERMANENT
UPI,INSUFFICIENT_FUNDS,10032,4,5,0.18,23,0,1,CUSTOMER_ACTION
NETBANKING,INSUFFICIENT_FUNDS,12460,4,3,0.23,3,1,1,CUSTOMER_ACTION
UPI,ACCOUNT_BLOCKED,198,2,2,0.38,7,1,0,PERMANENT
UPI,BANK_TIMEOUT,8858,2,2,0.31,17,0,0,TRANSIENT
CARD,CARD_DECLINED,36389,2,3,0.25,19,0,0,CUSTOMER_ACTION
NETBANKING,ACCOUNT_BLOCKED,4829,3,1,0.32,8,1,0,PERMANENT
UPI,FRAUD_SUSPECTED,40521,2,1,0.13,11,0,1,RISK
CARD,FRAUD_SUSPECTED,28561,3,1,0.44,12,0,0,RISK
CARD,EXPIRED_CARD,49357,2,3,0.12,18,1,1,PERMANENT
NETBANKING,FRAUD_SUSPECTED,49771,2,5,0.1,21,1,1,RISK
CARD,FRAUD_SUSPECTED,39936,1,0,0.12,17,1,0,RISK
CARD,CARD_DECLINED,4264,2,2,0.39,21,1,1,CUSTOMER_ACTION
UPI,EXPIRED_CARD,35059,2,4,0.01,15,0,0,PERMANENT
CARD,NETWORK_ERROR,18187,4,5,0.37,2,1,1,TRANSIENT
UPI,FRAUD_SUSPECTED,23535,1,0,0.14,18,1,1,RISK
UPI,FRAUD_SUSPECTED,8882,1,2,0.02,10,1,0,RISK
NETBANKING,ACCOUNT_BLOCKED,28637,4,0,0.26,1,1,0,PERMANENT
NETBANKING,BANK_TIMEOUT,45759,4,1,0.05,6,0,1,TRANSIENT
CARD,BANK_TIMEOUT,15097,4,3,0.27,5,0,0,TRANSIENT
NETBANKING,INVALID_CARD,29991,1,0,0.31,12,1,1,PERMANENT
CARD,FRAUD_SUSPECTED,49971,4,0,0.21,17,0,0,RISK
UPI,EXPIRED_CARD,47383,1,2,0.47,5,0,0,PERMANENT
UPI,INVALID_CARD,12203,2,0,0.1,16,1,1,PERMANENT
NETBANKING,FRAUD_SUSPECTED,21493,2,1,0.15,3,0,1,RISK
CARD,INSUFFICIENT_FUNDS,26894,4,0,0.06,2,1,1,CUSTOMER_ACTION
UPI,INSUFFICIENT_FUNDS,26432,4,1,0.11,23,0,0,CUSTOMER_ACTION
CARD,INSUFFICIENT_FUNDS,2548,1,2,0.12,18,0,0,CUSTOMER_ACTION
CARD,INSUFFICIENT_FUNDS,24858,2,5,0.02,21,0,0,CUSTOMER_ACTION
CARD,BANK_TIMEOUT,35108,3,1,0.12,3,0,0,TRANSIENT
UPI,CARD_DECLINED,33983,4,0,0.4,5,0,1,CUSTOMER_ACTION
NETBANKING,FRAUD_SUSPECTED,18666,3,1,0.12,5,1,1,RISK
CARD,FRAUD_SUSPECTED,426,2,2,0.3,13,1,0,RISK
NETBANKING,FRAUD_SUSPECTED,3672,3,1,0.22,14,1,0,RISK
UPI,FRAUD_SUSPECTED,40852,4,1,0.18,2,1,0,RISK
CARD,ACCOUNT_BLOCKED,21891,1,2,0.25,12,0,1,PERMANENT
NETBANKING,INSUFFICIENT_FUNDS,27399,4,2,0.06,15,1,0,CUSTOMER_ACTION
NETBANKING,CARD_DECLINED,45842,3,1,0.15,14,1,1,CUSTOMER_ACTION
NETBANKING,INVALID_ACCOUNT,15391,3,1,0.28,22,1,0,PERMANENT
UPI,FRAUD_SUSPECTED,19081,2,5,0.38,12,1,0,RISK
CARD,FRAUD_SUSPECTED,31217,1,1,0.32,20,1,0,RISK
CARD,CARD_DECLINED,14026,3,3,0.28,16,1,0,CUSTOMER_ACTION
UPI,NETWORK_ERROR,25875,2,2,0.29,18,0,0,TRANSIENT
CARD,INVALID_CARD,14819,1,0,0.2,16,0,1,PERMANENT
UPI,BANK_TIMEOUT,1615,4,1,0.24,12,0,1,TRANSIENT
UPI,INSUFFICIENT_FUNDS,18048,4,3,0.48,22,0,0,CUSTOMER_ACTION
NETBANKING,INVALID_ACCOUNT,13731,1,1,0.49,9,1,0,PERMANENT
CARD,FRAUD_SUSPECTED,12154,3,5,0.15,4,0,1,RISK
CARD,FRAUD_SUSPECTED,13542,2,4,0.06,4,1,0,RISK
NETBANKING,CARD_DECLINED,17287,1,5,0.06,20,1,1,CUSTOMER_ACTION
UPI,FRAUD_SUSPECTED,40759,4,3,0.49,0,1,0,RISK
UPI,CARD_DECLINED,39426,1,0,0.06,12,0,0,CUSTOMER_ACTION
UPI,FRAUD_SUSPECTED,26403,2,4,0.3,23,0,0,RISK
UPI,INSUFFICIENT_FUNDS,17937,3,1,0.24,21,1,1,CUSTOMER_ACTION
NETBANKING,CARD_DECLINED,6679,3,0,0.41,17,1,0,CUSTOMER_ACTION
CARD,BANK_TIMEOUT,32450,2,0,0.05,8,0,0,TRANSIENT
CARD,INVALID_CARD,38002,1,0,0.03,9,0,0,PERMANENT
CARD,CARD_DECLINED,7903,4,4,0.5,23,0,0,CUSTOMER_ACTION
UPI,CARD_DECLINED,8094,2,2,0.26,23,1,1,CUSTOMER_ACTION
UPI,FRAUD_SUSPECTED,13831,3,1,0.05,1,1,0,RISK
UPI,INVALID_CARD,35721,4,0,0.05,15,0,0,PERMANENT
UPI,INVALID_CARD,8962,1,4,0.34,0,0,1,PERMANENT
UPI,INVALID_CARD,34228,1,2,0.06,4,1,1,PERMANENT
CARD,FRAUD_SUSPECTED,45791,1,4,0.11,13,1,1,RISK
CARD,ACCOUNT_BLOCKED,28195,2,4,0.05,17,0,0,PERMANENT
NETBANKING,INVALID_ACCOUNT,7387,4,0,0.39,9,0,0,PERMANENT
CARD,INSUFFICIENT_FUNDS,18709,1,0,0.36,2,1,0,CUSTOMER_ACTION
CARD,FRAUD_SUSPECTED,39212,4,5,0.1,2,1,1,RISK
UPI,FRAUD_SUSPECTED,21279,2,5,0.25,9,0,0,RISK
CARD,CARD_DECLINED,31987,1,5,0.24,17,1,1,CUSTOMER_ACTION
NETBANKING,ACCOUNT_BLOCKED,18602,2,0,0.03,3,1,1,PERMANENT
NETBANKING,INVALID_ACCOUNT,26438,2,2,0.19,16,1,0,PERMANENT
NETBANKING,CARD_DECLINED,47574,1,3,0.09,12,0,1,CUSTOMER_ACTION
UPI,INVALID_ACCOUNT,17073,4,0,0.24,21,0,0,PERMANENT
UPI,FRAUD_SUSPECTED,14680,1,3,0.26,13,0,1,RISK
NETBANKING,GATEWAY_TIMEOUT,29268,1,0,0.01,20,1,1,TRANSIENT
CARD,GATEWAY_TIMEOUT,49887,1,3,0.08,4,0,1,TRANSIENT
UPI,EXPIRED_CARD,32966,1,0,0.18,21,0,0,PERMANENT
NETBANKING,INSUFFICIENT_FUNDS,9804,2,1,0.28,9,0,1,CUSTOMER_ACTION
UPI,INVALID_ACCOUNT,34572,2,2,0.5,18,1,0,PERMANENT
UPI,NETWORK_ERROR,2656,3,3,0.31,3,0,1,TRANSIENT
UPI,GATEWAY_TIMEOUT,16239,3,5,0.02,10,0,1,TRANSIENT
UPI,EXPIRED_CARD,42248,2,0,0.4,13,1,0,PERMANENT
NETBANKING,FRAUD_SUSPECTED,2782,4,4,0.13,4,0,0,RISK
UPI,NETWORK_ERROR,40867,3,5,0.47,7,1,0,TRANSIENT
NETBANKING,FRAUD_SUSPECTED,49969,1,5,0.14,15,1,1,RISK
NETBANKING,FRAUD_SUSPECTED,2486,2,0,0.32,21,0,0,RISK
CARD,EXPIRED_CARD,32718,1,5,0.5,14,0,0,PERMANENT
NETBANKING,BANK_TIMEOUT,40769,4,2,0.47,7,1,0,TRANSIENT
NETBANKING,FRAUD_SUSPECTED,21278,3,3,0.39,18,1,0,RISK
NETBANKING,FRAUD_SUSPECTED,48371,1,3,0.31,13,0,1,RISK
NETBANKING,FRAUD_SUSPECTED,39928,4,0,0.19,23,0,1,RISK
CARD,FRAUD_SUSPECTED,15867,2,3,0.38,11,1,0,RISK
CARD,NETWORK_ERROR,9530,4,3,0.06,7,1,0,TRANSIENT
UPI,FRAUD_SUSPECTED,23543,2,5,0.02,8,0,1,RISK
NETBANKING,EXPIRED_CARD,40265,4,2,0.14,14,1,0,PERMANENT
NETBANKING,FRAUD_SUSPECTED,18580,2,1,0.37,8,0,0,RISK
UPI,FRAUD_SUSPECTED,18050,1,3,0.36,9,0,1,RISK
CARD,FRAUD_SUSPECTED,39444,1,2,0.27,10,1,1,RISK
UPI,NETWORK_ERROR,32801,4,0,0.09,5,1,1,TRANSIENT
UPI,BANK_TIMEOUT,14624,2,4,0.4,21,1,1,TRANSIENT
UPI,INSUFFICIENT_FUNDS,21212,2,4,0.2,1,1,0,CUSTOMER_ACTION
CARD,CARD_DECLINED,12146,1,3,0.09,15,1,0,CUSTOMER_ACTION
UPI,INSUFFICIENT_FUNDS,19894,1,3,0.24,5,0,1,CUSTOMER_ACTION
CARD,INSUFFICIENT_FUNDS,25164,2,3,0.43,0,1,0,CUSTOMER_ACTION
UPI,CARD_DECLINED,14219,1,1,0.3,16,0,1,CUSTOMER_ACTION
UPI,FRAUD_SUSPECTED,10010,1,3,0.06,18,0,0,RISK
UPI,INSUFFICIENT_FUNDS,24588,2,3,0.31,2,0,0,CUSTOMER_ACTION
UPI,GATEWAY_TIMEOUT,12145,3,3,0.06,4,0,1,TRANSIENT
NETBANKING,INVALID_ACCOUNT,32358,1,4,0.37,11,1,0,PERMANENT
UPI,EXPIRED_CARD,130,3,2,0.37,6,0,0,PERMANENT
NETBANKING,NETWORK_ERROR,41225,4,3,0.46,17,0,1,TRANSIENT
CARD,FRAUD_SUSPECTED,29007,3,1,0.23,23,0,1,RISK
NETBANKING,FRAUD_SUSPECTED,40357,1,0,0.34,15,1,1,RISK
UPI,INVALID_ACCOUNT,22683,2,5,0.24,13,0,0,PERMANENT
UPI,GATEWAY_TIMEOUT,36392,1,5,0.33,15,0,1,TRANSIENT
NETBANKING,GATEWAY_TIMEOUT,4023,2,1,0.13,21,0,1,TRANSIENT
UPI,ACCOUNT_BLOCKED,25421,4,5,0.22,10,0,0,PERMANENT
NETBANKING,INSUFFICIENT_FUNDS,31969,1,4,0.18,4,0,0,CUSTOMER_ACTION
NETBANKING,INVALID_ACCOUNT,33695,3,3,0.12,15,0,0,PERMANENT
NETBANKING,FRAUD_SUSPECTED,20518,2,0,0.03,23,0,1,RISK
NETBANKING,FRAUD_SUSPECTED,49405,2,1,0.35,2,0,0,RISK
CARD,FRAUD_SUSPECTED,39384,4,3,0.31,4,1,1,RISK
NETBANKING,NETWORK_ERROR,36390,2,5,0.25,10,0,1,TRANSIENT
UPI,INSUFFICIENT_FUNDS,6276,1,2,0.34,0,1,1,CUSTOMER_ACTION
CARD,CARD_DECLINED,19291,2,3,0.23,7,1,0,CUSTOMER_ACTION
UPI,CARD_DECLINED,18427,3,2,0.12,7,1,1,CUSTOMER_ACTION
CARD,INVALID_ACCOUNT,40312,4,3,0.14,14,1,1,PERMANENT
CARD,INSUFFICIENT_FUNDS,37963,3,5,0.19,3,0,1,CUSTOMER_ACTION
CARD,EXPIRED_CARD,480,4,4,0.07,18,1,1,PERMANENT
UPI,INVALID_ACCOUNT,9471,1,3,0.39,14,1,1,PERMANENT
NETBANKING,INSUFFICIENT_FUNDS,21043,1,4,0.23,6,1,1,CUSTOMER_ACTION
UPI,INSUFFICIENT_FUNDS,37817,1,2,0.22,21,1,0,CUSTOMER_ACTION
UPI,INSUFFICIENT_FUNDS,19282,4,3,0.28,22,0,1,CUSTOMER_ACTION
NETBANKING,FRAUD_SUSPECTED,37274,4,1,0.19,16,1,0,RISK
UPI,INVALID_CARD,15184,2,0,0.15,17,0,0,PERMANENT
NETBANKING,CARD_DECLINED,48015,2,5,0.04,18,1,1,CUSTOMER_ACTION
CARD,GATEWAY_TIMEOUT,32097,4,5,0.23,12,0,1,TRANSIENT
NETBANKING,INSUFFICIENT_FUNDS,28040,2,0,0.07,4,0,0,CUSTOMER_ACTION
NETBANKING,GATEWAY_TIMEOUT,34047,3,4,0.46,4,1,1,TRANSIENT
UPI,INSUFFICIENT_FUNDS,27812,4,5,0.29,0,0,1,CUSTOMER_ACTION
NETBANKING,INVALID_CARD,13655,4,0,0.43,20,1,1,PERMANENT
UPI,EXPIRED_CARD,36950,3,3,0.15,22,0,0,PERMANENT
CARD,INSUFFICIENT_FUNDS,40839,3,0,0.45,6,1,0,CUSTOMER_ACTION
UPI,BANK_TIMEOUT,21844,3,3,0.06,11,0,0,TRANSIENT
CARD,INSUFFICIENT_FUNDS,16830,1,0,0.15,8,0,0,CUSTOMER_ACTION
CARD,FRAUD_SUSPECTED,33455,3,0,0.35,10,0,0,RISK
CARD,FRAUD_SUSPECTED,20435,4,2,0.18,1,0,0,RISK
CARD,BANK_TIMEOUT,33937,3,3,0.15,3,1,1,TRANSIENT
UPI,FRAUD_SUSPECTED,39958,1,1,0.45,21,0,1,RISK
NETBANKING,CARD_DECLINED,6839,4,0,0.06,16,1,1,CUSTOMER_ACTION
UPI,INVALID_CARD,37373,4,3,0.22,18,0,0,PERMANENT
UPI,CARD_DECLINED,31327,1,5,0.17,0,1,0,CUSTOMER_ACTION
CARD,FRAUD_SUSPECTED,23466,1,4,0.18,10,1,0,RISK
CARD,FRAUD_SUSPECTED,15790,2,4,0.33,16,0,1,RISK
CARD,CARD_DECLINED,43318,2,0,0.24,22,1,1,CUSTOMER_ACTION
NETBANKING,BANK_TIMEOUT,21743,3,3,0.22,15,0,0,TRANSIENT
UPI,INSUFFICIENT_FUNDS,33879,3,1,0.09,14,0,1,CUSTOMER_ACTION
NETBANKING,ACCOUNT_BLOCKED,36811,2,2,0.17,20,1,0,PERMANENT
UPI,CARD_DECLINED,34038,3,2,0.22,7,0,1,CUSTOMER_ACTION
NETBANKING,INSUFFICIENT_FUNDS,37082,4,1,0.44,0,1,0,CUSTOMER_ACTION
CARD,CARD_DECLINED,30845,4,5,0.48,3,0,1,CUSTOMER_ACTION
UPI,CARD_DECLINED,45535,4,5,0.26,12,0,0,CUSTOMER_ACTION
CARD,BANK_TIMEOUT,5535,2,0,0.03,4,1,0,TRANSIENT
NETBANKING,CARD_DECLINED,19122,4,1,0.45,1,1,1,CUSTOMER_ACTION
UPI,ACCOUNT_BLOCKED,49736,4,0,0.34,18,1,0,PERMANENT
NETBANKING,INVALID_ACCOUNT,40071,4,2,0.39,12,1,1,PERMANENT
NETBANKING,FRAUD_SUSPECTED,40037,4,4,0.43,6,1,1,RISK
NETBANKING,BANK_TIMEOUT,46853,3,1,0.09,9,0,1,TRANSIENT
CARD,FRAUD_SUSPECTED,41003,2,5,0.1,2,0,1,RISK
CARD,INSUFFICIENT_FUNDS,1492,3,5,0.15,21,0,1,CUSTOMER_ACTION
CARD,BANK_TIMEOUT,32398,1,0,0.45,10,0,0,TRANSIENT
CARD,BANK_TIMEOUT,46554,2,3,0.01,16,0,0,TRANSIENT
NETBANKING,INVALID_ACCOUNT,37574,2,5,0.14,14,1,1,PERMANENT
CARD,INSUFFICIENT_FUNDS,19041,2,2,0.25,2,0,0,CUSTOMER_ACTION
CARD,FRAUD_SUSPECTED,37464,1,2,0.2,22,1,1,RISK
UPI,FRAUD_SUSPECTED,1603,2,0,0.47,15,0,1,RISK
UPI,INVALID_ACCOUNT,34076,2,2,0.2,10,1,0,PERMANENT
CARD,EXPIRED_CARD,271,1,0,0.35,23,0,0,PERMANENT
UPI,INVALID_CARD,20035,4,0,0.17,18,0,1,PERMANENT
UPI,FRAUD_SUSPECTED,32573,1,3,0.48,6,0,0,RISK
CARD,CARD_DECLINED,43055,2,3,0.3,6,0,0,CUSTOMER_ACTION
NETBANKING,BANK_TIMEOUT,2571,1,4,0.41,18,0,0,TRANSIENT
NETBANKING,INVALID_CARD,332,3,4,0.48,5,0,1,PERMANENT
CARD,FRAUD_SUSPECTED,35735,2,4,0.34,19,0,0,RISK
NETBANKING,FRAUD_SUSPECTED,29164,4,3,0.05,13,1,0,RISK
UPI,GATEWAY_TIMEOUT,9296,2,5,0.32,16,0,1,TRANSIENT
NETBANKING,FRAUD_SUSPECTED,16905,4,0,0.44,22,0,0,RISK
CARD,BANK_TIMEOUT,44722,2,5,0.39,7,0,1,TRANSIENT
NETBANKING,EXPIRED_CARD,29451,3,1,0.06,18,0,1,PERMANENT
NETBANKING,CARD_DECLINED,15355,4,3,0.37,11,0,0,CUSTOMER_ACTION
CARD,ACCOUNT_BLOCKED,31487,1,4,0.25,12,0,0,PERMANENT
CARD,EXPIRED_CARD,35800,3,0,0.05,20,1,0,PERMANENT
UPI,ACCOUNT_BLOCKED,38905,2,1,0.22,13,1,0,PERMANENT
NETBANKING,CARD_DECLINED,26123,1,3,0.49,10,0,0,CUSTOMER_ACTION
CARD,NETWORK_ERROR,38162,2,2,0.29,3,0,1,TRANSIENT
CARD,FRAUD_SUSPECTED,30564,2,3,0.17,19,1,1,RISK
NETBANKING,FRAUD_SUSPECTED,12418,3,5,0.27,10,0,0,RISK
CARD,FRAUD_SUSPECTED,7267,4,2,0.25,18,0,0,RISK
CARD,CARD_DECLINED,23097,1,4,0.27,2,0,1,CUSTOMER_ACTION
UPI,INVALID_CARD,42795,3,0,0.01,19,0,1,PERMANENT
NETBANKING,FRAUD_SUSPECTED,29408,4,2,0.32,1,0,0,RISK
UPI,INSUFFICIENT_FUNDS,8193,1,5,0.44,10,0,0,CUSTOMER_ACTION
CARD,INVALID_CARD,18137,2,4,0.38,0,1,1,PERMANENT
UPI,INSUFFICIENT_FUNDS,14980,2,3,0.31,3,0,1,CUSTOMER_ACTION
UPI,INSUFFICIENT_FUNDS,32768,2,0,0.47,8,0,1,CUSTOMER_ACTION
CARD,EXPIRED_CARD,46089,4,2,0.13,23,1,0,PERMANENT
NETBANKING,FRAUD_SUSPECTED,6130,3,2,0.2,21,1,1,RISK
UPI,INVALID_ACCOUNT,47309,4,4,0.45,6,1,1,PERMANENT
UPI,FRAUD_SUSPECTED,16771,3,5,0.04,12,1,1,RISK
NETBANKING,FRAUD_SUSPECTED,49090,3,4,0.11,9,0,1,RISK
CARD,EXPIRED_CARD,32509,2,3,0.49,9,1,0,PERMANENT
NETBANKING,INSUFFICIENT_FUNDS,30293,4,2,0.27,0,1,0,CUSTOMER_ACTION
NETBANKING,CARD_DECLINED,36856,2,5,0.42,8,1,0,CUSTOMER_ACTION
NETBANKING,INVALID_ACCOUNT,2175,3,0,0.38,9,1,0,PERMANENT
NETBANKING,FRAUD_SUSPECTED,11560,3,3,0.24,23,0,0,RISK
CARD,EXPIRED_CARD,11386,2,4,0.03,14,1,0,PERMANENT
NETBANKING,EXPIRED_CARD,20726,3,5,0.4,11,0,0,PERMANENT
CARD,BANK_TIMEOUT,9124,3,4,0.5,3,1,0,TRANSIENT
CARD,INSUFFICIENT_FUNDS,22611,1,5,0.1,17,0,1,CUSTOMER_ACTION
UPI,CARD_DECLINED,4342,2,3,0.3,21,0,0,CUSTOMER_ACTION
UPI,INVALID_ACCOUNT,5255,1,0,0.08,21,1,0,PERMANENT
CARD,FRAUD_SUSPECTED,23559,2,3,0.41,4,1,1,RISK
UPI,CARD_DECLINED,45444,1,4,0.19,7,0,1,CUSTOMER_ACTION
CARD,FRAUD_SUSPECTED,5359,3,5,0.38,1,0,0,RISK
UPI,FRAUD_SUSPECTED,31336,3,2,0.42,10,0,1,RISK
UPI,NETWORK_ERROR,31157,2,4,0.42,13,1,0,TRANSIENT
CARD,CARD_DECLINED,25349,1,1,0.42,21,1,1,CUSTOMER_ACTION
NETBANKING,FRAUD_SUSPECTED,47411,2,3,0.14,3,0,1,RISK
CARD,GATEWAY_TIMEOUT,34553,1,4,0.49,20,1,1,TRANSIENT
NETBANKING,INSUFFICIENT_FUNDS,40826,1,3,0.29,2,1,0,CUSTOMER_ACTION
NETBANKING,BANK_TIMEOUT,39271,3,0,0.22,15,0,1,TRANSIENT
NETBANKING,FRAUD_SUSPECTED,21722,2,1,0.46,22,1,1,RISK
UPI,INSUFFICIENT_FUNDS,49945,2,2,0.39,16,0,1,CUSTOMER_ACTION
NETBANKING,FRAUD_SUSPECTED,19220,2,0,0.08,19,0,1,RISK
UPI,FRAUD_SUSPECTED,44633,2,4,0.1,23,0,0,RISK
UPI,CARD_DECLINED,30992,3,2,0.23,14,0,0,CUSTOMER_ACTION
CARD,GATEWAY_TIMEOUT,19289,1,5,0.15,8,0,0,TRANSIENT
UPI,CARD_DECLINED,28665,3,1,0.46,2,0,0,CUSTOMER_ACTION
UPI,ACCOUNT_BLOCKED,44546,1,2,0.02,4,0,1,PERMANENT
CARD,CARD_DECLINED,4309,4,1,0.43,16,0,1,CUSTOMER_ACTION
NETBANKING,INSUFFICIENT_FUNDS,3611,4,1,0.41,4,0,0,CUSTOMER_ACTION
NETBANKING,CARD_DECLINED,5049,3,3,0.12,14,1,1,CUSTOMER_ACTION
CARD,BANK_TIMEOUT,9072,4,3,0.01,20,1,1,TRANSIENT
UPI,NETWORK_ERROR,3801,3,2,0.17,0,0,0,TRANSIENT
NETBANKING,CARD_DECLINED,34227,2,4,0.25,19,0,0,CUSTOMER_ACTION
UPI,FRAUD_SUSPECTED,11247,3,4,0.21,12,0,0,RISK
UPI,NETWORK_ERROR,39722,2,2,0.21,22,1,1,TRANSIENT
NETBANKING,FRAUD_SUSPECTED,46695,2,1,0.4,17,0,0,RISK
NETBANKING,BANK_TIMEOUT,43683,2,3,0.09,1,1,0,TRANSIENT
CARD,INSUFFICIENT_FUNDS,24695,1,0,0.28,5,0,0,CUSTOMER_ACTION
NETBANKING,BANK_TIMEOUT,43192,2,2,0.4,5,0,0,TRANSIENT
CARD,GATEWAY_TIMEOUT,34373,1,5,0.39,13,0,1,TRANSIENT
NETBANKING,BANK_TIMEOUT,37150,1,5,0.47,15,0,1,TRANSIENT
NETBANKING,NETWORK_ERROR,33541,3,5,0.25,15,0,0,TRANSIENT
CARD,BANK_TIMEOUT,8580,1,2,0.35,3,0,1,TRANSIENT
UPI,NETWORK_ERROR,28523,2,2,0.28,0,1,0,TRANSIENT
CARD,INSUFFICIENT_FUNDS,520,3,0,0.38,18,0,1,CUSTOMER_ACTION
CARD,FRAUD_SUSPECTED,23913,4,4,0.24,19,1,1,RISK
UPI,FRAUD_SUSPECTED,39424,2,3,0.22,2,0,1,RISK
NETBANKING,INVALID_CARD,49595,4,1,0.42,7,1,1,PERMANENT
NETBANKING,BANK_TIMEOUT,26427,4,3,0.28,0,1,1,TRANSIENT
CARD,EXPIRED_CARD,6551,2,4,0.42,16,1,1,PERMANENT
NETBANKING,BANK_TIMEOUT,9261,2,5,0.33,22,1,1,TRANSIENT
CARD,NETWORK_ERROR,25723,4,1,0.25,6,0,0,TRANSIENT
UPI,FRAUD_SUSPECTED,30055,4,0,0.35,5,0,1,RISK
NETBANKING,CARD_DECLINED,14961,1,4,0.2,17,1,0,CUSTOMER_ACTION
CARD,INVALID_ACCOUNT,1883,3,3,0.16,17,1,1,PERMANENT
CARD,BANK_TIMEOUT,36223,2,0,0.02,17,0,1,TRANSIENT
NETBANKING,CARD_DECLINED,14977,1,2,0.29,5,0,0,CUSTOMER_ACTION
UPI,CARD_DECLINED,25220,3,4,0.12,2,0,1,CUSTOMER_ACTION
NETBANKING,NETWORK_ERROR,45030,2,4,0.06,17,1,0,TRANSIENT
CARD,INSUFFICIENT_FUNDS,31545,1,4,0.1,2,0,1,CUSTOMER_ACTION
CARD,INVALID_CARD,22032,4,4,0.31,23,1,1,PERMANENT
NETBANKING,FRAUD_SUSPECTED,39439,1,2,0.09,4,0,1,RISK
CARD,BANK_TIMEOUT,35901,4,2,0.49,11,0,0,TRANSIENT
UPI,NETWORK_ERROR,32377,2,5,0.4,22,1,1,TRANSIENT
CARD,INSUFFICIENT_FUNDS,13214,1,1,0.3,11,1,1,CUSTOMER_ACTION
UPI,CARD_DECLINED,27530,3,4,0.21,15,0,0,CUSTOMER_ACTION
CARD,INSUFFICIENT_FUNDS,34860,2,5,0.03,6,0,1,CUSTOMER_ACTION
CARD,NETWORK_ERROR,22910,2,5,0.35,3,1,0,TRANSIENT
UPI,CARD_DECLINED,15964,1,3,0.31,16,1,1,CUSTOMER_ACTION
CARD,BANK_TIMEOUT,45270,1,1,0.24,5,1,1,TRANSIENT
NETBANKING,FRAUD_SUSPECTED,14839,3,5,0.22,7,0,0,RISK
NETBANKING,INVALID_ACCOUNT,14375,2,1,0.46,10,0,1,PERMANENT
NETBANKING,FRAUD_SUSPECTED,46012,2,2,0.28,2,1,1,RISK
UPI,EXPIRED_CARD,46185,2,5,0.1,1,0,1,PERMANENT
CARD,CARD_DECLINED,17021,1,1,0.36,17,1,1,CUSTOMER_ACTION
CARD,INSUFFICIENT_FUNDS,25633,2,0,0.31,0,1,1,CUSTOMER_ACTION
NETBANKING,FRAUD_SUSPECTED,38579,4,5,0.33,11,1,0,RISK
NETBANKING,FRAUD_SUSPECTED,49203,2,5,0.06,15,0,1,RISK
CARD,NETWORK_ERROR,33406,1,0,0.44,6,1,0,TRANSIENT
UPI,ACCOUNT_BLOCKED,31440,2,0,0.24,7,1,0,PERMANENT
UPI,CARD_DECLINED,42728,2,5,0.09,8,0,0,CUSTOMER_ACTION
NETBANKING,NETWORK_ERROR,16197,2,5,0.12,10,1,0,TRANSIENT
UPI,GATEWAY_TIMEOUT,42620,3,2,0.14,9,1,0,TRANSIENT
NETBANKING,BANK_TIMEOUT,18418,2,2,0.01,19,1,1,TRANSIENT
NETBANKING,INVALID_ACCOUNT,6054,1,5,0.37,13,0,1,PERMANENT
UPI,INVALID_ACCOUNT,40253,3,0,0.16,11,0,0,PERMANENT
UPI,CARD_DECLINED,21066,3,5,0.08,10,0,0,CUSTOMER_ACTION
UPI,CARD_DECLINED,43838,1,0,0.33,10,1,1,CUSTOMER_ACTION
NETBANKING,FRAUD_SUSPECTED,37973,2,0,0.32,5,0,1,RISK
CARD,ACCOUNT_BLOCKED,38313,4,4,0.09,5,1,0,PERMANENT
UPI,CARD_DECLINED,37369,3,0,0.42,20,0,0,CUSTOMER_ACTION
UPI,CARD_DECLINED,18479,2,2,0.01,13,0,0,CUSTOMER_ACTION
UPI,FRAUD_SUSPECTED,13310,3,5,0.26,19,0,0,RISK
CARD,FRAUD_SUSPECTED,24409,1,5,0.27,13,1,0,RISK
CARD,INVALID_ACCOUNT,11616,3,1,0.37,5,1,0,PERMANENT
UPI,FRAUD_SUSPECTED,29575,3,1,0.18,0,1,0,RISK
CARD,FRAUD_SUSPECTED,41489,1,1,0.29,19,1,1,RISK
CARD,FRAUD_SUSPECTED,39483,1,3,0.21,1,1,1,RISK
NETBANKING,GATEWAY_TIMEOUT,13299,1,0,0.38,18,1,1,TRANSIENT
UPI,CARD_DECLINED,18107,3,5,0.37,20,1,1,CUSTOMER_ACTION
CARD,ACCOUNT_BLOCKED,38703,3,3,0.02,22,0,1,PERMANENT
NETBANKING,NETWORK_ERROR,3474,1,2,0.31,2,0,0,TRANSIENT
NETBANKING,CARD_DECLINED,29462,1,2,0.2,11,1,1,CUSTOMER_ACTION
NETBANKING,FRAUD_SUSPECTED,22297,1,4,0.37,13,0,0,RISK
NETBANKING,ACCOUNT_BLOCKED,19271,3,4,0.44,21,0,0,PERMANENT
CARD,FRAUD_SUSPECTED,40122,4,4,0.26,0,1,1,RISK
CARD,GATEWAY_TIMEOUT,26901,4,5,0.29,7,1,1,TRANSIENT
UPI,FRAUD_SUSPECTED,46757,3,1,0.4,13,0,1,RISK
CARD,CARD_DECLINED,8250,3,0,0.42,10,0,0,CUSTOMER_ACTION
CARD,FRAUD_SUSPECTED,48896,2,3,0.44,9,0,1,RISK
NETBANKING,CARD_DECLINED,16123,4,4,0.44,21,1,0,CUSTOMER_ACTION
UPI,FRAUD_SUSPECTED,1341,1,0,0.39,4,1,1,RISK
NETBANKING,FRAUD_SUSPECTED,42601,2,0,0.38,20,1,0,RISK
CARD,ACCOUNT_BLOCKED,34452,4,3,0.03,6,1,1,PERMANENT
UPI,EXPIRED_CARD,12833,4,1,0.13,21,1,0,PERMANENT
NETBANKING,FRAUD_SUSPECTED,39274,4,5,0.37,7,0,0,RISK
UPI,GATEWAY_TIMEOUT,12956,2,2,0.23,13,0,1,TRANSIENT
UPI,NETWORK_ERROR,8228,4,2,0.15,11,1,1,TRANSIENT
NETBANKING,EXPIRED_CARD,27197,2,3,0.13,12,1,1,PERMANENT
NETBANKING,GATEWAY_TIMEOUT,36424,4,3,0.14,15,1,1,TRANSIENT
CARD,FRAUD_SUSPECTED,33027,3,1,0.3,6,1,1,RISK
UPI,FRAUD_SUSPECTED,31308,4,3,0.22,15,1,0,RISK
UPI,FRAUD_SUSPECTED,31558,4,3,0.18,9,1,1,RISK
UPI,CARD_DECLINED,5082,3,3,0.39,20,0,0,CUSTOMER_ACTION
NETBANKING,BANK_TIMEOUT,47130,1,4,0.43,23,0,1,TRANSIENT
CARD,FRAUD_SUSPECTED,47677,2,1,0.37,23,1,1,RISK
NETBANKING,CARD_DECLINED,43171,4,2,0.13,5,0,0,CUSTOMER_ACTION
UPI,ACCOUNT_BLOCKED,41472,1,0,0.14,0,0,0,PERMANENT
UPI,GATEWAY_TIMEOUT,20263,3,3,0.05,19,1,1,TRANSIENT
NETBANKING,BANK_TIMEOUT,6771,3,4,0.12,14,1,1,TRANSIENT
CARD,INVALID_CARD,47952,3,3,0.23,2,1,1,PERMANENT
NETBANKING,NETWORK_ERROR,30348,4,3,0.34,12,0,0,TRANSIENT
CARD,FRAUD_SUSPECTED,26584,3,4,0.3,0,0,1,RISK
NETBANKING,INSUFFICIENT_FUNDS,15275,1,5,0.1,22,0,1,CUSTOMER_ACTION
UPI,INVALID_ACCOUNT,20779,3,3,0.34,19,1,0,PERMANENT
CARD,INSUFFICIENT_FUNDS,3691,3,0,0.12,2,1,1,CUSTOMER_ACTION
CARD,NETWORK_ERROR,20254,4,1,0.11,18,0,1,TRANSIENT
UPI,INVALID_ACCOUNT,17214,4,2,0.43,4,0,0,PERMANENT
CARD,FRAUD_SUSPECTED,6857,1,5,0.44,5,0,1,RISK
UPI,CARD_DECLINED,35310,4,3,0.16,15,1,1,CUSTOMER_ACTION
UPI,BANK_TIMEOUT,13440,3,0,0.26,6,0,0,TRANSIENT
UPI,FRAUD_SUSPECTED,17633,4,2,0.27,2,1,0,RISK
NETBANKING,FRAUD_SUSPECTED,7894,4,4,0.31,10,0,1,RISK
NETBANKING,BANK_TIMEOUT,24683,3,2,0.41,3,1,1,TRANSIENT
UPI,FRAUD_SUSPECTED,35360,2,0,0.3,9,0,0,RISK
NETBANKING,BANK_TIMEOUT,4361,3,3,0.1,4,0,1,TRANSIENT
NETBANKING,INSUFFICIENT_FUNDS,39963,3,4,0.24,7,0,0,CUSTOMER_ACTION
NETBANKING,INSUFFICIENT_FUNDS,20704,2,3,0.45,9,0,0,CUSTOMER_ACTION
UPI,FRAUD_SUSPECTED,12987,2,0,0.17,20,1,1,RISK
UPI,INSUFFICIENT_FUNDS,21119,2,0,0.1,9,1,0,CUSTOMER_ACTION
NETBANKING,ACCOUNT_BLOCKED,5863,1,0,0.31,23,1,1,PERMANENT
CARD,FRAUD_SUSPECTED,30024,4,5,0.42,13,0,1,RISK
UPI,FRAUD_SUSPECTED,36692,2,4,0.3,4,1,1,RISK
UPI,FRAUD_SUSPECTED,27426,3,5,0.05,19,0,0,RISK
NETBANKING,INVALID_CARD,49134,4,5,0.2,19,0,0,PERMANENT
NETBANKING,GATEWAY_TIMEOUT,34600,2,1,0.34,4,0,1,TRANSIENT
NETBANKING,CARD_DECLINED,8353,2,5,0.05,15,1,1,CUSTOMER_ACTION
NETBANKING,CARD_DECLINED,37355,4,1,0.02,6,1,1,CUSTOMER_ACTION
UPI,GATEWAY_TIMEOUT,828,3,4,0.12,21,1,1,TRANSIENT
NETBANKING,INSUFFICIENT_FUNDS,41210,4,0,0.35,5,0,0,CUSTOMER_ACTION
NETBANKING,GATEWAY_TIMEOUT,30462,3,4,0.18,15,0,1,TRANSIENT
UPI,CARD_DECLINED,9586,3,0,0.15,5,0,1,CUSTOMER_ACTION
UPI,GATEWAY_TIMEOUT,41502,4,0,0.4,1,1,0,TRANSIENT
CARD,INSUFFICIENT_FUNDS,938,4,2,0.43,15,1,1,CUSTOMER_ACTION
UPI,INVALID_ACCOUNT,47155,1,2,0.44,20,1,1,PERMANENT
UPI,INVALID_ACCOUNT,2411,1,3,0.17,11,1,0,PERMANENT
NETBANKING,CARD_DECLINED,33435,4,5,0.44,11,1,0,CUSTOMER_ACTION
CARD,BANK_TIMEOUT,43288,1,3,0.33,4,0,0,TRANSIENT
UPI,GATEWAY_TIMEOUT,36538,4,0,0.46,15,1,1,TRANSIENT
NETBANKING,GATEWAY_TIMEOUT,1110,2,4,0.02,10,0,1,TRANSIENT
NETBANKING,FRAUD_SUSPECTED,11142,3,2,0.05,22,0,1,RISK
CARD,INVALID_CARD,15393,3,3,0.07,7,1,0,PERMANENT
UPI,ACCOUNT_BLOCKED,42017,1,4,0.17,7,0,1,PERMANENT
NETBANKING,INVALID_CARD,16867,4,5,0.27,13,1,1,PERMANENT
CARD,INSUFFICIENT_FUNDS,43585,2,1,0.27,5,0,0,CUSTOMER_ACTION
UPI,INSUFFICIENT_FUNDS,24578,2,0,0.22,16,1,1,CUSTOMER_ACTION
CARD,FRAUD_SUSPECTED,26937,4,4,0.02,12,1,1,RISK
CARD,CARD_DECLINED,48207,3,4,0.17,18,1,1,CUSTOMER_ACTION
UPI,INSUFFICIENT_FUNDS,23523,2,0,0.47,10,1,1,CUSTOMER_ACTION
CARD,CARD_DECLINED,35322,4,2,0.05,21,0,1,CUSTOMER_ACTION
CARD,EXPIRED_CARD,29182,3,0,0.42,20,0,1,PERMANENT
CARD,INVALID_ACCOUNT,14781,3,4,0.21,10,0,1,PERMANENT
UPI,INVALID_ACCOUNT,40167,4,3,0.27,13,0,0,PERMANENT
UPI,GATEWAY_TIMEOUT,23100,2,0,0.42,12,0,0,TRANSIENT
CARD,GATEWAY_TIMEOUT,37822,4,5,0.32,5,1,0,TRANSIENT
NETBANKING,CARD_DECLINED,48931,2,2,0.39,19,0,1,CUSTOMER_ACTION
NETBANKING,ACCOUNT_BLOCKED,3299,3,3,0.33,1,0,0,PERMANENT
UPI,FRAUD_SUSPECTED,12980,3,4,0.01,10,0,1,RISK
NETBANKING,CARD_DECLINED,26257,4,5,0.25,11,1,1,CUSTOMER_ACTION
UPI,FRAUD_SUSPECTED,22713,2,4,0.09,12,0,1,RISK
NETBANKING,INVALID_ACCOUNT,26504,2,3,0.08,20,1,0,PERMANENT
NETBANKING,INVALID_ACCOUNT,37677,1,0,0.3,4,1,1,PERMANENT
NETBANKING,EXPIRED_CARD,23983,1,1,0.49,11,1,0,PERMANENT
NETBANKING,INSUFFICIENT_FUNDS,32679,4,2,0.44,17,0,0,CUSTOMER_ACTION
UPI,CARD_DECLINED,27414,3,1,0.47,11,1,1,CUSTOMER_ACTION
NETBANKING,FRAUD_SUSPECTED,26014,1,3,0.28,0,1,1,RISK
NETBANKING,GATEWAY_TIMEOUT,45776,1,4,0.26,14,1,1,TRANSIENT
UPI,FRAUD_SUSPECTED,37625,3,2,0.06,9,0,1,RISK
CARD,INSUFFICIENT_FUNDS,18161,2,4,0.38,7,1,1,CUSTOMER_ACTION
CARD,FRAUD_SUSPECTED,28567,3,3,0.39,18,0,1,RISK
CARD,NETWORK_ERROR,19956,3,5,0.4,6,1,0,TRANSIENT
NETBANKING,ACCOUNT_BLOCKED,32384,1,2,0.43,18,0,0,PERMANENT
CARD,GATEWAY_TIMEOUT,40240,1,3,0.21,22,0,1,TRANSIENT
UPI,NETWORK_ERROR,23689,4,3,0.07,1,0,0,TRANSIENT
NETBANKING,NETWORK_ERROR,16632,4,3,0.43,9,1,0,TRANSIENT
CARD,GATEWAY_TIMEOUT,45597,4,1,0.09,11,1,1,TRANSIENT
UPI,INVALID_ACCOUNT,14730,3,2,0.33,23,1,1,PERMANENT
NETBANKING,NETWORK_ERROR,21648,3,3,0.11,21,1,0,TRANSIENT
NETBANKING,INSUFFICIENT_FUNDS,24133,3,2,0.28,21,1,1,CUSTOMER_ACTION
CARD,FRAUD_SUSPECTED,32971,1,5,0.21,1,0,1,RISK
CARD,BANK_TIMEOUT,11086,2,1,0.37,20,1,1,TRANSIENT
UPI,NETWORK_ERROR,30575,1,2,0.21,18,1,0,TRANSIENT
NETBANKING,FRAUD_SUSPECTED,38757,4,5,0.41,22,0,1,RISK
CARD,GATEWAY_TIMEOUT,46869,3,4,0.18,1,0,1,TRANSIENT
NETBANKING,FRAUD_SUSPECTED,26473,1,0,0.24,6,1,0,RISK
CARD,BANK_TIMEOUT,22902,1,5,0.42,3,1,0,TRANSIENT
NETBANKING,ACCOUNT_BLOCKED,42449,3,4,0.03,17,1,0,PERMANENT
NETBANKING,FRAUD_SUSPECTED,6513,4,5,0.09,23,1,0,RISK
CARD,ACCOUNT_BLOCKED,44458,2,2,0.5,13,1,0,PERMANENT
NETBANKING,FRAUD_SUSPECTED,34649,4,0,0.25,14,0,0,RISK
UPI,CARD_DECLINED,14100,2,2,0.41,6,0,0,CUSTOMER_ACTION
UPI,FRAUD_SUSPECTED,39657,4,2,0.09,20,1,0,RISK
NETBANKING,ACCOUNT_BLOCKED,14846,3,3,0.36,23,1,1,PERMANENT
CARD,GATEWAY_TIMEOUT,34189,1,1,0.35,21,0,0,TRANSIENT
CARD,EXPIRED_CARD,41314,4,2,0.28,4,1,0,PERMANENT
UPI,CARD_DECLINED,43969,4,1,0.45,15,1,0,CUSTOMER_ACTION
CARD,CARD_DECLINED,38325,1,0,0.41,21,0,0,CUSTOMER_ACTION
CARD,INSUFFICIENT_FUNDS,41166,2,2,0.43,12,0,0,CUSTOMER_ACTION
CARD,EXPIRED_CARD,40646,3,3,0.49,10,1,1,PERMANENT
CARD,FRAUD_SUSPECTED,45979,2,1,0.19,10,1,1,RISK
NETBANKING,BANK_TIMEOUT,6493,3,0,0.11,14,0,0,TRANSIENT
UPI,FRAUD_SUSPECTED,13605,1,5,0.3,14,1,1,RISK
CARD,GATEWAY_TIMEOUT,32648,1,2,0.2,4,0,0,TRANSIENT
NETBANKING,NETWORK_ERROR,34324,2,1,0.13,8,0,0,TRANSIENT
CARD,BANK_TIMEOUT,11174,2,3,0.02,0,1,1,TRANSIENT
CARD,FRAUD_SUSPECTED,3128,1,3,0.33,15,1,0,RISK
CARD,CARD_DECLINED,9562,3,0,0.25,20,1,0,CUSTOMER_ACTION
UPI,EXPIRED_CARD,32801,2,0,0.15,16,1,0,PERMANENT
NETBANKING,FRAUD_SUSPECTED,25654,2,0,0.12,21,0,1,RISK
CARD,FRAUD_SUSPECTED,16923,4,3,0.16,18,0,1,RISK
NETBANKING,NETWORK_ERROR,44971,2,4,0.34,12,1,0,TRANSIENT
UPI,INVALID_CARD,19653,2,2,0.41,3,1,0,PERMANENT
UPI,GATEWAY_TIMEOUT,48425,3,4,0.29,6,1,0,TRANSIENT
UPI,ACCOUNT_BLOCKED,30401,3,1,0.07,10,0,0,PERMANENT
NETBANKING,CARD_DECLINED,9179,3,1,0.21,0,0,0,CUSTOMER_ACTION
NETBANKING,NETWORK_ERROR,48267,1,4,0.36,14,1,1,TRANSIENT
NETBANKING,BANK_TIMEOUT,15298,2,2,0.28,16,1,0,TRANSIENT
CARD,BANK_TIMEOUT,23829,4,1,0.44,10,0,1,TRANSIENT
CARD,FRAUD_SUSPECTED,24832,2,5,0.36,3,0,0,RISK
UPI,NETWORK_ERROR,5895,2,4,0.13,2,1,1,TRANSIENT
UPI,INVALID_CARD,22308,4,0,0.25,15,0,1,PERMANENT
UPI,BANK_TIMEOUT,22736,4,4,0.23,1,1,0,TRANSIENT
NETBANKING,CARD_DECLINED,25133,1,2,0.06,12,1,0,CUSTOMER_ACTION
UPI,FRAUD_SUSPECTED,29474,4,4,0.14,17,1,1,RISK
NETBANKING,ACCOUNT_BLOCKED,28646,1,0,0.2,7,1,1,PERMANENT
UPI,EXPIRED_CARD,41980,4,1,0.03,7,0,1,PERMANENT
CARD,ACCOUNT_BLOCKED,49575,4,2,0.5,10,0,0,PERMANENT
NETBANKING,FRAUD_SUSPECTED,2930,3,5,0.44,14,0,0,RISK
CARD,NETWORK_ERROR,1380,3,2,0.09,1,1,1,TRANSIENT
CARD,FRAUD_SUSPECTED,7791,1,0,0.04,18,1,1,RISK
CARD,FRAUD_SUSPECTED,19100,3,3,0.18,4,1,0,RISK
NETBANKING,CARD_DECLINED,37889,2,2,0.26,8,0,0,CUSTOMER_ACTION
NETBANKING,GATEWAY_TIMEOUT,16996,4,4,0.43,23,1,0,TRANSIENT
NETBANKING,ACCOUNT_BLOCKED,38774,2,5,0.36,13,0,0,PERMANENT
NETBANKING,CARD_DECLINED,31318,1,4,0.39,14,1,1,CUSTOMER_ACTION
CARD,INVALID_ACCOUNT,2779,2,4,0.29,13,0,1,PERMANENT
CARD,CARD_DECLINED,38717,2,5,0.41,14,0,0,CUSTOMER_ACTION
UPI,NETWORK_ERROR,23535,1,1,0.28,13,0,0,TRANSIENT
NETBANKING,NETWORK_ERROR,42905,2,2,0.11,7,0,0,TRANSIENT
UPI,BANK_TIMEOUT,40521,2,2,0.15,0,1,0,TRANSIENT
NETBANKING,INVALID_ACCOUNT,14948,1,3,0.31,20,0,0,PERMANENT
NETBANKING,FRAUD_SUSPECTED,25776,3,1,0.3,2,0,1,RISK
NETBANKING,CARD_DECLINED,3282,1,3,0.43,8,1,1,CUSTOMER_ACTION
CARD,FRAUD_SUSPECTED,16183,1,0,0.48,20,0,1,RISK
CARD,CARD_DECLINED,20482,2,4,0.4,10,0,1,CUSTOMER_ACTION
UPI,INVALID_ACCOUNT,24031,3,0,0.25,13,1,1,PERMANENT
UPI,GATEWAY_TIMEOUT,2855,2,5,0.3,4,0,0,TRANSIENT
CARD,INSUFFICIENT_FUNDS,2340,1,4,0.48,10,1,1,CUSTOMER_ACTION
NETBANKING,INSUFFICIENT_FUNDS,31031,4,1,0.46,16,1,0,CUSTOMER_ACTION
UPI,NETWORK_ERROR,20397,3,3,0.1,3,1,1,TRANSIENT
UPI,FRAUD_SUSPECTED,28091,1,1,0.11,5,0,1,RISK
CARD,BANK_TIMEOUT,5249,1,1,0.27,9,1,0,TRANSIENT
UPI,INSUFFICIENT_FUNDS,44736,2,5,0.35,0,0,1,CUSTOMER_ACTION
CARD,FRAUD_SUSPECTED,17898,1,3,0.14,15,0,0,RISK
CARD,NETWORK_ERROR,27300,2,3,0.17,23,0,0,TRANSIENT
CARD,FRAUD_SUSPECTED,44726,4,2,0.15,1,0,1,RISK
NETBANKING,NETWORK_ERROR,22490,3,5,0.28,6,0,0,TRANSIENT
UPI,FRAUD_SUSPECTED,15691,2,3,0.27,20,0,1,RISK
CARD,BANK_TIMEOUT,22092,4,4,0.09,4,1,1,TRANSIENT
NETBANKING,NETWORK_ERROR,43593,3,4,0.35,19,1,0,TRANSIENT
UPI,NETWORK_ERROR,47441,1,4,0.22,19,1,0,TRANSIENT
UPI,GATEWAY_TIMEOUT,23063,1,4,0.07,3,0,1,TRANSIENT
UPI,INSUFFICIENT_FUNDS,46304,2,4,0.23,0,1,0,CUSTOMER_ACTION
NETBANKING,INVALID_ACCOUNT,10685,1,2,0.27,20,1,1,PERMANENT
CARD,BANK_TIMEOUT,13928,4,0,0.15,5,0,1,TRANSIENT
CARD,FRAUD_SUSPECTED,45712,1,2,0.46,9,1,0,RISK
CARD,EXPIRED_CARD,8638,3,4,0.05,17,0,0,PERMANENT
NETBANKING,CARD_DECLINED,37790,4,5,0.23,20,1,1,CUSTOMER_ACTION
CARD,EXPIRED_CARD,19568,2,5,0.16,20,1,1,PERMANENT
UPI,ACCOUNT_BLOCKED,39657,4,2,0.24,10,1,1,PERMANENT
UPI,INSUFFICIENT_FUNDS,40298,1,1,0.14,17,0,1,CUSTOMER_ACTION
CARD,CARD_DECLINED,38188,4,0,0.32,23,0,1,CUSTOMER_ACTION
UPI,GATEWAY_TIMEOUT,27556,3,3,0.12,13,0,1,TRANSIENT
CARD,CARD_DECLINED,45616,2,1,0.19,19,0,0,CUSTOMER_ACTION
NETBANKING,CARD_DECLINED,15234,1,4,0.38,22,1,0,CUSTOMER_ACTION
CARD,GATEWAY_TIMEOUT,9819,4,1,0.06,22,0,1,TRANSIENT
CARD,INSUFFICIENT_FUNDS,20464,1,2,0.25,10,1,0,CUSTOMER_ACTION
UPI,GATEWAY_TIMEOUT,34290,3,1,0.46,7,0,1,TRANSIENT
CARD,FRAUD_SUSPECTED,10820,2,4,0.27,7,1,1,RISK
CARD,ACCOUNT_BLOCKED,5501,3,1,0.43,0,0,0,PERMANENT
NETBANKING,EXPIRED_CARD,19839,4,5,0.39,12,1,0,PERMANENT
UPI,GATEWAY_TIMEOUT,9488,1,4,0.03,20,0,1,TRANSIENT
CARD,FRAUD_SUSPECTED,4527,3,2,0.08,16,1,0,RISK
CARD,FRAUD_SUSPECTED,43265,1,5,0.46,5,0,0,RISK
NETBANKING,ACCOUNT_BLOCKED,9511,1,5,0.22,11,1,0,PERMANENT
UPI,CARD_DECLINED,44920,4,4,0.02,10,0,0,CUSTOMER_ACTION
NETBANKING,FRAUD_SUSPECTED,30823,2,2,0.23,7,0,0,RISK
CARD,INSUFFICIENT_FUNDS,15333,3,2,0.13,21,0,0,CUSTOMER_ACTION
CARD,INSUFFICIENT_FUNDS,20430,1,1,0.08,15,1,0,CUSTOMER_ACTION
NETBANKING,FRAUD_SUSPECTED,30157,2,0,0.13,11,0,1,RISK
UPI,NETWORK_ERROR,8325,2,1,0.17,0,1,0,TRANSIENT
CARD,FRAUD_SUSPECTED,35117,4,0,0.4,8,0,1,RISK
NETBANKING,INSUFFICIENT_FUNDS,45128,3,2,0.2,2,0,0,CUSTOMER_ACTION
UPI,FRAUD_SUSPECTED,8724,3,1,0.26,1,1,0,RISK
NETBANKING,BANK_TIMEOUT,22726,1,2,0.36,7,1,1,TRANSIENT
NETBANKING,GATEWAY_TIMEOUT,30931,1,2,0.35,10,1,1,TRANSIENT
CARD,NETWORK_ERROR,15213,2,4,0.32,4,1,1,TRANSIENT
CARD,INSUFFICIENT_FUNDS,7985,4,1,0.42,2,1,1,CUSTOMER_ACTION
UPI,CARD_DECLINED,706,1,3,0.22,2,1,0,CUSTOMER_ACTION
UPI,FRAUD_SUSPECTED,20704,4,4,0.41,21,1,1,RISK
CARD,INVALID_CARD,12541,2,5,0.48,0,0,0,PERMANENT
UPI,BANK_TIMEOUT,18746,4,5,0.06,1,0,0,TRANSIENT
NETBANKING,INVALID_CARD,39021,2,0,0.15,12,0,1,PERMANENT
CARD,INSUFFICIENT_FUNDS,33409,4,5,0.27,11,0,1,CUSTOMER_ACTION
CARD,INVALID_CARD,41237,1,5,0.3,10,1,0,PERMANENT
UPI,ACCOUNT_BLOCKED,34441,1,0,0.24,4,1,0,PERMANENT
NETBANKING,GATEWAY_TIMEOUT,36405,1,5,0.34,9,1,0,TRANSIENT
UPI,CARD_DECLINED,23149,4,2,0.02,16,0,0,CUSTOMER_ACTION
CARD,INSUFFICIENT_FUNDS,39661,4,4,0.38,18,1,0,CUSTOMER_ACTION
CARD,FRAUD_SUSPECTED,39917,2,3,0.24,2,1,1,RISK
NETBANKING,INVALID_ACCOUNT,2414,4,3,0.27,23,1,1,PERMANENT
NETBANKING,FRAUD_SUSPECTED,22226,4,0,0.05,9,1,1,RISK
NETBANKING,NETWORK_ERROR,39920,3,3,0.11,9,0,0,TRANSIENT
NETBANKING,GATEWAY_TIMEOUT,28863,2,4,0.47,0,0,0,TRANSIENT
CARD,FRAUD_SUSPECTED,21810,2,1,0.39,22,1,1,RISK
NETBANKING,INSUFFICIENT_FUNDS,13211,1,3,0.25,17,1,0,CUSTOMER_ACTION
UPI,CARD_DECLINED,24425,3,4,0.25,4,0,0,CUSTOMER_ACTION
NETBANKING,CARD_DECLINED,3873,2,2,0.48,9,1,1,CUSTOMER_ACTION
UPI,GATEWAY_TIMEOUT,22519,3,4,0.5,16,0,0,TRANSIENT
NETBANKING,ACCOUNT_BLOCKED,30131,2,4,0.26,4,1,1,PERMANENT
UPI,NETWORK_ERROR,964,2,2,0.13,7,0,0,TRANSIENT
UPI,GATEWAY_TIMEOUT,19174,2,2,0.09,9,0,0,TRANSIENT
UPI,INVALID_ACCOUNT,28783,4,2,0.5,13,1,0,PERMANENT
CARD,EXPIRED_CARD,6638,4,1,0.08,4,1,1,PERMANENT
UPI,INVALID_CARD,10974,2,1,0.03,7,1,0,PERMANENT
NETBANKING,FRAUD_SUSPECTED,30777,4,0,0.1,2,1,0,RISK
NETBANKING,FRAUD_SUSPECTED,41324,2,4,0.44,0,1,0,RISK
CARD,ACCOUNT_BLOCKED,2947,1,1,0.12,4,1,1,PERMANENT
NETBANKING,FRAUD_SUSPECTED,40352,1,4,0.28,6,1,0,RISK
CARD,FRAUD_SUSPECTED,25718,3,4,0.41,9,1,1,RISK
UPI,INSUFFICIENT_FUNDS,10590,3,5,0.28,8,1,0,CUSTOMER_ACTION
CARD,BANK_TIMEOUT,15481,4,0,0.16,1,0,0,TRANSIENT
UPI,GATEWAY_TIMEOUT,45677,2,3,0.34,20,0,1,TRANSIENT
UPI,GATEWAY_TIMEOUT,43978,4,0,0.2,0,1,1,TRANSIENT
NETBANKING,GATEWAY_TIMEOUT,48882,1,0,0.41,19,0,1,TRANSIENT
CARD,EXPIRED_CARD,47697,4,3,0.28,21,0,1,PERMANENT
UPI,BANK_TIMEOUT,17259,1,2,0.06,2,0,0,TRANSIENT
UPI,NETWORK_ERROR,22500,1,5,0.35,5,1,0,TRANSIENT
CARD,INVALID_CARD,20535,4,0,0.26,13,0,1,PERMANENT
CARD,NETWORK_ERROR,6659,3,5,0.41,14,0,0,TRANSIENT
UPI,BANK_TIMEOUT,17314,3,3,0.14,15,0,0,TRANSIENT
NETBANKING,INVALID_ACCOUNT,31058,3,0,0.23,8,0,0,PERMANENT
CARD,CARD_DECLINED,17026,4,0,0.31,7,0,0,CUSTOMER_ACTION
NETBANKING,CARD_DECLINED,40396,3,0,0.1,20,1,1,CUSTOMER_ACTION
CARD,BANK_TIMEOUT,1208,2,1,0.22,14,1,0,TRANSIENT
NETBANKING,GATEWAY_TIMEOUT,36572,1,2,0.25,12,0,0,TRANSIENT
UPI,BANK_TIMEOUT,35084,4,5,0.17,13,0,0,TRANSIENT
CARD,FRAUD_SUSPECTED,2554,4,2,0.02,8,1,1,RISK
NETBANKING,ACCOUNT_BLOCKED,19781,4,5,0.32,16,1,1,PERMANENT
UPI,NETWORK_ERROR,42674,2,3,0.41,0,0,1,TRANSIENT
UPI,INVALID_CARD,29231,4,1,0.33,10,1,0,PERMANENT
CARD,INSUFFICIENT_FUNDS,34690,1,0,0.47,2,1,0,CUSTOMER_ACTION
UPI,INVALID_CARD,18321,1,1,0.46,8,1,1,PERMANENT
CARD,NETWORK_ERROR,38891,4,3,0.15,7,0,1,TRANSIENT
CARD,INVALID_ACCOUNT,10701,2,4,0.49,15,0,0,PERMANENT
UPI,CARD_DECLINED,182,1,2,0.31,18,0,1,CUSTOMER_ACTION
UPI,INVALID_ACCOUNT,47242,4,5,0.06,23,1,1,PERMANENT
CARD,INSUFFICIENT_FUNDS,14285,3,3,0.35,4,1,1,CUSTOMER_ACTION
NETBANKING,INSUFFICIENT_FUNDS,36810,3,4,0.19,10,0,0,CUSTOMER_ACTION
NETBANKING,ACCOUNT_BLOCKED,29803,1,2,0.35,7,1,0,PERMANENT
NETBANKING,NETWORK_ERROR,25692,4,0,0.22,11,1,0,TRANSIENT
CARD,EXPIRED_CARD,30410,2,0,0.44,3,1,0,PERMANENT
CARD,FRAUD_SUSPECTED,45810,2,2,0.38,12,1,1,RISK
UPI,CARD_DECLINED,6760,3,5,0.49,20,1,1,CUSTOMER_ACTION
UPI,INVALID_CARD,39375,2,2,0.33,15,0,1,PERMANENT
CARD,EXPIRED_CARD,21212,2,4,0.42,20,0,1,PERMANENT
UPI,GATEWAY_TIMEOUT,25621,1,0,0.03,2,0,0,TRANSIENT
CARD,NETWORK_ERROR,4936,4,0,0.42,14,0,1,TRANSIENT
UPI,FRAUD_SUSPECTED,5848,2,0,0.03,23,0,0,RISK
NETBANKING,FRAUD_SUSPECTED,41026,1,5,0.35,22,1,1,RISK
NETBANKING,INSUFFICIENT_FUNDS,14390,1,0,0.14,8,0,1,CUSTOMER_ACTION
NETBANKING,EXPIRED_CARD,27146,3,2,0.37,2,0,0,PERMANENT
NETBANKING,GATEWAY_TIMEOUT,9026,2,0,0.21,2,1,1,TRANSIENT
CARD,NETWORK_ERROR,4237,2,0,0.09,13,1,0,TRANSIENT
CARD,EXPIRED_CARD,33309,2,2,0.46,19,0,1,PERMANENT
CARD,ACCOUNT_BLOCKED,1079,2,1,0.12,18,0,0,PERMANENT
UPI,CARD_DECLINED,35073,2,5,0.4,14,0,0,CUSTOMER_ACTION
CARD,EXPIRED_CARD,38318,3,4,0.42,18,1,0,PERMANENT
UPI,CARD_DECLINED,40398,4,2,0.14,21,1,0,CUSTOMER_ACTION
NETBANKING,ACCOUNT_BLOCKED,7503,1,0,0.16,7,0,0,PERMANENT
UPI,INVALID_ACCOUNT,39749,1,2,0.29,15,0,1,PERMANENT
NETBANKING,FRAUD_SUSPECTED,44324,1,5,0.46,22,0,1,RISK
UPI,INVALID_CARD,23452,1,5,0.08,22,1,1,PERMANENT
UPI,CARD_DECLINED,7717,4,1,0.44,12,1,0,CUSTOMER_ACTION
UPI,INSUFFICIENT_FUNDS,21333,3,0,0.27,0,0,1,CUSTOMER_ACTION
CARD,FRAUD_SUSPECTED,15001,4,4,0.11,11,1,1,RISK
NETBANKING,FRAUD_SUSPECTED,42272,2,2,0.36,8,0,0,RISK
NETBANKING,NETWORK_ERROR,14293,4,3,0.02,22,1,0,TRANSIENT
NETBANKING,FRAUD_SUSPECTED,30444,4,0,0.06,11,1,0,RISK
UPI,INSUFFICIENT_FUNDS,1044,1,2,0.2,7,0,0,CUSTOMER_ACTION
NETBANKING,CARD_DECLINED,36709,2,4,0.24,5,0,0,CUSTOMER_ACTION
UPI,EXPIRED_CARD,11356,4,1,0.36,11,1,1,PERMANENT
UPI,INSUFFICIENT_FUNDS,31028,2,0,0.04,14,0,1,CUSTOMER_ACTION
CARD,CARD_DECLINED,44233,1,3,0.34,5,1,1,CUSTOMER_ACTION
CARD,CARD_DECLINED,4439,2,4,0.37,10,1,1,CUSTOMER_ACTION
NETBANKING,GATEWAY_TIMEOUT,1376,1,2,0.44,1,0,1,TRANSIENT
UPI,FRAUD_SUSPECTED,28232,2,1,0.35,0,0,1,RISK
UPI,NETWORK_ERROR,8554,2,2,0.03,23,0,0,TRANSIENT
NETBANKING,CARD_DECLINED,9428,3,1,0.5,10,0,0,CUSTOMER_ACTION
NETBANKING,EXPIRED_CARD,2074,1,3,0.36,7,0,1,PERMANENT
NETBANKING,ACCOUNT_BLOCKED,30983,3,0,0.13,0,1,1,PERMANENT
UPI,FRAUD_SUSPECTED,1336,4,0,0.22,8,1,0,RISK
NETBANKING,GATEWAY_TIMEOUT,18934,3,5,0.17,0,0,1,TRANSIENT
CARD,NETWORK_ERROR,19716,2,4,0.47,22,0,0,TRANSIENT
UPI,CARD_DECLINED,7899,3,0,0.17,0,1,1,CUSTOMER_ACTION
NETBANKING,GATEWAY_TIMEOUT,12888,1,2,0.42,22,1,1,TRANSIENT
NETBANKING,INSUFFICIENT_FUNDS,10759,2,5,0.4,17,0,1,CUSTOMER_ACTION
NETBANKING,CARD_DECLINED,29267,3,1,0.18,8,0,1,CUSTOMER_ACTION
UPI,ACCOUNT_BLOCKED,22373,2,4,0.19,3,0,0,PERMANENT
CARD,FRAUD_SUSPECTED,21028,4,1,0.24,22,0,1,RISK
UPI,BANK_TIMEOUT,29272,3,4,0.3,7,0,1,TRANSIENT
NETBANKING,FRAUD_SUSPECTED,49857,4,0,0.42,13,0,1,RISK
NETBANKING,INSUFFICIENT_FUNDS,14530,3,5,0.17,22,1,1,CUSTOMER_ACTION
CARD,INSUFFICIENT_FUNDS,48364,3,4,0.21,10,1,1,CUSTOMER_ACTION
NETBANKING,BANK_TIMEOUT,12444,4,4,0.4,7,0,1,TRANSIENT
CARD,FRAUD_SUSPECTED,9458,4,2,0.17,21,0,0,RISK
NETBANKING,INVALID_CARD,37454,3,4,0.29,1,0,1,PERMANENT
UPI,INSUFFICIENT_FUNDS,13541,2,3,0.36,19,1,0,CUSTOMER_ACTION
UPI,GATEWAY_TIMEOUT,17945,4,3,0.34,2,0,0,TRANSIENT
CARD,GATEWAY_TIMEOUT,18500,4,0,0.37,23,0,1,TRANSIENT
UPI,CARD_DECLINED,41610,3,5,0.2,1,0,0,CUSTOMER_ACTION
UPI,INVALID_ACCOUNT,33743,3,5,0.32,17,1,0,PERMANENT
NETBANKING,FRAUD_SUSPECTED,30732,4,5,0.13,22,0,0,RISK
CARD,EXPIRED_CARD,38594,3,4,0.3,19,1,1,PERMANENT
NETBANKING,FRAUD_SUSPECTED,42211,3,2,0.15,1,1,1,RISK
UPI,CARD_DECLINED,25370,3,2,0.33,9,1,1,CUSTOMER_ACTION
CARD,GATEWAY_TIMEOUT,2131,3,1,0.18,20,0,1,TRANSIENT
NETBANKING,NETWORK_ERROR,46240,4,2,0.26,10,1,0,TRANSIENT
CARD,INVALID_ACCOUNT,43746,1,3,0.24,9,0,1,PERMANENT
NETBANKING,NETWORK_ERROR,13896,1,3,0.33,3,1,1,TRANSIENT
NETBANKING,INVALID_CARD,41834,2,2,0.33,20,0,1,PERMANENT
NETBANKING,CARD_DECLINED,10370,2,1,0.11,22,1,1,CUSTOMER_ACTION
UPI,BANK_TIMEOUT,26891,3,1,0.48,10,0,0,TRANSIENT
UPI,INSUFFICIENT_FUNDS,44885,4,2,0.11,14,0,1,CUSTOMER_ACTION
CARD,FRAUD_SUSPECTED,40933,4,1,0.14,22,0,0,RISK
UPI,INSUFFICIENT_FUNDS,17653,4,3,0.05,13,1,0,CUSTOMER_ACTION
CARD,CARD_DECLINED,24226,3,5,0.23,1,0,0,CUSTOMER_ACTION
UPI,NETWORK_ERROR,30919,3,0,0.11,9,1,1,TRANSIENT
CARD,FRAUD_SUSPECTED,7384,2,0,0.28,7,0,0,RISK
CARD,INVALID_CARD,21394,1,3,0.37,3,0,0,PERMANENT
NETBANKING,INSUFFICIENT_FUNDS,46636,1,2,0.2,9,1,1,CUSTOMER_ACTION
CARD,INSUFFICIENT_FUNDS,24412,3,2,0.41,10,1,0,CUSTOMER_ACTION
UPI,CARD_DECLINED,46348,3,3,0.01,15,1,1,CUSTOMER_ACTION
NETBANKING,INSUFFICIENT_FUNDS,9071,4,3,0.43,6,0,1,CUSTOMER_ACTION
UPI,INVALID_CARD,34149,2,5,0.37,7,1,1,PERMANENT
NETBANKING,CARD_DECLINED,1238,2,5,0.1,1,1,1,CUSTOMER_ACTION
CARD,FRAUD_SUSPECTED,6927,4,4,0.03,20,1,0,RISK
NETBANKING,NETWORK_ERROR,7165,2,0,0.04,18,0,1,TRANSIENT
CARD,FRAUD_SUSPECTED,28701,4,1,0.46,12,0,0,RISK
NETBANKING,INSUFFICIENT_FUNDS,15252,1,5,0.3,18,1,0,CUSTOMER_ACTION
CARD,BANK_TIMEOUT,14801,1,3,0.05,5,1,0,TRANSIENT
UPI,GATEWAY_TIMEOUT,9623,2,5,0.24,23,1,0,TRANSIENT
CARD,INVALID_CARD,18848,3,3,0.37,17,1,0,PERMANENT
CARD,INSUFFICIENT_FUNDS,12782,2,1,0.35,16,0,0,CUSTOMER_ACTION
NETBANKING,CARD_DECLINED,36368,1,2,0.14,22,1,1,CUSTOMER_ACTION
NETBANKING,FRAUD_SUSPECTED,17843,4,3,0.02,18,1,0,RISK
CARD,INVALID_ACCOUNT,10299,3,2,0.1,14,0,1,PERMANENT
CARD,INVALID_ACCOUNT,32528,3,0,0.23,22,1,1,PERMANENT
CARD,FRAUD_SUSPECTED,30125,1,3,0.05,19,1,0,RISK
CARD,FRAUD_SUSPECTED,34339,1,4,0.08,4,1,0,RISK
UPI,INVALID_ACCOUNT,28775,1,0,0.18,15,0,1,PERMANENT
CARD,NETWORK_ERROR,47851,4,4,0.26,6,0,1,TRANSIENT
CARD,INVALID_ACCOUNT,37929,3,5,0.04,14,0,0,PERMANENT
UPI,CARD_DECLINED,36580,3,1,0.49,21,1,0,CUSTOMER_ACTION
UPI,INVALID_CARD,37901,1,4,0.28,8,0,1,PERMANENT
UPI,GATEWAY_TIMEOUT,30985,1,5,0.26,23,1,1,TRANSIENT
UPI,NETWORK_ERROR,2682,4,3,0.33,23,0,1,TRANSIENT
CARD,FRAUD_SUSPECTED,14916,2,3,0.49,18,1,1,RISK
NETBANKING,ACCOUNT_BLOCKED,10039,3,3,0.05,1,1,0,PERMANENT
NETBANKING,BANK_TIMEOUT,133,1,5,0.24,3,1,1,TRANSIENT
UPI,GATEWAY_TIMEOUT,874,3,0,0.08,21,1,1,TRANSIENT
NETBANKING,INSUFFICIENT_FUNDS,44839,2,0,0.05,21,0,1,CUSTOMER_ACTION
CARD,FRAUD_SUSPECTED,42594,4,5,0.35,21,1,0,RISK
NETBANKING,INVALID_ACCOUNT,49151,4,5,0.16,5,1,0,PERMANENT
NETBANKING,INVALID_ACCOUNT,42596,2,0,0.15,12,1,0,PERMANENT
CARD,FRAUD_SUSPECTED,19218,1,5,0.43,2,0,0,RISK
CARD,EXPIRED_CARD,27870,4,5,0.29,21,1,1,PERMANENT
NETBANKING,GATEWAY_TIMEOUT,24788,1,4,0.17,15,0,1,TRANSIENT
CARD,FRAUD_SUSPECTED,34241,3,4,0.36,16,0,1,RISK
NETBANKING,FRAUD_SUSPECTED,3921,2,2,0.26,5,1,0,RISK
CARD,FRAUD_SUSPECTED,17501,3,0,0.29,18,1,0,RISK
CARD,CARD_DECLINED,16057,3,1,0.49,23,0,0,CUSTOMER_ACTION
NETBANKING,BANK_TIMEOUT,3819,3,5,0.43,17,1,1,TRANSIENT
NETBANKING,INVALID_ACCOUNT,14673,2,0,0.13,18,1,0,PERMANENT
NETBANKING,INSUFFICIENT_FUNDS,29850,2,5,0.14,17,0,0,CUSTOMER_ACTION
NETBANKING,INSUFFICIENT_FUNDS,27532,3,1,0.18,15,0,0,CUSTOMER_ACTION
CARD,FRAUD_SUSPECTED,35925,2,4,0.26,15,0,0,RISK
CARD,NETWORK_ERROR,44866,3,4,0.37,8,1,1,TRANSIENT
CARD,INVALID_CARD,11536,2,3,0.48,15,1,1,PERMANENT
CARD,INSUFFICIENT_FUNDS,28266,1,3,0.1,10,0,1,CUSTOMER_ACTION
NETBANKING,FRAUD_SUSPECTED,11957,4,3,0.43,13,1,1,RISK
CARD,INVALID_ACCOUNT,18370,3,4,0.14,14,1,0,PERMANENT
UPI,CARD_DECLINED,7672,2,5,0.47,22,0,1,CUSTOMER_ACTION
CARD,GATEWAY_TIMEOUT,39557,4,1,0.35,10,0,0,TRANSIENT
UPI,FRAUD_SUSPECTED,33912,1,0,0.09,8,1,1,RISK
CARD,EXPIRED_CARD,47205,3,3,0.07,2,1,1,PERMANENT
NETBANKING,EXPIRED_CARD,8771,2,0,0.48,14,0,1,PERMANENT
NETBANKING,FRAUD_SUSPECTED,2082,3,1,0.06,1,0,0,RISK
UPI,INVALID_ACCOUNT,16357,1,1,0.42,21,0,1,PERMANENT
CARD,GATEWAY_TIMEOUT,41763,2,2,0.16,11,1,0,TRANSIENT
UPI,BANK_TIMEOUT,41095,1,1,0.28,0,1,0,TRANSIENT
CARD,INVALID_CARD,27375,1,2,0.35,9,1,1,PERMANENT
UPI,ACCOUNT_BLOCKED,23276,4,2,0.36,9,0,0,PERMANENT
CARD,INSUFFICIENT_FUNDS,9242,1,1,0.46,16,1,1,CUSTOMER_ACTION
NETBANKING,NETWORK_ERROR,17959,4,4,0.46,19,1,0,TRANSIENT
CARD,CARD_DECLINED,2459,3,1,0.03,2,0,0,CUSTOMER_ACTION
NETBANKING,INVALID_CARD,49555,2,1,0.38,0,0,1,PERMANENT
CARD,ACCOUNT_BLOCKED,8408,4,5,0.25,12,0,1,PERMANENT
CARD,FRAUD_SUSPECTED,9538,4,5,0.2,0,0,0,RISK
CARD,GATEWAY_TIMEOUT,29514,2,2,0.22,2,0,1,TRANSIENT
UPI,INSUFFICIENT_FUNDS,17529,3,5,0.36,15,0,1,CUSTOMER_ACTION
UPI,EXPIRED_CARD,42722,2,3,0.25,22,0,0,PERMANENT
UPI,FRAUD_SUSPECTED,22359,3,5,0.3,6,0,0,RISK
NETBANKING,EXPIRED_CARD,41782,2,1,0.28,14,0,1,PERMANENT
UPI,CARD_DECLINED,47732,2,2,0.18,9,1,0,CUSTOMER_ACTION
NETBANKING,ACCOUNT_BLOCKED,2634,3,0,0.06,15,0,1,PERMANENT
CARD,INVALID_ACCOUNT,42365,4,1,0.27,10,1,0,PERMANENT
NETBANKING,FRAUD_SUSPECTED,44087,3,5,0.34,15,0,0,RISK
NETBANKING,INSUFFICIENT_FUNDS,4723,2,2,0.28,10,1,1,CUSTOMER_ACTION
UPI,INVALID_CARD,43303,4,1,0.13,19,1,1,PERMANENT
CARD,FRAUD_SUSPECTED,18095,1,3,0.21,20,1,0,RISK
UPI,BANK_TIMEOUT,47181,1,1,0.43,7,0,0,TRANSIENT
UPI,CARD_DECLINED,49855,4,1,0.28,7,1,1,CUSTOMER_ACTION
NETBANKING,NETWORK_ERROR,5060,1,4,0.34,3,1,0,TRANSIENT
CARD,CARD_DECLINED,13058,3,3,0.23,4,1,1,CUSTOMER_ACTION
UPI,CARD_DECLINED,20990,4,2,0.31,21,1,1,CUSTOMER_ACTION
CARD,FRAUD_SUSPECTED,22423,3,4,0.29,11,0,1,RISK
NETBANKING,FRAUD_SUSPECTED,41334,4,1,0.29,20,0,1,RISK
NETBANKING,NETWORK_ERROR,23991,3,0,0.28,19,1,0,TRANSIENT
NETBANKING,FRAUD_SUSPECTED,43537,3,1,0.41,1,1,0,RISK
NETBANKING,NETWORK_ERROR,20634,1,0,0.31,22,0,0,TRANSIENT
CARD,FRAUD_SUSPECTED,19459,3,2,0.08,6,0,0,RISK
NETBANKING,ACCOUNT_BLOCKED,17275,4,1,0.02,23,0,1,PERMANENT
NETBANKING,BANK_TIMEOUT,23848,2,1,0.36,2,0,1,TRANSIENT
NETBANKING,FRAUD_SUSPECTED,46121,2,4,0.11,13,0,1,RISK
CARD,GATEWAY_TIMEOUT,6014,2,5,0.05,17,0,1,TRANSIENT
CARD,CARD_DECLINED,37565,3,4,0.29,22,0,1,CUSTOMER_ACTION
UPI,INVALID_ACCOUNT,9032,2,1,0.17,13,0,0,PERMANENT
UPI,BANK_TIMEOUT,19931,2,2,0.4,22,1,1,TRANSIENT
UPI,BANK_TIMEOUT,39475,4,5,0.1,14,1,1,TRANSIENT
CARD,BANK_TIMEOUT,15777,3,1,0.07,3,0,0,TRANSIENT
NETBANKING,INSUFFICIENT_FUNDS,46483,2,4,0.05,7,0,0,CUSTOMER_ACTION
NETBANKING,FRAUD_SUSPECTED,2352,2,4,0.27,19,0,0,RISK
CARD,ACCOUNT_BLOCKED,23723,2,1,0.07,18,0,0,PERMANENT
NETBANKING,INSUFFICIENT_FUNDS,14318,2,2,0.2,17,0,0,CUSTOMER_ACTION
UPI,EXPIRED_CARD,49931,4,5,0.21,1,1,0,PERMANENT
UPI,INVALID_CARD,43038,2,5,0.28,18,0,0,PERMANENT
UPI,INVALID_ACCOUNT,21140,1,0,0.13,6,0,0,PERMANENT
CARD,CARD_DECLINED,38925,3,3,0.02,15,0,1,CUSTOMER_ACTION
CARD,ACCOUNT_BLOCKED,3903,4,3,0.18,22,0,1,PERMANENT
UPI,EXPIRED_CARD,5031,4,5,0.11,12,0,0,PERMANENT
UPI,INVALID_CARD,42850,1,2,0.39,22,1,0,PERMANENT
UPI,CARD_DECLINED,4060,4,3,0.44,0,0,1,CUSTOMER_ACTION
NETBANKING,FRAUD_SUSPECTED,26111,4,5,0.31,22,0,0,RISK
UPI,CARD_DECLINED,2018,4,0,0.37,10,0,0,CUSTOMER_ACTION
CARD,INVALID_CARD,43089,1,4,0.22,7,0,0,PERMANENT
UPI,FRAUD_SUSPECTED,49424,4,2,0.45,15,1,1,RISK
UPI,INSUFFICIENT_FUNDS,30778,3,4,0.37,18,1,0,CUSTOMER_ACTION
NETBANKING,CARD_DECLINED,45480,2,5,0.19,10,1,1,CUSTOMER_ACTION
UPI,FRAUD_SUSPECTED,40745,1,4,0.48,0,0,1,RISK
CARD,INSUFFICIENT_FUNDS,32580,2,4,0.36,6,1,0,CUSTOMER_ACTION
NETBANKING,INSUFFICIENT_FUNDS,1213,1,2,0.35,13,1,1,CUSTOMER_ACTION
CARD,FRAUD_SUSPECTED,27696,3,4,0.22,15,1,0,RISK
CARD,EXPIRED_CARD,5889,2,0,0.21,3,1,1,PERMANENT
NETBANKING,FRAUD_SUSPECTED,29084,4,3,0.03,8,1,1,RISK
UPI,GATEWAY_TIMEOUT,7368,3,2,0.4,11,1,0,TRANSIENT
CARD,GATEWAY_TIMEOUT,46718,2,5,0.2,2,0,1,TRANSIENT
UPI,INVALID_CARD,20214,4,0,0.43,12,0,0,PERMANENT
NETBANKING,CARD_DECLINED,49143,1,2,0.18,22,1,1,CUSTOMER_ACTION
UPI,FRAUD_SUSPECTED,48696,4,4,0.49,12,1,0,RISK
UPI,ACCOUNT_BLOCKED,17592,1,1,0.15,21,1,1,PERMANENT
NETBANKING,FRAUD_SUSPECTED,23311,4,3,0.02,7,0,0,RISK
CARD,GATEWAY_TIMEOUT,42274,2,1,0.25,4,0,1,TRANSIENT
NETBANKING,INVALID_ACCOUNT,8338,1,5,0.43,14,0,1,PERMANENT
NETBANKING,CARD_DECLINED,3727,3,5,0.32,0,0,1,CUSTOMER_ACTION
NETBANKING,GATEWAY_TIMEOUT,37690,1,3,0.34,11,0,0,TRANSIENT
CARD,BANK_TIMEOUT,45527,3,0,0.13,16,1,1,TRANSIENT
CARD,CARD_DECLINED,2323,1,5,0.22,15,1,1,CUSTOMER_ACTION
UPI,NETWORK_ERROR,39022,3,2,0.15,23,1,1,TRANSIENT
UPI,FRAUD_SUSPECTED,5640,4,5,0.35,11,1,0,RISK
UPI,INVALID_ACCOUNT,32900,1,0,0.07,23,0,1,PERMANENT
CARD,CARD_DECLINED,30309,3,5,0.38,18,0,0,CUSTOMER_ACTION
CARD,FRAUD_SUSPECTED,46735,2,4,0.12,5,1,1,RISK
NETBANKING,INVALID_CARD,44894,1,0,0.05,0,1,0,PERMANENT
NETBANKING,CARD_DECLINED,43099,3,3,0.21,2,0,0,CUSTOMER_ACTION
NETBANKING,FRAUD_SUSPECTED,18570,1,5,0.46,9,0,0,RISK
UPI,FRAUD_SUSPECTED,35608,2,5,0.11,5,1,1,RISK
NETBANKING,ACCOUNT_BLOCKED,36459,1,5,0.11,4,1,1,PERMANENT
NETBANKING,INVALID_ACCOUNT,30007,4,0,0.42,10,0,0,PERMANENT
NETBANKING,INVALID_CARD,34292,3,0,0.47,0,1,0,PERMANENT
UPI,NETWORK_ERROR,5085,3,3,0.14,12,0,0,TRANSIENT
NETBANKING,INSUFFICIENT_FUNDS,30081,3,2,0.09,9,1,0,CUSTOMER_ACTION
UPI,FRAUD_SUSPECTED,32674,4,2,0.28,23,1,1,RISK
CARD,BANK_TIMEOUT,36820,1,5,0.08,7,0,1,TRANSIENT
UPI,BANK_TIMEOUT,49315,1,4,0.48,5,1,1,TRANSIENT
CARD,GATEWAY_TIMEOUT,43736,4,3,0.37,4,1,1,TRANSIENT
NETBANKING,INSUFFICIENT_FUNDS,42474,3,3,0.04,9,1,0,CUSTOMER_ACTION
UPI,GATEWAY_TIMEOUT,1009,2,5,0.5,15,0,0,TRANSIENT
UPI,INVALID_CARD,32043,1,4,0.32,23,1,1,PERMANENT
UPI,INSUFFICIENT_FUNDS,32783,1,4,0.48,16,0,1,CUSTOMER_ACTION
NETBANKING,FRAUD_SUSPECTED,45663,4,3,0.36,17,1,1,RISK
CARD,CARD_DECLINED,3984,4,2,0.34,8,1,1,CUSTOMER_ACTION
UPI,FRAUD_SUSPECTED,28088,4,3,0.19,8,0,0,RISK
NETBANKING,NETWORK_ERROR,17889,4,3,0.29,0,0,0,TRANSIENT
UPI,FRAUD_SUSPECTED,49566,2,0,0.1,5,1,0,RISK
UPI,BANK_TIMEOUT,48805,4,5,0.48,8,1,0,TRANSIENT
UPI,FRAUD_SUSPECTED,15928,1,4,0.46,1,1,1,RISK
CARD,GATEWAY_TIMEOUT,14983,3,0,0.22,10,0,0,TRANSIENT
CARD,FRAUD_SUSPECTED,48900,4,2,0.07,10,0,1,RISK
NETBANKING,BANK_TIMEOUT,23572,2,3,0.36,13,0,0,TRANSIENT
CARD,CARD_DECLINED,15209,2,2,0.07,17,1,1,CUSTOMER_ACTION
CARD,INSUFFICIENT_FUNDS,9262,2,3,0.34,5,1,0,CUSTOMER_ACTION
UPI,BANK_TIMEOUT,15135,4,5,0.35,1,0,1,TRANSIENT
CARD,INSUFFICIENT_FUNDS,2330,2,5,0.23,8,0,0,CUSTOMER_ACTION
NETBANKING,INSUFFICIENT_FUNDS,8212,2,4,0.15,12,0,0,CUSTOMER_ACTION
NETBANKING,FRAUD_SUSPECTED,41121,1,2,0.24,14,0,1,RISK
CARD,NETWORK_ERROR,37545,4,4,0.02,20,1,1,TRANSIENT
CARD,FRAUD_SUSPECTED,19921,2,0,0.19,21,0,1,RISK
CARD,CARD_DECLINED,2073,3,1,0.36,20,1,0,CUSTOMER_ACTION
NETBANKING,INVALID_ACCOUNT,13481,3,5,0.48,16,0,0,PERMANENT
NETBANKING,CARD_DECLINED,39892,4,5,0.34,6,0,0,CUSTOMER_ACTION
UPI,FRAUD_SUSPECTED,10912,1,4,0.26,18,1,1,RISK
NETBANKING,FRAUD_SUSPECTED,44988,1,1,0.17,12,1,1,RISK
CARD,INVALID_CARD,42451,4,1,0.5,15,1,1,PERMANENT
NETBANKING,NETWORK_ERROR,37914,4,1,0.08,18,1,0,TRANSIENT
NETBANKING,BANK_TIMEOUT,22051,2,2,0.08,15,1,0,TRANSIENT
CARD,INSUFFICIENT_FUNDS,23199,4,1,0.45,14,1,0,CUSTOMER_ACTION
NETBANKING,EXPIRED_CARD,39665,3,4,0.18,19,1,0,PERMANENT
CARD,CARD_DECLINED,48865,3,3,0.19,21,1,0,CUSTOMER_ACTION
UPI,NETWORK_ERROR,33755,4,1,0.03,4,0,0,TRANSIENT
UPI,CARD_DECLINED,25014,4,1,0.34,5,1,1,CUSTOMER_ACTION
NETBANKING,EXPIRED_CARD,46268,2,1,0.47,6,1,1,PERMANENT
NETBANKING,FRAUD_SUSPECTED,4380,4,5,0.2,3,0,0,RISK
NETBANKING,NETWORK_ERROR,34139,4,3,0.36,23,0,1,TRANSIENT
CARD,INSUFFICIENT_FUNDS,20386,3,3,0.39,17,0,1,CUSTOMER_ACTION
NETBANKING,FRAUD_SUSPECTED,18410,1,3,0.5,1,0,0,RISK
CARD,INVALID_CARD,19278,3,5,0.48,3,0,1,PERMANENT
UPI,FRAUD_SUSPECTED,47008,3,3,0.22,18,1,1,RISK
NETBANKING,EXPIRED_CARD,15422,4,4,0.44,23,1,0,PERMANENT
CARD,GATEWAY_TIMEOUT,25592,4,2,0.46,2,0,1,TRANSIENT
CARD,FRAUD_SUSPECTED,6035,2,3,0.14,8,1,0,RISK
NETBANKING,INVALID_ACCOUNT,14145,1,3,0.09,10,0,0,PERMANENT
NETBANKING,INSUFFICIENT_FUNDS,37498,4,2,0.2,19,0,1,CUSTOMER_ACTION
UPI,CARD_DECLINED,23583,3,4,0.21,10,0,0,CUSTOMER_ACTION
NETBANKING,INSUFFICIENT_FUNDS,23409,4,0,0.41,16,1,0,CUSTOMER_ACTION
NETBANKING,GATEWAY_TIMEOUT,3049,2,2,0.44,13,1,1,TRANSIENT
CARD,INVALID_CARD,38596,1,1,0.24,8,1,1,PERMANENT
NETBANKING,ACCOUNT_BLOCKED,38296,1,5,0.37,2,1,0,PERMANENT
UPI,INSUFFICIENT_FUNDS,22253,1,1,0.37,21,1,1,CUSTOMER_ACTION
NETBANKING,FRAUD_SUSPECTED,33045,1,5,0.29,20,0,0,RISK
CARD,FRAUD_SUSPECTED,34253,2,1,0.12,4,1,1,RISK
UPI,BANK_TIMEOUT,33891,3,2,0.38,0,0,1,TRANSIENT
NETBANKING,EXPIRED_CARD,857,1,0,0.04,9,1,1,PERMANENT
UPI,GATEWAY_TIMEOUT,24661,1,3,0.38,20,0,1,TRANSIENT
CARD,BANK_TIMEOUT,41090,3,0,0.44,10,0,0,TRANSIENT
NETBANKING,CARD_DECLINED,28806,1,4,0.22,21,1,0,CUSTOMER_ACTION
NETBANKING,INVALID_CARD,851,3,4,0.47,19,0,0,PERMANENT
CARD,FRAUD_SUSPECTED,46105,1,4,0.22,4,0,0,RISK
UPI,INSUFFICIENT_FUNDS,18413,3,1,0.48,1,1,0,CUSTOMER_ACTION
CARD,BANK_TIMEOUT,44416,1,3,0.25,16,1,1,TRANSIENT
CARD,CARD_DECLINED,35548,1,3,0.21,2,0,1,CUSTOMER_ACTION
NETBANKING,INSUFFICIENT_FUNDS,15143,1,3,0.3,11,0,1,CUSTOMER_ACTION
NETBANKING,FRAUD_SUSPECTED,6214,2,0,0.07,13,0,0,RISK
NETBANKING,BANK_TIMEOUT,47932,2,5,0.36,7,0,0,TRANSIENT
CARD,BANK_TIMEOUT,23507,4,4,0.36,4,0,1,TRANSIENT
UPI,INSUFFICIENT_FUNDS,18744,3,4,0.22,21,0,0,CUSTOMER_ACTION
NETBANKING,INVALID_CARD,26613,1,2,0.19,11,0,0,PERMANENT
UPI,BANK_TIMEOUT,14331,4,0,0.26,12,1,0,TRANSIENT
CARD,NETWORK_ERROR,49065,4,0,0.44,22,0,1,TRANSIENT
UPI,NETWORK_ERROR,36263,2,2,0.22,10,1,1,TRANSIENT
CARD,FRAUD_SUSPECTED,857,3,4,0.03,4,1,1,RISK
CARD,FRAUD_SUSPECTED,39036,2,5,0.31,17,1,0,RISK
UPI,INVALID_ACCOUNT,39971,3,0,0.16,21,0,1,PERMANENT
NETBANKING,FRAUD_SUSPECTED,29136,4,1,0.16,6,1,1,RISK
NETBANKING,ACCOUNT_BLOCKED,5708,3,1,0.03,12,1,1,PERMANENT
UPI,CARD_DECLINED,30863,3,5,0.36,16,1,0,CUSTOMER_ACTION
UPI,CARD_DECLINED,39995,4,3,0.05,12,1,0,CUSTOMER_ACTION
UPI,ACCOUNT_BLOCKED,12528,3,4,0.27,8,1,1,PERMANENT
UPI,INVALID_CARD,26041,3,3,0.09,15,1,1,PERMANENT
UPI,BANK_TIMEOUT,23950,4,1,0.11,22,0,1,TRANSIENT
UPI,CARD_DECLINED,13408,3,1,0.18,23,1,0,CUSTOMER_ACTION
CARD,GATEWAY_TIMEOUT,48932,3,4,0.2,2,1,0,TRANSIENT
UPI,NETWORK_ERROR,22348,2,0,0.32,23,0,1,TRANSIENT
UPI,INSUFFICIENT_FUNDS,47219,1,4,0.14,13,0,1,CUSTOMER_ACTION
NETBANKING,CARD_DECLINED,9891,2,1,0.07,22,0,0,CUSTOMER_ACTION
NETBANKING,BANK_TIMEOUT,17851,3,5,0.12,3,1,0,TRANSIENT
NETBANKING,FRAUD_SUSPECTED,31916,2,2,0.35,6,1,1,RISK
UPI,CARD_DECLINED,49666,2,0,0.46,13,0,0,CUSTOMER_ACTION
CARD,BANK_TIMEOUT,40909,1,4,0.06,0,0,1,TRANSIENT
UPI,CARD_DECLINED,26864,3,3,0.26,19,1,0,CUSTOMER_ACTION
NETBANKING,FRAUD_SUSPECTED,31129,4,2,0.39,11,0,1,RISK
NETBANKING,CARD_DECLINED,34354,2,1,0.38,15,0,1,CUSTOMER_ACTION
NETBANKING,FRAUD_SUSPECTED,12268,2,5,0.17,10,0,0,RISK
NETBANKING,EXPIRED_CARD,1754,3,0,0.49,8,1,1,PERMANENT
NETBANKING,INSUFFICIENT_FUNDS,31015,2,0,0.49,14,1,1,CUSTOMER_ACTION
CARD,ACCOUNT_BLOCKED,46538,1,4,0.07,17,1,1,PERMANENT
UPI,FRAUD_SUSPECTED,47479,2,0,0.32,10,0,0,RISK
NETBANKING,CARD_DECLINED,23686,2,0,0.19,22,0,1,CUSTOMER_ACTION
NETBANKING,INSUFFICIENT_FUNDS,43015,1,3,0.42,22,0,1,CUSTOMER_ACTION
UPI,FRAUD_SUSPECTED,41752,1,0,0.4,2,1,1,RISK
NETBANKING,FRAUD_SUSPECTED,39257,4,2,0.18,14,1,1,RISK
UPI,INSUFFICIENT_FUNDS,39104,4,0,0.41,21,1,0,CUSTOMER_ACTION
CARD,INSUFFICIENT_FUNDS,38152,4,1,0.31,19,1,0,CUSTOMER_ACTION
UPI,BANK_TIMEOUT,49010,2,5,0.16,9,1,1,TRANSIENT
NETBANKING,FRAUD_SUSPECTED,47085,4,5,0.04,16,0,1,RISK
NETBANKING,INVALID_CARD,8674,1,2,0.29,4,1,1,PERMANENT
CARD,CARD_DECLINED,14491,2,3,0.45,18,0,0,CUSTOMER_ACTION
UPI,INSUFFICIENT_FUNDS,11069,2,1,0.44,10,1,0,CUSTOMER_ACTION
CARD,INVALID_CARD,29621,2,5,0.07,9,0,1,PERMANENT
CARD,INVALID_ACCOUNT,31006,4,2,0.01,0,0,1,PERMANENT
CARD,ACCOUNT_BLOCKED,26459,1,0,0.34,14,1,0,PERMANENT
UPI,INSUFFICIENT_FUNDS,11961,2,0,0.29,6,1,0,CUSTOMER_ACTION
CARD,INVALID_ACCOUNT,8859,4,2,0.36,6,0,0,PERMANENT
NETBANKING,NETWORK_ERROR,23702,4,4,0.09,1,1,1,TRANSIENT
CARD,INVALID_CARD,35691,3,1,0.06,6,1,1,PERMANENT
NETBANKING,CARD_DECLINED,47744,3,4,0.44,17,0,0,CUSTOMER_ACTION
CARD,FRAUD_SUSPECTED,6527,2,2,0.1,0,1,0,RISK
CARD,INVALID_CARD,49720,1,2,0.28,23,0,1,PERMANENT
UPI,FRAUD_SUSPECTED,45273,4,5,0.18,11,1,1,RISK
UPI,FRAUD_SUSPECTED,40906,2,3,0.29,6,0,0,RISK
NETBANKING,EXPIRED_CARD,25913,3,4,0.25,15,1,1,PERMANENT
CARD,ACCOUNT_BLOCKED,32089,3,4,0.11,17,1,0,PERMANENT
UPI,CARD_DECLINED,31919,3,4,0.05,11,0,0,CUSTOMER_ACTION
CARD,FRAUD_SUSPECTED,32303,2,1,0.11,19,0,1,RISK
CARD,INVALID_CARD,1906,1,0,0.05,7,0,1,PERMANENT
CARD,FRAUD_SUSPECTED,18650,2,5,0.11,8,1,0,RISK
NETBANKING,NETWORK_ERROR,39664,1,0,0.01,23,1,0,TRANSIENT
CARD,INVALID_ACCOUNT,46239,1,2,0.42,21,0,1,PERMANENT
NETBANKING,EXPIRED_CARD,43450,1,3,0.23,18,1,1,PERMANENT
CARD,CARD_DECLINED,11995,1,4,0.34,3,0,0,CUSTOMER_ACTION
UPI,CARD_DECLINED,28434,3,1,0.34,1,1,1,CUSTOMER_ACTION
CARD,EXPIRED_CARD,23894,4,0,0.34,20,1,1,PERMANENT
UPI,EXPIRED_CARD,32140,4,0,0.07,21,1,1,PERMANENT
NETBANKING,NETWORK_ERROR,32811,2,5,0.41,23,1,0,TRANSIENT
CARD,INVALID_ACCOUNT,33417,4,0,0.03,16,1,1,PERMANENT
NETBANKING,CARD_DECLINED,24905,4,4,0.15,6,0,1,CUSTOMER_ACTION
CARD,FRAUD_SUSPECTED,3446,2,3,0.11,15,1,1,RISK
NETBANKING,INVALID_ACCOUNT,25902,3,5,0.17,14,1,1,PERMANENT
CARD,FRAUD_SUSPECTED,48896,1,2,0.18,20,0,1,RISK
CARD,INVALID_ACCOUNT,42552,1,5,0.32,8,0,1,PERMANENT
CARD,CARD_DECLINED,11218,1,4,0.37,21,1,1,CUSTOMER_ACTION
CARD,CARD_DECLINED,1868,2,3,0.4,11,1,0,CUSTOMER_ACTION
CARD,INVALID_CARD,15145,2,1,0.37,11,1,0,PERMANENT
UPI,INSUFFICIENT_FUNDS,26778,4,2,0.49,16,0,1,CUSTOMER_ACTION
UPI,NETWORK_ERROR,30154,2,0,0.48,8,0,1,TRANSIENT
CARD,GATEWAY_TIMEOUT,14414,2,5,0.14,0,1,0,TRANSIENT
UPI,GATEWAY_TIMEOUT,26813,3,4,0.12,17,1,1,TRANSIENT
CARD,INSUFFICIENT_FUNDS,25958,4,2,0.33,8,1,1,CUSTOMER_ACTION
UPI,BANK_TIMEOUT,9045,4,1,0.41,18,1,1,TRANSIENT
NETBANKING,NETWORK_ERROR,9709,1,5,0.48,18,1,0,TRANSIENT
UPI,BANK_TIMEOUT,11833,4,3,0.03,17,0,1,TRANSIENT
CARD,NETWORK_ERROR,34031,3,4,0.44,15,1,0,TRANSIENT
UPI,INSUFFICIENT_FUNDS,28091,1,2,0.13,10,1,1,CUSTOMER_ACTION
NETBANKING,FRAUD_SUSPECTED,38768,2,2,0.02,11,0,1,RISK
CARD,BANK_TIMEOUT,2000,4,4,0.24,13,1,0,TRANSIENT
NETBANKING,INVALID_CARD,45948,1,1,0.3,7,1,0,PERMANENT
UPI,INSUFFICIENT_FUNDS,12394,4,3,0.13,19,1,0,CUSTOMER_ACTION
CARD,INSUFFICIENT_FUNDS,27050,4,0,0.17,22,0,1,CUSTOMER_ACTION
NETBANKING,BANK_TIMEOUT,49503,4,5,0.19,0,1,1,TRANSIENT
UPI,NETWORK_ERROR,29923,2,4,0.34,9,1,1,TRANSIENT
UPI,INSUFFICIENT_FUNDS,16766,3,3,0.11,10,1,0,CUSTOMER_ACTION
NETBANKING,FRAUD_SUSPECTED,8573,4,1,0.26,19,0,0,RISK
NETBANKING,NETWORK_ERROR,33264,2,5,0.4,8,0,0,TRANSIENT
NETBANKING,ACCOUNT_BLOCKED,34130,3,5,0.32,8,1,1,PERMANENT
NETBANKING,GATEWAY_TIMEOUT,43287,3,5,0.3,0,0,0,TRANSIENT
NETBANKING,NETWORK_ERROR,24462,4,0,0.42,10,0,1,TRANSIENT
NETBANKING,BANK_TIMEOUT,23798,2,1,0.42,20,0,0,TRANSIENT
UPI,ACCOUNT_BLOCKED,14448,1,4,0.41,5,0,1,PERMANENT
CARD,INVALID_ACCOUNT,310,2,0,0.23,20,0,1,PERMANENT
UPI,FRAUD_SUSPECTED,44836,4,1,0.46,0,0,0,RISK
UPI,FRAUD_SUSPECTED,36697,3,0,0.02,4,0,0,RISK
NETBANKING,INSUFFICIENT_FUNDS,25299,2,0,0.16,3,0,0,CUSTOMER_ACTION
CARD,NETWORK_ERROR,34879,3,5,0.23,16,1,1,TRANSIENT
UPI,ACCOUNT_BLOCKED,38563,2,2,0.42,10,1,0,PERMANENT
UPI,NETWORK_ERROR,35213,2,3,0.08,21,0,0,TRANSIENT
UPI,INVALID_ACCOUNT,38561,3,0,0.26,5,1,1,PERMANENT
NETBANKING,ACCOUNT_BLOCKED,34568,1,2,0.45,18,0,0,PERMANENT
UPI,GATEWAY_TIMEOUT,37795,4,5,0.37,19,1,1,TRANSIENT
CARD,FRAUD_SUSPECTED,6870,3,0,0.41,9,1,0,RISK
NETBANKING,FRAUD_SUSPECTED,37593,2,5,0.14,13,1,0,RISK
UPI,CARD_DECLINED,29173,4,4,0.47,11,1,0,CUSTOMER_ACTION
NETBANKING,FRAUD_SUSPECTED,33574,1,0,0.26,22,0,0,RISK
CARD,ACCOUNT_BLOCKED,19762,4,3,0.32,15,1,1,PERMANENT
CARD,CARD_DECLINED,46502,1,1,0.12,14,0,1,CUSTOMER_ACTION
NETBANKING,CARD_DECLINED,30897,1,0,0.25,22,1,1,CUSTOMER_ACTION
NETBANKING,FRAUD_SUSPECTED,20451,4,3,0.45,23,0,1,RISK
UPI,EXPIRED_CARD,44516,3,3,0.33,15,0,0,PERMANENT
NETBANKING,FRAUD_SUSPECTED,14583,3,0,0.47,14,1,1,RISK
CARD,FRAUD_SUSPECTED,19834,1,1,0.46,4,1,0,RISK
CARD,ACCOUNT_BLOCKED,13033,1,2,0.41,3,0,1,PERMANENT
NETBANKING,NETWORK_ERROR,3339,1,2,0.15,11,1,0,TRANSIENT
CARD,FRAUD_SUSPECTED,40895,3,2,0.46,5,0,1,RISK
CARD,INSUFFICIENT_FUNDS,43224,4,5,0.49,13,1,0,CUSTOMER_ACTION
CARD,FRAUD_SUSPECTED,48846,1,0,0.26,22,0,1,RISK
CARD,INSUFFICIENT_FUNDS,5919,3,2,0.34,17,1,0,CUSTOMER_ACTION
NETBANKING,GATEWAY_TIMEOUT,38050,4,4,0.12,12,1,0,TRANSIENT
NETBANKING,INSUFFICIENT_FUNDS,44662,4,0,0.27,16,1,0,CUSTOMER_ACTION
CARD,BANK_TIMEOUT,24466,2,4,0.05,3,1,0,TRANSIENT
UPI,INSUFFICIENT_FUNDS,26700,3,0,0.03,22,0,0,CUSTOMER_ACTION
UPI,CARD_DECLINED,32853,1,1,0.46,21,0,1,CUSTOMER_ACTION
NETBANKING,INSUFFICIENT_FUNDS,34984,2,4,0.16,14,0,1,CUSTOMER_ACTION
CARD,ACCOUNT_BLOCKED,16383,3,1,0.37,17,0,1,PERMANENT
CARD,BANK_TIMEOUT,12312,4,3,0.15,8,0,1,TRANSIENT
UPI,FRAUD_SUSPECTED,16985,4,5,0.28,21,0,1,RISK
UPI,ACCOUNT_BLOCKED,29089,3,4,0.06,22,1,1,PERMANENT
NETBANKING,FRAUD_SUSPECTED,37224,2,2,0.2,14,0,1,RISK
NETBANKING,FRAUD_SUSPECTED,14336,3,1,0.06,10,1,1,RISK
NETBANKING,INVALID_ACCOUNT,9548,2,4,0.15,4,1,0,PERMANENT
NETBANKING,INVALID_ACCOUNT,25567,4,3,0.34,16,0,0,PERMANENT
NETBANKING,INSUFFICIENT_FUNDS,9661,2,5,0.39,20,0,1,CUSTOMER_ACTION
UPI,ACCOUNT_BLOCKED,12272,1,1,0.24,7,1,1,PERMANENT
NETBANKING,NETWORK_ERROR,46781,1,1,0.26,15,1,1,TRANSIENT
UPI,EXPIRED_CARD,17499,3,2,0.3,21,1,1,PERMANENT
CARD,INVALID_ACCOUNT,33026,4,4,0.34,1,1,1,PERMANENT
UPI,GATEWAY_TIMEOUT,26025,4,5,0.22,20,1,1,TRANSIENT
UPI,CARD_DECLINED,10953,4,0,0.19,3,1,1,CUSTOMER_ACTION
CARD,FRAUD_SUSPECTED,16693,2,0,0.04,4,0,1,RISK
CARD,INVALID_ACCOUNT,46981,1,2,0.08,7,1,0,PERMANENT
NETBANKING,GATEWAY_TIMEOUT,22880,1,2,0.21,20,0,0,TRANSIENT
NETBANKING,CARD_DECLINED,21039,1,4,0.05,8,0,0,CUSTOMER_ACTION
CARD,CARD_DECLINED,27019,2,1,0.43,21,0,1,CUSTOMER_ACTION
UPI,INSUFFICIENT_FUNDS,36011,1,0,0.21,23,0,1,CUSTOMER_ACTION
CARD,BANK_TIMEOUT,10002,2,4,0.05,8,1,1,TRANSIENT
CARD,FRAUD_SUSPECTED,40610,1,2,0.43,15,0,0,RISK
UPI,FRAUD_SUSPECTED,7509,3,1,0.17,16,0,0,RISK
NETBANKING,FRAUD_SUSPECTED,31818,4,5,0.45,23,1,0,RISK
CARD,INSUFFICIENT_FUNDS,5133,1,4,0.38,4,0,1,CUSTOMER_ACTION
CARD,INVALID_ACCOUNT,13283,4,0,0.15,14,0,0,PERMANENT
UPI,NETWORK_ERROR,5518,2,3,0.15,2,0,1,TRANSIENT
CARD,ACCOUNT_BLOCKED,26192,1,1,0.12,12,0,1,PERMANENT
NETBANKING,FRAUD_SUSPECTED,1552,4,1,0.13,10,1,1,RISK
CARD,CARD_DECLINED,9199,1,5,0.13,20,1,0,CUSTOMER_ACTION
NETBANKING,CARD_DECLINED,20683,1,0,0.01,11,1,1,CUSTOMER_ACTION
NETBANKING,NETWORK_ERROR,279,3,3,0.48,2,0,0,TRANSIENT
CARD,NETWORK_ERROR,45198,2,1,0.49,11,0,0,TRANSIENT
NETBANKING,INSUFFICIENT_FUNDS,24386,3,4,0.15,18,1,0,CUSTOMER_ACTION
CARD,INVALID_ACCOUNT,3774,4,4,0.16,4,0,0,PERMANENT
CARD,BANK_TIMEOUT,11676,4,5,0.14,23,1,1,TRANSIENT
UPI,GATEWAY_TIMEOUT,9450,1,2,0.04,20,0,1,TRANSIENT
CARD,FRAUD_SUSPECTED,6557,1,4,0.12,9,1,1,RISK
CARD,INSUFFICIENT_FUNDS,13409,2,0,0.16,22,1,1,CUSTOMER_ACTION
NETBANKING,CARD_DECLINED,3569,1,4,0.41,9,0,1,CUSTOMER_ACTION
CARD,FRAUD_SUSPECTED,29523,1,5,0.33,3,1,0,RISK
UPI,FRAUD_SUSPECTED,7395,2,2,0.35,19,0,0,RISK
UPI,CARD_DECLINED,29530,3,3,0.27,14,1,1,CUSTOMER_ACTION
CARD,FRAUD_SUSPECTED,39703,1,3,0.48,7,0,0,RISK
NETBANKING,BANK_TIMEOUT,22851,3,4,0.05,12,0,0,TRANSIENT
NETBANKING,NETWORK_ERROR,13985,4,2,0.33,0,1,1,TRANSIENT
CARD,NETWORK_ERROR,46250,3,2,0.42,23,1,0,TRANSIENT
UPI,FRAUD_SUSPECTED,43612,4,3,0.43,0,1,1,RISK
CARD,INSUFFICIENT_FUNDS,35357,3,3,0.08,23,0,1,CUSTOMER_ACTION
NETBANKING,GATEWAY_TIMEOUT,10593,4,0,0.38,20,1,0,TRANSIENT
CARD,GATEWAY_TIMEOUT,33689,1,5,0.07,19,0,1,TRANSIENT
NETBANKING,GATEWAY_TIMEOUT,4556,3,4,0.01,17,0,1,TRANSIENT
UPI,BANK_TIMEOUT,9008,4,5,0.21,5,0,1,TRANSIENT
CARD,ACCOUNT_BLOCKED,32590,1,0,0.15,18,1,0,PERMANENT
UPI,EXPIRED_CARD,6993,3,3,0.33,23,1,1,PERMANENT
CARD,INVALID_CARD,29564,2,5,0.17,19,1,1,PERMANENT
UPI,GATEWAY_TIMEOUT,9884,1,2,0.43,3,0,1,TRANSIENT
NETBANKING,EXPIRED_CARD,37385,4,2,0.37,21,0,1,PERMANENT
CARD,BANK_TIMEOUT,23491,1,3,0.24,8,1,1,TRANSIENT
NETBANKING,CARD_DECLINED,8006,2,5,0.07,23,1,1,CUSTOMER_ACTION
CARD,INVALID_ACCOUNT,29665,2,2,0.43,19,1,1,PERMANENT
CARD,INSUFFICIENT_FUNDS,25438,4,0,0.1,4,0,0,CUSTOMER_ACTION
NETBANKING,INSUFFICIENT_FUNDS,25001,3,3,0.32,3,0,1,CUSTOMER_ACTION
NETBANKING,INVALID_CARD,5935,4,4,0.29,6,1,0,PERMANENT
NETBANKING,BANK_TIMEOUT,5100,2,4,0.24,6,0,1,TRANSIENT
NETBANKING,EXPIRED_CARD,48468,4,2,0.12,10,1,0,PERMANENT
UPI,EXPIRED_CARD,8996,3,4,0.48,8,1,0,PERMANENT
NETBANKING,BANK_TIMEOUT,10431,4,4,0.43,18,0,1,TRANSIENT
CARD,FRAUD_SUSPECTED,15222,2,1,0.08,7,0,1,RISK
CARD,ACCOUNT_BLOCKED,629,2,4,0.33,21,1,1,PERMANENT
CARD,NETWORK_ERROR,31711,4,5,0.25,18,0,1,TRANSIENT
UPI,FRAUD_SUSPECTED,8327,3,1,0.16,10,0,1,RISK
UPI,INSUFFICIENT_FUNDS,45315,3,3,0.18,18,0,1,CUSTOMER_ACTION
NETBANKING,INSUFFICIENT_FUNDS,17904,1,5,0.4,12,1,1,CUSTOMER_ACTION
UPI,FRAUD_SUSPECTED,40195,3,1,0.11,3,1,1,RISK
NETBANKING,INVALID_CARD,35299,3,2,0.02,18,1,0,PERMANENT
UPI,FRAUD_SUSPECTED,4061,1,0,0.16,15,1,1,RISK
CARD,CARD_DECLINED,38408,2,0,0.46,0,0,0,CUSTOMER_ACTION
UPI,INVALID_CARD,10298,2,2,0.23,10,0,1,PERMANENT
UPI,BANK_TIMEOUT,21395,4,0,0.43,9,1,1,TRANSIENT
NETBANKING,INVALID_CARD,6162,4,2,0.42,21,0,1,PERMANENT
CARD,CARD_DECLINED,21290,3,3,0.49,0,0,0,CUSTOMER_ACTION
NETBANKING,CARD_DECLINED,16527,4,4,0.36,5,0,0,CUSTOMER_ACTION
CARD,FRAUD_SUSPECTED,5563,4,1,0.34,7,1,1,RISK
NETBANKING,INVALID_CARD,22416,3,3,0.35,23,0,1,PERMANENT
NETBANKING,BANK_TIMEOUT,34538,1,0,0.23,11,0,1,TRANSIENT
UPI,CARD_DECLINED,4986,3,5,0.38,2,0,0,CUSTOMER_ACTION
CARD,INSUFFICIENT_FUNDS,41591,1,3,0.18,2,1,0,CUSTOMER_ACTION
CARD,FRAUD_SUSPECTED,43645,1,4,0.37,10,1,0,RISK
NETBANKING,INSUFFICIENT_FUNDS,13014,4,3,0.19,0,0,1,CUSTOMER_ACTION
CARD,NETWORK_ERROR,45755,3,4,0.07,20,0,1,TRANSIENT
NETBANKING,EXPIRED_CARD,4002,3,1,0.37,9,0,0,PERMANENT
UPI,GATEWAY_TIMEOUT,42247,1,5,0.15,18,1,0,TRANSIENT
CARD,FRAUD_SUSPECTED,548,1,1,0.41,11,1,0,RISK
UPI,NETWORK_ERROR,27113,3,1,0.01,3,0,0,TRANSIENT
CARD,NETWORK_ERROR,2915,2,0,0.31,16,1,1,TRANSIENT
CARD,ACCOUNT_BLOCKED,23954,3,4,0.05,17,0,1,PERMANENT
UPI,INSUFFICIENT_FUNDS,43489,4,3,0.44,10,0,1,CUSTOMER_ACTION
NETBANKING,FRAUD_SUSPECTED,41994,1,2,0.1,4,0,0,RISK
UPI,BANK_TIMEOUT,4139,3,1,0.12,11,1,0,TRANSIENT
UPI,CARD_DECLINED,35695,3,5,0.49,23,0,0,CUSTOMER_ACTION
UPI,FRAUD_SUSPECTED,25859,4,0,0.32,5,0,0,RISK
CARD,FRAUD_SUSPECTED,10515,2,4,0.22,1,1,1,RISK
CARD,INVALID_CARD,8922,2,5,0.5,21,1,1,PERMANENT
CARD,ACCOUNT_BLOCKED,3495,4,3,0.43,2,0,1,PERMANENT
CARD,FRAUD_SUSPECTED,45198,1,0,0.13,6,0,1,RISK
NETBANKING,BANK_TIMEOUT,44219,4,1,0.15,14,0,1,TRANSIENT
CARD,FRAUD_SUSPECTED,22798,3,0,0.22,21,0,0,RISK
NETBANKING,ACCOUNT_BLOCKED,49477,2,4,0.28,22,0,0,PERMANENT
UPI,GATEWAY_TIMEOUT,33607,2,3,0.33,21,0,1,TRANSIENT
CARD,INVALID_CARD,48438,1,2,0.1,7,1,1,PERMANENT
NETBANKING,INSUFFICIENT_FUNDS,40351,3,4,0.13,2,1,0,CUSTOMER_ACTION
UPI,GATEWAY_TIMEOUT,20989,2,2,0.36,23,0,1,TRANSIENT
NETBANKING,NETWORK_ERROR,316,4,3,0.19,23,1,1,TRANSIENT
CARD,EXPIRED_CARD,29988,4,4,0.21,13,0,0,PERMANENT
CARD,INSUFFICIENT_FUNDS,38032,3,0,0.31,8,1,1,CUSTOMER_ACTION
UPI,FRAUD_SUSPECTED,24399,3,2,0.06,6,0,1,RISK
CARD,NETWORK_ERROR,6408,4,1,0.33,11,0,0,TRANSIENT
CARD,GATEWAY_TIMEOUT,32729,3,2,0.06,7,1,0,TRANSIENT
NETBANKING,INVALID_ACCOUNT,39775,1,2,0.37,8,0,1,PERMANENT
UPI,CARD_DECLINED,9318,2,2,0.08,22,1,1,CUSTOMER_ACTION
UPI,GATEWAY_TIMEOUT,44561,2,1,0.32,17,0,0,TRANSIENT
UPI,NETWORK_ERROR,34593,2,2,0.47,9,1,1,TRANSIENT
UPI,INSUFFICIENT_FUNDS,10666,4,5,0.17,18,1,0,CUSTOMER_ACTION
UPI,EXPIRED_CARD,5846,3,4,0.42,6,0,0,PERMANENT
NETBANKING,GATEWAY_TIMEOUT,26494,2,1,0.04,13,1,1,TRANSIENT
UPI,BANK_TIMEOUT,35001,1,4,0.4,7,1,1,TRANSIENT
NETBANKING,FRAUD_SUSPECTED,2553,1,1,0.04,4,1,0,RISK
NETBANKING,FRAUD_SUSPECTED,5817,4,0,0.08,8,1,0,RISK
NETBANKING,ACCOUNT_BLOCKED,29303,2,1,0.38,9,1,0,PERMANENT
UPI,INSUFFICIENT_FUNDS,18456,2,5,0.16,15,1,0,CUSTOMER_ACTION
CARD,CARD_DECLINED,8600,1,0,0.21,2,0,0,CUSTOMER_ACTION
UPI,FRAUD_SUSPECTED,4401,1,5,0.15,6,0,0,RISK
CARD,FRAUD_SUSPECTED,48937,4,4,0.16,1,1,0,RISK
NETBANKING,INSUFFICIENT_FUNDS,23518,4,5,0.24,21,0,1,CUSTOMER_ACTION
NETBANKING,INVALID_CARD,34357,4,5,0.28,14,1,1,PERMANENT
CARD,ACCOUNT_BLOCKED,4265,2,4,0.25,21,0,0,PERMANENT
NETBANKING,INSUFFICIENT_FUNDS,37701,2,4,0.23,20,0,0,CUSTOMER_ACTION
UPI,FRAUD_SUSPECTED,2645,3,2,0.07,8,1,1,RISK
NETBANKING,INVALID_CARD,48370,4,5,0.12,3,0,1,PERMANENT
NETBANKING,INVALID_ACCOUNT,44489,1,1,0.32,3,1,1,PERMANENT
NETBANKING,FRAUD_SUSPECTED,12729,1,4,0.32,7,1,0,RISK
CARD,NETWORK_ERROR,20132,2,1,0.3,14,0,1,TRANSIENT
CARD,FRAUD_SUSPECTED,15035,3,3,0.45,0,0,0,RISK
CARD,INVALID_CARD,13024,4,4,0.33,5,0,1,PERMANENT
NETBANKING,FRAUD_SUSPECTED,22157,2,5,0.17,9,0,1,RISK
CARD,ACCOUNT_BLOCKED,45879,2,5,0.36,23,0,0,PERMANENT
UPI,GATEWAY_TIMEOUT,29953,2,5,0.34,8,0,1,TRANSIENT
UPI,INVALID_CARD,11489,3,3,0.06,14,1,1,PERMANENT
UPI,NETWORK_ERROR,1606,3,4,0.22,15,0,1,TRANSIENT
UPI,FRAUD_SUSPECTED,28503,2,2,0.16,15,0,1,RISK
UPI,ACCOUNT_BLOCKED,7635,1,0,0.26,14,0,0,PERMANENT
CARD,INSUFFICIENT_FUNDS,30459,1,5,0.15,9,0,0,CUSTOMER_ACTION
UPI,EXPIRED_CARD,20282,4,5,0.22,16,1,1,PERMANENT
NETBANKING,BANK_TIMEOUT,3838,3,1,0.26,3,1,1,TRANSIENT
CARD,CARD_DECLINED,37692,2,2,0.24,9,0,0,CUSTOMER_ACTION
UPI,INSUFFICIENT_FUNDS,33631,4,2,0.13,7,0,1,CUSTOMER_ACTION
CARD,FRAUD_SUSPECTED,6450,1,1,0.24,19,0,1,RISK
UPI,BANK_TIMEOUT,17875,2,3,0.14,23,0,1,TRANSIENT
CARD,ACCOUNT_BLOCKED,1956,3,1,0.2,10,0,0,PERMANENT
UPI,INSUFFICIENT_FUNDS,22156,3,0,0.32,3,0,0,CUSTOMER_ACTION
UPI,NETWORK_ERROR,32134,1,1,0.37,20,0,0,TRANSIENT
UPI,NETWORK_ERROR,11669,1,5,0.16,5,1,1,TRANSIENT
UPI,CARD_DECLINED,36835,3,5,0.08,13,0,0,CUSTOMER_ACTION
NETBANKING,INVALID_CARD,20591,3,2,0.37,13,0,1,PERMANENT
UPI,FRAUD_SUSPECTED,28843,3,4,0.49,12,0,1,RISK
UPI,GATEWAY_TIMEOUT,17775,3,0,0.1,6,0,0,TRANSIENT
NETBANKING,FRAUD_SUSPECTED,15172,3,4,0.04,6,1,0,RISK
UPI,NETWORK_ERROR,32595,3,0,0.44,22,0,1,TRANSIENT
CARD,CARD_DECLINED,19412,2,2,0.1,22,1,1,CUSTOMER_ACTION
CARD,ACCOUNT_BLOCKED,18795,3,4,0.2,18,0,0,PERMANENT
CARD,FRAUD_SUSPECTED,3564,1,3,0.01,18,0,1,RISK
UPI,FRAUD_SUSPECTED,48709,4,2,0.41,6,1,1,RISK
NETBANKING,CARD_DECLINED,19122,4,0,0.3,4,0,0,CUSTOMER_ACTION
CARD,FRAUD_SUSPECTED,10399,3,2,0.41,11,0,1,RISK
CARD,BANK_TIMEOUT,4061,2,1,0.42,23,1,1,TRANSIENT
NETBANKING,NETWORK_ERROR,9492,4,1,0.19,3,1,1,TRANSIENT
NETBANKING,INSUFFICIENT_FUNDS,25937,1,1,0.07,1,0,1,CUSTOMER_ACTION
CARD,CARD_DECLINED,10228,4,4,0.29,4,0,1,CUSTOMER_ACTION
NETBANKING,NETWORK_ERROR,17440,4,5,0.14,9,1,1,TRANSIENT
UPI,INVALID_CARD,29501,2,5,0.06,22,1,0,PERMANENT
NETBANKING,INVALID_CARD,15080,2,1,0.47,8,0,0,PERMANENT
CARD,INSUFFICIENT_FUNDS,43724,2,3,0.2,14,1,1,CUSTOMER_ACTION
CARD,GATEWAY_TIMEOUT,2749,3,5,0.46,10,1,0,TRANSIENT
NETBANKING,BANK_TIMEOUT,24857,2,4,0.05,3,0,1,TRANSIENT
NETBANKING,BANK_TIMEOUT,8702,2,0,0.24,20,1,1,TRANSIENT
NETBANKING,FRAUD_SUSPECTED,47165,2,3,0.39,13,1,1,RISK
UPI,FRAUD_SUSPECTED,41056,2,2,0.35,6,0,1,RISK
NETBANKING,INSUFFICIENT_FUNDS,28966,2,4,0.21,23,0,0,CUSTOMER_ACTION
UPI,FRAUD_SUSPECTED,881,2,3,0.01,14,0,0,RISK
NETBANKING,FRAUD_SUSPECTED,41167,3,5,0.27,18,1,1,RISK
UPI,CARD_DECLINED,23771,3,3,0.13,0,1,0,CUSTOMER_ACTION
NETBANKING,GATEWAY_TIMEOUT,36762,2,0,0.28,7,0,1,TRANSIENT
NETBANKING,NETWORK_ERROR,13835,2,3,0.23,7,0,0,TRANSIENT
CARD,EXPIRED_CARD,5712,3,4,0.18,5,1,1,PERMANENT
UPI,GATEWAY_TIMEOUT,27099,1,0,0.31,15,0,0,TRANSIENT
NETBANKING,GATEWAY_TIMEOUT,41273,4,0,0.44,3,1,1,TRANSIENT
NETBANKING,INSUFFICIENT_FUNDS,42251,3,4,0.21,1,0,0,CUSTOMER_ACTION
CARD,INSUFFICIENT_FUNDS,40776,4,2,0.07,11,1,0,CUSTOMER_ACTION
UPI,INSUFFICIENT_FUNDS,1001,1,3,0.43,19,1,0,CUSTOMER_ACTION
UPI,INVALID_ACCOUNT,11195,3,0,0.47,0,0,1,PERMANENT
NETBANKING,ACCOUNT_BLOCKED,23008,4,2,0.18,17,1,0,PERMANENT
CARD,FRAUD_SUSPECTED,22071,1,2,0.31,14,0,0,RISK
NETBANKING,ACCOUNT_BLOCKED,19188,4,1,0.23,16,1,1,PERMANENT
UPI,GATEWAY_TIMEOUT,18976,2,0,0.16,7,1,1,TRANSIENT
NETBANKING,GATEWAY_TIMEOUT,17090,4,1,0.06,12,1,0,TRANSIENT
NETBANKING,FRAUD_SUSPECTED,18878,1,3,0.39,22,1,1,RISK
CARD,FRAUD_SUSPECTED,36532,4,4,0.26,22,1,1,RISK
NETBANKING,INVALID_ACCOUNT,5039,1,0,0.2,13,1,0,PERMANENT
UPI,INVALID_ACCOUNT,33130,4,4,0.13,18,1,1,PERMANENT
CARD,CARD_DECLINED,3533,1,1,0.15,6,0,1,CUSTOMER_ACTION
NETBANKING,FRAUD_SUSPECTED,44008,2,2,0.49,14,0,1,RISK
CARD,INVALID_CARD,2674,4,5,0.3,12,1,0,PERMANENT
CARD,INVALID_ACCOUNT,38104,2,3,0.45,18,0,0,PERMANENT
CARD,INSUFFICIENT_FUNDS,13753,3,3,0.07,11,1,1,CUSTOMER_ACTION
UPI,INSUFFICIENT_FUNDS,16429,1,0,0.28,10,1,1,CUSTOMER_ACTION
UPI,NETWORK_ERROR,9397,3,1,0.18,12,1,0,TRANSIENT
NETBANKING,GATEWAY_TIMEOUT,47546,1,2,0.46,17,0,1,TRANSIENT
UPI,GATEWAY_TIMEOUT,2120,2,2,0.05,7,1,1,TRANSIENT
NETBANKING,INSUFFICIENT_FUNDS,33889,3,3,0.37,17,1,1,CUSTOMER_ACTION
NETBANKING,INVALID_CARD,32758,1,3,0.03,15,1,1,PERMANENT
UPI,NETWORK_ERROR,16321,4,0,0.5,8,0,1,TRANSIENT
UPI,FRAUD_SUSPECTED,25496,4,0,0.33,20,1,0,RISK
UPI,ACCOUNT_BLOCKED,5299,3,3,0.36,9,0,1,PERMANENT
NETBANKING,FRAUD_SUSPECTED,28747,4,0,0.27,9,1,1,RISK
UPI,NETWORK_ERROR,32149,3,1,0.32,8,0,1,TRANSIENT
UPI,CARD_DECLINED,46552,3,5,0.29,2,0,0,CUSTOMER_ACTION
NETBANKING,INSUFFICIENT_FUNDS,38453,2,0,0.16,0,0,1,CUSTOMER_ACTION
UPI,BANK_TIMEOUT,43472,1,2,0.36,16,1,1,TRANSIENT
CARD,ACCOUNT_BLOCKED,4757,3,5,0.14,23,1,1,PERMANENT
CARD,INVALID_CARD,20786,4,4,0.3,7,0,0,PERMANENT
CARD,INVALID_ACCOUNT,28947,4,3,0.46,21,1,1,PERMANENT
NETBANKING,FRAUD_SUSPECTED,28478,4,3,0.43,15,1,0,RISK
UPI,FRAUD_SUSPECTED,32876,3,5,0.08,13,1,1,RISK
UPI,FRAUD_SUSPECTED,32278,3,0,0.15,19,1,0,RISK
CARD,EXPIRED_CARD,23731,3,5,0.15,5,0,1,PERMANENT
NETBANKING,GATEWAY_TIMEOUT,36407,3,5,0.03,19,0,1,TRANSIENT
NETBANKING,CARD_DECLINED,18163,1,0,0.2,15,0,1,CUSTOMER_ACTION
UPI,ACCOUNT_BLOCKED,38383,1,1,0.09,2,1,0,PERMANENT
UPI,BANK_TIMEOUT,35750,2,4,0.41,7,0,0,TRANSIENT
UPI,BANK_TIMEOUT,33412,3,5,0.02,11,1,1,TRANSIENT
CARD,FRAUD_SUSPECTED,24448,2,5,0.15,4,1,0,RISK
CARD,FRAUD_SUSPECTED,12739,4,4,0.23,8,1,1,RISK
UPI,CARD_DECLINED,29792,2,5,0.26,22,0,0,CUSTOMER_ACTION
CARD,FRAUD_SUSPECTED,27901,4,1,0.33,6,1,1,RISK
CARD,FRAUD_SUSPECTED,42916,2,2,0.47,12,0,0,RISK
CARD,GATEWAY_TIMEOUT,8548,3,3,0.47,9,1,1,TRANSIENT
CARD,INSUFFICIENT_FUNDS,44926,3,1,0.22,11,0,1,CUSTOMER_ACTION
CARD,EXPIRED_CARD,31648,1,0,0.41,0,0,1,PERMANENT
UPI,GATEWAY_TIMEOUT,44643,3,5,0.37,4,0,0,TRANSIENT
UPI,EXPIRED_CARD,8528,1,2,0.32,18,0,1,PERMANENT
UPI,FRAUD_SUSPECTED,20071,3,3,0.35,4,0,0,RISK
CARD,INVALID_ACCOUNT,26840,2,5,0.4,19,0,1,PERMANENT
UPI,GATEWAY_TIMEOUT,18971,2,5,0.07,4,1,0,TRANSIENT
UPI,NETWORK_ERROR,15502,1,5,0.25,10,1,0,TRANSIENT
UPI,FRAUD_SUSPECTED,9349,3,4,0.16,11,0,1,RISK
UPI,FRAUD_SUSPECTED,49905,2,5,0.43,5,0,1,RISK
CARD,BANK_TIMEOUT,17783,1,2,0.46,6,0,0,TRANSIENT
CARD,NETWORK_ERROR,6404,2,1,0.34,22,0,0,TRANSIENT
NETBANKING,ACCOUNT_BLOCKED,42244,2,3,0.22,10,1,1,PERMANENT
CARD,INVALID_CARD,8441,4,2,0.24,7,1,1,PERMANENT
CARD,FRAUD_SUSPECTED,30780,1,1,0.46,13,1,0,RISK
NETBANKING,FRAUD_SUSPECTED,14331,2,4,0.14,14,0,0,RISK
UPI,NETWORK_ERROR,42152,1,1,0.44,7,0,0,TRANSIENT
CARD,EXPIRED_CARD,40649,3,4,0.1,9,1,1,PERMANENT
NETBANKING,INSUFFICIENT_FUNDS,37125,1,1,0.31,19,0,0,CUSTOMER_ACTION
NETBANKING,INVALID_CARD,39455,1,1,0.49,11,0,1,PERMANENT
NETBANKING,FRAUD_SUSPECTED,5836,3,1,0.05,23,0,1,RISK
UPI,INSUFFICIENT_FUNDS,46381,4,5,0.36,10,0,0,CUSTOMER_ACTION
CARD,GATEWAY_TIMEOUT,16577,2,3,0.13,6,1,1,TRANSIENT
UPI,FRAUD_SUSPECTED,10609,4,4,0.06,4,0,0,RISK
NETBANKING,NETWORK_ERROR,9946,2,3,0.21,16,0,1,TRANSIENT
NETBANKING,CARD_DECLINED,3177,4,4,0.17,15,0,0,CUSTOMER_ACTION
NETBANKING,INSUFFICIENT_FUNDS,49291,3,1,0.03,1,0,0,CUSTOMER_ACTION
NETBANKING,EXPIRED_CARD,9308,3,4,0.37,13,1,1,PERMANENT
CARD,FRAUD_SUSPECTED,24327,4,0,0.24,17,1,1,RISK
CARD,BANK_TIMEOUT,18071,4,5,0.12,5,1,1,TRANSIENT
NETBANKING,FRAUD_SUSPECTED,18780,1,2,0.16,13,0,1,RISK
CARD,NETWORK_ERROR,32545,2,2,0.49,2,1,0,TRANSIENT
NETBANKING,ACCOUNT_BLOCKED,44311,4,2,0.35,18,1,1,PERMANENT
UPI,FRAUD_SUSPECTED,2837,2,5,0.12,23,1,0,RISK
NETBANKING,CARD_DECLINED,17928,3,5,0.08,0,0,0,CUSTOMER_ACTION
UPI,CARD_DECLINED,48095,3,2,0.18,18,1,0,CUSTOMER_ACTION
UPI,EXPIRED_CARD,31863,4,3,0.03,2,1,0,PERMANENT
UPI,INVALID_ACCOUNT,3862,2,4,0.42,1,0,0,PERMANENT
UPI,EXPIRED_CARD,38788,2,0,0.02,6,1,0,PERMANENT
NETBANKING,FRAUD_SUSPECTED,10115,2,4,0.32,1,0,1,RISK
NETBANKING,EXPIRED_CARD,17159,1,3,0.4,21,1,0,PERMANENT
CARD,GATEWAY_TIMEOUT,35390,2,5,0.5,9,1,1,TRANSIENT
UPI,INVALID_CARD,28824,2,2,0.16,13,1,1,PERMANENT
CARD,FRAUD_SUSPECTED,44945,1,5,0.48,20,1,0,RISK
NETBANKING,EXPIRED_CARD,48819,3,5,0.02,10,1,0,PERMANENT
UPI,FRAUD_SUSPECTED,37512,4,1,0.19,18,0,0,RISK
CARD,CARD_DECLINED,48230,2,3,0.13,9,1,0,CUSTOMER_ACTION
NETBANKING,INVALID_CARD,44797,3,3,0.1,21,0,1,PERMANENT
CARD,FRAUD_SUSPECTED,26167,1,0,0.18,9,1,0,RISK
NETBANKING,NETWORK_ERROR,26042,2,4,0.41,12,1,0,TRANSIENT
NETBANKING,FRAUD_SUSPECTED,16799,1,1,0.34,20,1,0,RISK
CARD,INVALID_ACCOUNT,5780,2,5,0.16,1,0,0,PERMANENT
UPI,GATEWAY_TIMEOUT,35781,1,0,0.2,23,0,1,TRANSIENT
NETBANKING,ACCOUNT_BLOCKED,4564,2,5,0.42,6,1,1,PERMANENT
UPI,INSUFFICIENT_FUNDS,44235,2,1,0.47,0,0,1,CUSTOMER_ACTION
NETBANKING,INSUFFICIENT_FUNDS,24155,2,0,0.01,4,0,0,CUSTOMER_ACTION
UPI,FRAUD_SUSPECTED,4896,2,1,0.41,12,0,0,RISK
NETBANKING,FRAUD_SUSPECTED,36361,2,0,0.09,1,0,0,RISK
NETBANKING,GATEWAY_TIMEOUT,28047,4,1,0.03,3,0,1,TRANSIENT
UPI,BANK_TIMEOUT,43556,4,3,0.32,12,0,0,TRANSIENT
UPI,GATEWAY_TIMEOUT,43101,1,3,0.19,10,0,0,TRANSIENT
NETBANKING,FRAUD_SUSPECTED,15727,3,1,0.39,16,1,0,RISK
CARD,FRAUD_SUSPECTED,18756,4,2,0.22,3,0,1,RISK
NETBANKING,GATEWAY_TIMEOUT,36305,4,0,0.08,4,0,0,TRANSIENT
UPI,FRAUD_SUSPECTED,40944,2,5,0.5,23,0,0,RISK
UPI,FRAUD_SUSPECTED,13528,2,0,0.2,21,0,0,RISK
UPI,FRAUD_SUSPECTED,17486,1,4,0.12,21,1,0,RISK
UPI,ACCOUNT_BLOCKED,23754,2,5,0.44,5,0,0,PERMANENT
CARD,BANK_TIMEOUT,30726,3,5,0.15,16,0,0,TRANSIENT
NETBANKING,ACCOUNT_BLOCKED,1841,1,5,0.38,12,1,0,PERMANENT
CARD,NETWORK_ERROR,48725,4,5,0.08,19,0,0,TRANSIENT
CARD,FRAUD_SUSPECTED,12473,4,2,0.38,13,1,0,RISK
UPI,BANK_TIMEOUT,2773,3,0,0.25,10,0,0,TRANSIENT
CARD,FRAUD_SUSPECTED,13035,1,4,0.27,2,0,1,RISK
CARD,NETWORK_ERROR,21053,1,4,0.14,10,0,1,TRANSIENT
CARD,ACCOUNT_BLOCKED,4181,2,3,0.26,13,1,1,PERMANENT
UPI,GATEWAY_TIMEOUT,36743,2,0,0.33,12,1,1,TRANSIENT
NETBANKING,NETWORK_ERROR,15323,3,2,0.36,0,0,1,TRANSIENT
UPI,CARD_DECLINED,29890,4,1,0.47,4,0,0,CUSTOMER_ACTION
NETBANKING,GATEWAY_TIMEOUT,15583,2,0,0.19,2,0,0,TRANSIENT
UPI,CARD_DECLINED,28095,2,3,0.27,2,0,1,CUSTOMER_ACTION
CARD,BANK_TIMEOUT,2816,4,2,0.04,21,1,1,TRANSIENT
NETBANKING,INVALID_CARD,5914,4,0,0.34,8,1,1,PERMANENT
UPI,ACCOUNT_BLOCKED,41437,1,1,0.45,8,0,1,PERMANENT
NETBANKING,NETWORK_ERROR,19614,1,1,0.28,21,0,0,TRANSIENT
CARD,BANK_TIMEOUT,22072,4,3,0.4,12,1,1,TRANSIENT
NETBANKING,INVALID_CARD,22272,2,2,0.29,23,0,0,PERMANENT
NETBANKING,INVALID_CARD,10145,1,3,0.22,10,0,1,PERMANENT
UPI,INVALID_CARD,10098,2,4,0.01,22,1,0,PERMANENT
NETBANKING,FRAUD_SUSPECTED,10727,4,3,0.33,10,0,0,RISK
CARD,GATEWAY_TIMEOUT,41788,2,4,0.14,18,1,0,TRANSIENT
UPI,FRAUD_SUSPECTED,30153,2,4,0.31,6,0,1,RISK
UPI,INVALID_CARD,45977,3,0,0.45,19,0,1,PERMANENT
NETBANKING,EXPIRED_CARD,39842,3,3,0.15,9,1,0,PERMANENT
NETBANKING,EXPIRED_CARD,36619,2,2,0.36,12,1,0,PERMANENT
NETBANKING,INSUFFICIENT_FUNDS,48140,4,5,0.23,5,0,1,CUSTOMER_ACTION
UPI,CARD_DECLINED,15479,3,0,0.47,20,0,0,CUSTOMER_ACTION
CARD,NETWORK_ERROR,12842,2,2,0.39,3,1,0,TRANSIENT
CARD,NETWORK_ERROR,45301,2,2,0.44,10,0,1,TRANSIENT
UPI,CARD_DECLINED,34714,4,1,0.44,6,1,1,CUSTOMER_ACTION
CARD,NETWORK_ERROR,17555,3,2,0.4,3,1,0,TRANSIENT
UPI,FRAUD_SUSPECTED,5608,1,0,0.24,8,1,1,RISK
NETBANKING,FRAUD_SUSPECTED,19028,2,0,0.32,17,1,0,RISK
UPI,FRAUD_SUSPECTED,33239,1,2,0.05,19,0,0,RISK
CARD,INVALID_ACCOUNT,42153,2,2,0.33,9,0,1,PERMANENT
CARD,CARD_DECLINED,47839,2,2,0.12,19,1,1,CUSTOMER_ACTION
UPI,NETWORK_ERROR,237,1,3,0.16,3,1,1,TRANSIENT
UPI,GATEWAY_TIMEOUT,18316,4,4,0.1,21,0,0,TRANSIENT
NETBANKING,FRAUD_SUSPECTED,11340,3,2,0.37,2,0,0,RISK
CARD,CARD_DECLINED,19751,2,5,0.24,20,1,0,CUSTOMER_ACTION
NETBANKING,FRAUD_SUSPECTED,3209,1,2,0.32,0,1,1,RISK
NETBANKING,INVALID_CARD,1835,4,4,0.32,7,1,1,PERMANENT
UPI,BANK_TIMEOUT,34104,4,4,0.48,20,0,1,TRANSIENT
CARD,FRAUD_SUSPECTED,5180,3,3,0.05,18,0,0,RISK
CARD,BANK_TIMEOUT,245,2,5,0.5,2,1,0,TRANSIENT
UPI,NETWORK_ERROR,12371,4,1,0.28,19,1,0,TRANSIENT
UPI,INSUFFICIENT_FUNDS,4037,4,0,0.14,22,1,0,CUSTOMER_ACTION
CARD,FRAUD_SUSPECTED,40632,4,3,0.31,20,1,1,RISK
UPI,INSUFFICIENT_FUNDS,42523,1,2,0.05,8,0,1,CUSTOMER_ACTION
NETBANKING,INVALID_CARD,31274,2,3,0.09,22,1,0,PERMANENT
UPI,FRAUD_SUSPECTED,34101,3,5,0.3,19,1,1,RISK
NETBANKING,FRAUD_SUSPECTED,28727,2,3,0.35,19,0,0,RISK
CARD,NETWORK_ERROR,32796,4,4,0.24,19,0,1,TRANSIENT
UPI,ACCOUNT_BLOCKED,30839,3,5,0.32,1,1,0,PERMANENT
CARD,FRAUD_SUSPECTED,391,3,1,0.29,7,1,1,RISK
NETBANKING,BANK_TIMEOUT,23402,4,4,0.32,12,1,0,TRANSIENT
CARD,EXPIRED_CARD,20236,4,3,0.02,15,1,0,PERMANENT
UPI,INSUFFICIENT_FUNDS,5906,3,1,0.2,21,0,1,CUSTOMER_ACTION
UPI,FRAUD_SUSPECTED,34597,1,1,0.43,11,1,0,RISK
CARD,FRAUD_SUSPECTED,26660,3,1,0.17,8,0,1,RISK
UPI,INVALID_ACCOUNT,29411,4,5,0.46,10,1,0,PERMANENT
NETBANKING,INVALID_ACCOUNT,49218,3,5,0.46,4,1,0,PERMANENT
CARD,INSUFFICIENT_FUNDS,48889,3,3,0.23,18,0,0,CUSTOMER_ACTION
UPI,INVALID_ACCOUNT,10441,4,4,0.38,5,1,1,PERMANENT
UPI,FRAUD_SUSPECTED,41005,4,3,0.13,18,0,0,RISK
NETBANKING,BANK_TIMEOUT,33982,3,2,0.03,0,0,1,TRANSIENT
NETBANKING,NETWORK_ERROR,46925,1,1,0.15,13,1,1,TRANSIENT
NETBANKING,FRAUD_SUSPECTED,35709,3,0,0.36,6,1,1,RISK
UPI,CARD_DECLINED,40406,3,3,0.04,4,1,0,CUSTOMER_ACTION
UPI,NETWORK_ERROR,33596,3,1,0.02,7,0,1,TRANSIENT
UPI,INVALID_CARD,34651,4,4,0.25,14,0,0,PERMANENT
NETBANKING,INVALID_ACCOUNT,12459,2,5,0.26,9,0,0,PERMANENT
CARD,INVALID_CARD,3263,2,1,0.49,23,0,0,PERMANENT
CARD,FRAUD_SUSPECTED,5790,3,1,0.22,13,0,0,RISK
NETBANKING,GATEWAY_TIMEOUT,13155,1,1,0.24,17,0,0,TRANSIENT
NETBANKING,BANK_TIMEOUT,15847,4,3,0.37,23,1,1,TRANSIENT
CARD,ACCOUNT_BLOCKED,15839,4,2,0.38,14,1,1,PERMANENT
CARD,FRAUD_SUSPECTED,21780,1,1,0.13,16,0,1,RISK
CARD,FRAUD_SUSPECTED,48536,1,0,0.45,4,1,0,RISK
UPI,FRAUD_SUSPECTED,15503,1,4,0.31,4,0,0,RISK
UPI,INSUFFICIENT_FUNDS,24035,1,2,0.49,16,1,1,CUSTOMER_ACTION
UPI,NETWORK_ERROR,9488,4,2,0.02,4,1,0,TRANSIENT
CARD,ACCOUNT_BLOCKED,47109,1,2,0.32,3,1,1,PERMANENT
UPI,ACCOUNT_BLOCKED,7136,4,2,0.29,7,1,0,PERMANENT
UPI,ACCOUNT_BLOCKED,3673,2,4,0.15,13,1,1,PERMANENT
UPI,CARD_DECLINED,43792,1,1,0.12,11,0,1,CUSTOMER_ACTION
UPI,INVALID_CARD,24626,2,4,0.14,17,0,1,PERMANENT
CARD,FRAUD_SUSPECTED,44579,3,4,0.3,23,1,1,RISK
CARD,INVALID_ACCOUNT,28448,3,2,0.08,18,0,0,PERMANENT
CARD,FRAUD_SUSPECTED,11232,3,1,0.49,23,1,1,RISK
CARD,FRAUD_SUSPECTED,32455,1,0,0.26,15,1,1,RISK
NETBANKING,BANK_TIMEOUT,19843,4,3,0.47,23,0,1,TRANSIENT
NETBANKING,EXPIRED_CARD,22625,1,5,0.07,16,0,0,PERMANENT
CARD,FRAUD_SUSPECTED,31790,1,5,0.25,8,1,0,RISK
CARD,INSUFFICIENT_FUNDS,6505,2,5,0.16,23,1,0,CUSTOMER_ACTION
CARD,NETWORK_ERROR,23040,4,2,0.42,15,1,1,TRANSIENT
UPI,INSUFFICIENT_FUNDS,49925,4,3,0.35,16,1,0,CUSTOMER_ACTION
CARD,FRAUD_SUSPECTED,25741,1,2,0.19,14,0,1,RISK
NETBANKING,FRAUD_SUSPECTED,27389,1,3,0.21,18,1,0,RISK
NETBANKING,CARD_DECLINED,15762,4,2,0.21,0,1,1,CUSTOMER_ACTION
NETBANKING,FRAUD_SUSPECTED,27187,1,0,0.12,18,1,1,RISK
UPI,INSUFFICIENT_FUNDS,17191,3,0,0.26,11,1,1,CUSTOMER_ACTION
UPI,GATEWAY_TIMEOUT,5442,2,5,0.36,18,1,1,TRANSIENT
NETBANKING,ACCOUNT_BLOCKED,20034,4,4,0.38,16,1,0,PERMANENT
CARD,GATEWAY_TIMEOUT,14810,1,2,0.09,20,0,1,TRANSIENT
NETBANKING,CARD_DECLINED,12106,2,2,0.41,23,0,1,CUSTOMER_ACTION
UPI,FRAUD_SUSPECTED,383,1,1,0.25,12,0,0,RISK
UPI,ACCOUNT_BLOCKED,7172,1,4,0.41,13,0,1,PERMANENT
CARD,GATEWAY_TIMEOUT,43835,3,1,0.41,0,1,0,TRANSIENT
UPI,INSUFFICIENT_FUNDS,27181,2,2,0.21,6,1,1,CUSTOMER_ACTION
CARD,INVALID_ACCOUNT,40754,3,1,0.39,16,1,0,PERMANENT
UPI,NETWORK_ERROR,46626,1,1,0.43,5,1,0,TRANSIENT
UPI,BANK_TIMEOUT,20320,2,5,0.23,22,1,0,TRANSIENT
NETBANKING,FRAUD_SUSPECTED,47589,2,2,0.42,2,0,0,RISK
NETBANKING,BANK_TIMEOUT,316,4,5,0.35,18,1,1,TRANSIENT
NETBANKING,INSUFFICIENT_FUNDS,22044,2,5,0.48,2,0,0,CUSTOMER_ACTION
CARD,INSUFFICIENT_FUNDS,31847,1,1,0.32,13,1,1,CUSTOMER_ACTION
NETBANKING,CARD_DECLINED,47288,3,3,0.1,2,0,0,CUSTOMER_ACTION
NETBANKING,INVALID_ACCOUNT,33878,3,2,0.01,6,1,0,PERMANENT
UPI,CARD_DECLINED,14840,4,2,0.12,20,0,0,CUSTOMER_ACTION
NETBANKING,INSUFFICIENT_FUNDS,16545,3,1,0.42,14,1,1,CUSTOMER_ACTION
NETBANKING,INVALID_CARD,41476,3,0,0.41,23,0,0,PERMANENT
NETBANKING,FRAUD_SUSPECTED,29904,1,3,0.4,4,1,1,RISK
NETBANKING,CARD_DECLINED,19243,1,4,0.18,23,0,0,CUSTOMER_ACTION
UPI,GATEWAY_TIMEOUT,21596,1,2,0.3,14,1,1,TRANSIENT
UPI,FRAUD_SUSPECTED,26311,1,3,0.43,14,1,1,RISK
UPI,INSUFFICIENT_FUNDS,46180,4,0,0.42,20,1,1,CUSTOMER_ACTION
NETBANKING,BANK_TIMEOUT,20083,3,4,0.39,6,1,1,TRANSIENT
CARD,ACCOUNT_BLOCKED,25992,1,5,0.44,17,1,1,PERMANENT
NETBANKING,FRAUD_SUSPECTED,2325,1,5,0.19,11,1,1,RISK
UPI,INSUFFICIENT_FUNDS,37083,3,4,0.38,12,0,0,CUSTOMER_ACTION
UPI,FRAUD_SUSPECTED,41854,4,0,0.21,3,1,0,RISK
NETBANKING,INVALID_CARD,34903,4,4,0.03,14,0,0,PERMANENT
UPI,INSUFFICIENT_FUNDS,41642,2,4,0.47,3,0,0,CUSTOMER_ACTION
NETBANKING,GATEWAY_TIMEOUT,28078,4,3,0.22,7,1,0,TRANSIENT
NETBANKING,BANK_TIMEOUT,29184,2,2,0.39,16,0,1,TRANSIENT
CARD,FRAUD_SUSPECTED,162,4,5,0.06,20,0,1,RISK
CARD,INVALID_ACCOUNT,18908,2,4,0.21,15,0,1,PERMANENT
CARD,FRAUD_SUSPECTED,13287,2,0,0.2,23,0,1,RISK
NETBANKING,FRAUD_SUSPECTED,42947,4,5,0.48,22,0,1,RISK
UPI,INVALID_CARD,10640,3,1,0.49,4,0,1,PERMANENT
CARD,EXPIRED_CARD,17933,4,4,0.45,21,0,1,PERMANENT
UPI,NETWORK_ERROR,6039,3,3,0.07,10,1,0,TRANSIENT
UPI,BANK_TIMEOUT,38104,1,0,0.23,16,1,1,TRANSIENT
NETBANKING,ACCOUNT_BLOCKED,15290,3,5,0.25,7,1,0,PERMANENT
NETBANKING,GATEWAY_TIMEOUT,18207,1,1,0.06,16,1,1,TRANSIENT
NETBANKING,INVALID_CARD,14454,2,0,0.11,0,1,1,PERMANENT
NETBANKING,CARD_DECLINED,46612,2,2,0.32,3,0,0,CUSTOMER_ACTION
NETBANKING,CARD_DECLINED,19775,1,4,0.15,21,1,0,CUSTOMER_ACTION
NETBANKING,CARD_DECLINED,29491,1,5,0.34,4,0,1,CUSTOMER_ACTION
CARD,ACCOUNT_BLOCKED,28293,1,5,0.2,5,1,0,PERMANENT
UPI,CARD_DECLINED,42545,2,4,0.31,15,0,1,CUSTOMER_ACTION
NETBANKING,FRAUD_SUSPECTED,45956,2,0,0.27,16,0,1,RISK
NETBANKING,INSUFFICIENT_FUNDS,49660,2,5,0.32,21,1,0,CUSTOMER_ACTION
CARD,CARD_DECLINED,15983,2,0,0.24,11,1,0,CUSTOMER_ACTION
UPI,FRAUD_SUSPECTED,14731,1,0,0.41,16,1,0,RISK
CARD,FRAUD_SUSPECTED,26707,4,3,0.05,4,0,0,RISK
UPI,INSUFFICIENT_FUNDS,34877,4,2,0.4,8,0,1,CUSTOMER_ACTION
NETBANKING,INSUFFICIENT_FUNDS,947,2,3,0.02,14,1,1,CUSTOMER_ACTION
NETBANKING,GATEWAY_TIMEOUT,11224,3,4,0.24,5,1,1,TRANSIENT
UPI,FRAUD_SUSPECTED,12508,4,2,0.29,13,1,1,RISK
NETBANKING,FRAUD_SUSPECTED,48930,3,2,0.12,11,0,1,RISK
CARD,INVALID_ACCOUNT,44528,2,2,0.08,13,0,0,PERMANENT
UPI,FRAUD_SUSPECTED,7454,3,5,0.22,7,0,1,RISK
CARD,NETWORK_ERROR,28137,3,5,0.22,1,1,0,TRANSIENT
NETBANKING,INVALID_CARD,35790,2,4,0.37,2,0,1,PERMANENT
NETBANKING,INVALID_ACCOUNT,4067,2,3,0.17,13,0,0,PERMANENT
CARD,FRAUD_SUSPECTED,13387,2,1,0.39,18,0,0,RISK
UPI,FRAUD_SUSPECTED,18377,3,3,0.04,2,1,1,RISK
CARD,EXPIRED_CARD,12707,1,5,0.11,5,1,0,PERMANENT
CARD,INVALID_CARD,7315,4,1,0.36,22,1,1,PERMANENT
CARD,FRAUD_SUSPECTED,47504,2,1,0.32,0,0,1,RISK
NETBANKING,FRAUD_SUSPECTED,49738,4,5,0.1,16,0,0,RISK
UPI,GATEWAY_TIMEOUT,11821,3,0,0.39,22,0,0,TRANSIENT
CARD,INSUFFICIENT_FUNDS,12252,3,1,0.35,8,0,1,CUSTOMER_ACTION
CARD,FRAUD_SUSPECTED,18332,1,4,0.31,10,0,0,RISK
UPI,FRAUD_SUSPECTED,15320,3,3,0.12,6,0,0,RISK
UPI,ACCOUNT_BLOCKED,21489,3,4,0.01,14,1,1,PERMANENT
CARD,INVALID_CARD,33113,4,5,0.08,6,0,1,PERMANENT
CARD,GATEWAY_TIMEOUT,11412,4,4,0.16,9,0,1,TRANSIENT
UPI,ACCOUNT_BLOCKED,45006,2,1,0.02,5,1,1,PERMANENT
CARD,CARD_DECLINED,30694,2,3,0.11,12,0,0,CUSTOMER_ACTION
CARD,GATEWAY_TIMEOUT,25491,1,0,0.24,23,1,0,TRANSIENT
UPI,BANK_TIMEOUT,46040,4,2,0.31,16,1,1,TRANSIENT
NETBANKING,FRAUD_SUSPECTED,6018,4,1,0.13,20,0,0,RISK
UPI,INSUFFICIENT_FUNDS,46848,1,3,0.21,12,1,0,CUSTOMER_ACTION
CARD,CARD_DECLINED,20950,3,0,0.15,0,1,1,CUSTOMER_ACTION
UPI,EXPIRED_CARD,37779,3,0,0.38,3,0,1,PERMANENT
UPI,INVALID_CARD,25177,4,5,0.03,21,0,0,PERMANENT
CARD,INVALID_CARD,27549,1,5,0.06,8,1,0,PERMANENT
CARD,GATEWAY_TIMEOUT,8888,3,2,0.05,0,1,1,TRANSIENT
CARD,INVALID_ACCOUNT,30943,2,1,0.46,13,1,0,PERMANENT
UPI,CARD_DECLINED,13958,2,2,0.14,8,0,1,CUSTOMER_ACTION
NETBANKING,BANK_TIMEOUT,1103,4,1,0.31,11,0,0,TRANSIENT
CARD,INSUFFICIENT_FUNDS,41957,1,3,0.22,3,1,1,CUSTOMER_ACTION
NETBANKING,INSUFFICIENT_FUNDS,13154,1,3,0.38,8,1,1,CUSTOMER_ACTION
NETBANKING,FRAUD_SUSPECTED,4424,2,4,0.46,17,0,1,RISK
UPI,INSUFFICIENT_FUNDS,11890,1,2,0.4,5,0,1,CUSTOMER_ACTION
CARD,INSUFFICIENT_FUNDS,25821,1,0,0.49,5,1,1,CUSTOMER_ACTION
UPI,CARD_DECLINED,21570,1,3,0.37,22,0,1,CUSTOMER_ACTION
NETBANKING,BANK_TIMEOUT,19455,2,0,0.13,22,0,1,TRANSIENT
UPI,GATEWAY_TIMEOUT,31973,3,4,0.2,4,0,0,TRANSIENT
UPI,FRAUD_SUSPECTED,49821,2,3,0.32,11,1,0,RISK
NETBANKING,FRAUD_SUSPECTED,36940,3,5,0.27,6,0,0,RISK
UPI,INVALID_ACCOUNT,18940,4,5,0.13,4,0,1,PERMANENT
UPI,NETWORK_ERROR,49510,3,5,0.26,15,0,1,TRANSIENT
UPI,NETWORK_ERROR,36609,2,1,0.24,5,0,0,TRANSIENT
CARD,NETWORK_ERROR,19035,3,3,0.29,7,0,0,TRANSIENT
CARD,INVALID_CARD,16577,1,0,0.11,8,1,1,PERMANENT
CARD,FRAUD_SUSPECTED,44284,4,1,0.24,8,1,1,RISK
CARD,INVALID_CARD,8953,2,3,0.2,1,1,1,PERMANENT
UPI,FRAUD_SUSPECTED,537,1,4,0.01,13,0,0,RISK
NETBANKING,FRAUD_SUSPECTED,44558,3,0,0.16,18,0,1,RISK
UPI,NETWORK_ERROR,9060,4,4,0.39,10,1,1,TRANSIENT
NETBANKING,FRAUD_SUSPECTED,28317,4,4,0.15,17,0,0,RISK
UPI,NETWORK_ERROR,26339,4,4,0.04,10,0,1,TRANSIENT
CARD,BANK_TIMEOUT,16097,4,3,0.44,5,0,0,TRANSIENT
NETBANKING,BANK_TIMEOUT,23555,2,4,0.19,23,1,0,TRANSIENT
UPI,FRAUD_SUSPECTED,39427,4,1,0.15,0,0,0,RISK
NETBANKING,FRAUD_SUSPECTED,20060,4,2,0.14,15,0,1,RISK
CARD,INVALID_CARD,49963,1,4,0.49,14,0,1,PERMANENT
CARD,FRAUD_SUSPECTED,37780,4,3,0.12,12,0,0,RISK
UPI,CARD_DECLINED,22586,4,1,0.46,12,0,0,CUSTOMER_ACTION
UPI,NETWORK_ERROR,46352,4,2,0.22,20,1,0,TRANSIENT
NETBANKING,NETWORK_ERROR,10687,1,5,0.26,16,1,1,TRANSIENT
NETBANKING,GATEWAY_TIMEOUT,27909,1,3,0.17,14,0,0,TRANSIENT
CARD,EXPIRED_CARD,4696,1,0,0.14,10,1,1,PERMANENT
UPI,INVALID_CARD,25333,3,3,0.35,17,0,0,PERMANENT
CARD,BANK_TIMEOUT,49785,3,5,0.09,18,0,1,TRANSIENT
NETBANKING,GATEWAY_TIMEOUT,19249,1,5,0.35,21,1,1,TRANSIENT
NETBANKING,CARD_DECLINED,14970,1,5,0.4,6,1,1,CUSTOMER_ACTION
NETBANKING,INSUFFICIENT_FUNDS,21128,3,4,0.21,15,0,1,CUSTOMER_ACTION
NETBANKING,NETWORK_ERROR,16841,3,4,0.36,3,1,1,TRANSIENT
UPI,BANK_TIMEOUT,49012,3,0,0.39,11,1,0,TRANSIENT
UPI,INSUFFICIENT_FUNDS,3436,4,2,0.48,1,1,1,CUSTOMER_ACTION
NETBANKING,CARD_DECLINED,48634,2,1,0.37,16,1,1,CUSTOMER_ACTION
UPI,CARD_DECLINED,48769,3,2,0.5,22,1,0,CUSTOMER_ACTION
NETBANKING,FRAUD_SUSPECTED,39196,4,5,0.11,13,1,1,RISK
NETBANKING,FRAUD_SUSPECTED,24100,4,4,0.35,21,0,1,RISK
NETBANKING,BANK_TIMEOUT,21242,2,4,0.37,4,1,0,TRANSIENT
CARD,ACCOUNT_BLOCKED,7988,3,1,0.36,0,0,1,PERMANENT
NETBANKING,FRAUD_SUSPECTED,1412,3,0,0.48,5,1,1,RISK
CARD,BANK_TIMEOUT,8024,2,0,0.21,12,1,1,TRANSIENT
CARD,FRAUD_SUSPECTED,139,4,0,0.5,14,1,0,RISK
UPI,ACCOUNT_BLOCKED,48681,3,0,0.21,9,0,1,PERMANENT
NETBANKING,INSUFFICIENT_FUNDS,19374,2,4,0.28,3,1,1,CUSTOMER_ACTION
UPI,ACCOUNT_BLOCKED,11106,4,0,0.08,11,1,0,PERMANENT
NETBANKING,NETWORK_ERROR,15313,1,2,0.26,13,1,1,TRANSIENT
CARD,CARD_DECLINED,3650,3,3,0.41,16,0,0,CUSTOMER_ACTION
NETBANKING,CARD_DECLINED,1505,4,5,0.45,10,1,0,CUSTOMER_ACTION
UPI,CARD_DECLINED,15668,3,0,0.35,15,0,0,CUSTOMER_ACTION
NETBANKING,INSUFFICIENT_FUNDS,3732,4,3,0.23,12,1,1,CUSTOMER_ACTION
UPI,NETWORK_ERROR,48326,2,2,0.09,20,0,1,TRANSIENT
CARD,FRAUD_SUSPECTED,14758,2,4,0.38,2,1,0,RISK
UPI,FRAUD_SUSPECTED,34132,1,2,0.23,5,0,0,RISK
NETBANKING,ACCOUNT_BLOCKED,49724,4,2,0.18,11,0,1,PERMANENT
UPI,NETWORK_ERROR,2077,4,0,0.5,11,1,1,TRANSIENT
UPI,NETWORK_ERROR,40922,3,0,0.29,17,1,1,TRANSIENT
UPI,FRAUD_SUSPECTED,12614,3,5,0.3,22,1,0,RISK
NETBANKING,FRAUD_SUSPECTED,9961,4,1,0.16,0,0,1,RISK
NETBANKING,CARD_DECLINED,22764,1,2,0.05,18,1,1,CUSTOMER_ACTION
UPI,GATEWAY_TIMEOUT,31204,3,4,0.17,2,0,1,TRANSIENT
CARD,CARD_DECLINED,22004,1,5,0.04,15,1,0,CUSTOMER_ACTION
CARD,BANK_TIMEOUT,27420,1,3,0.15,12,0,1,TRANSIENT
CARD,CARD_DECLINED,16370,2,1,0.07,21,1,1,CUSTOMER_ACTION
NETBANKING,GATEWAY_TIMEOUT,33527,1,0,0.06,16,0,0,TRANSIENT
NETBANKING,INVALID_CARD,36693,3,0,0.39,17,1,0,PERMANENT
NETBANKING,INVALID_ACCOUNT,43748,1,1,0.45,16,0,1,PERMANENT
NETBANKING,INSUFFICIENT_FUNDS,1030,1,2,0.26,18,0,1,CUSTOMER_ACTION
UPI,GATEWAY_TIMEOUT,17648,1,1,0.12,22,0,1,TRANSIENT
NETBANKING,GATEWAY_TIMEOUT,7460,1,2,0.19,22,0,1,TRANSIENT
NETBANKING,INVALID_CARD,12183,1,1,0.5,3,1,1,PERMANENT
UPI,FRAUD_SUSPECTED,9084,1,1,0.46,9,1,1,RISK
UPI,INVALID_ACCOUNT,33242,1,1,0.36,23,1,0,PERMANENT
UPI,EXPIRED_CARD,30052,3,4,0.26,17,1,1,PERMANENT
CARD,BANK_TIMEOUT,394,2,0,0.13,2,1,1,TRANSIENT
NETBANKING,FRAUD_SUSPECTED,23296,4,5,0.45,3,1,1,RISK
NETBANKING,FRAUD_SUSPECTED,41500,1,1,0.02,18,1,0,RISK
NETBANKING,FRAUD_SUSPECTED,37443,4,2,0.33,12,1,1,RISK
CARD,GATEWAY_TIMEOUT,9548,3,1,0.4,4,0,0,TRANSIENT
UPI,NETWORK_ERROR,17874,4,3,0.13,5,1,0,TRANSIENT
CARD,CARD_DECLINED,32213,3,2,0.28,3,0,1,CUSTOMER_ACTION
CARD,INSUFFICIENT_FUNDS,2468,2,2,0.14,8,0,1,CUSTOMER_ACTION
NETBANKING,FRAUD_SUSPECTED,11371,1,3,0.31,11,1,0,RISK
NETBANKING,CARD_DECLINED,39284,4,1,0.48,13,0,0,CUSTOMER_ACTION
NETBANKING,CARD_DECLINED,15563,1,1,0.24,7,1,0,CUSTOMER_ACTION
CARD,CARD_DECLINED,41700,4,4,0.41,1,0,0,CUSTOMER_ACTION
CARD,BANK_TIMEOUT,32680,1,5,0.49,13,0,1,TRANSIENT
UPI,FRAUD_SUSPECTED,49179,4,5,0.38,9,1,1,RISK
NETBANKING,CARD_DECLINED,14095,3,0,0.5,20,1,0,CUSTOMER_ACTION
NETBANKING,BANK_TIMEOUT,14318,2,1,0.37,3,1,1,TRANSIENT
CARD,INVALID_CARD,27758,4,5,0.14,15,0,0,PERMANENT
NETBANKING,BANK_TIMEOUT,4131,3,0,0.28,16,1,0,TRANSIENT
CARD,EXPIRED_CARD,1269,1,5,0.28,15,1,1,PERMANENT
NETBANKING,INSUFFICIENT_FUNDS,18614,2,1,0.17,18,0,0,CUSTOMER_ACTION
UPI,CARD_DECLINED,23698,4,3,0.23,5,1,1,CUSTOMER_ACTION
CARD,FRAUD_SUSPECTED,44300,3,0,0.09,3,1,0,RISK
CARD,BANK_TIMEOUT,34593,3,3,0.5,7,1,0,TRANSIENT
NETBANKING,CARD_DECLINED,35111,4,4,0.42,9,0,0,CUSTOMER_ACTION
CARD,FRAUD_SUSPECTED,45192,2,2,0.34,19,1,1,RISK
CARD,INVALID_CARD,37863,2,5,0.3,16,1,0,PERMANENT
UPI,INSUFFICIENT_FUNDS,20890,3,3,0.05,13,1,1,CUSTOMER_ACTION
NETBANKING,ACCOUNT_BLOCKED,29739,1,4,0.5,18,1,0,PERMANENT
UPI,INVALID_CARD,37730,3,4,0.36,20,1,0,PERMANENT
NETBANKING,BANK_TIMEOUT,36818,3,5,0.22,7,1,0,TRANSIENT
CARD,GATEWAY_TIMEOUT,30287,2,3,0.25,13,0,1,TRANSIENT
CARD,CARD_DECLINED,19240,4,5,0.24,2,1,0,CUSTOMER_ACTION
UPI,INSUFFICIENT_FUNDS,36154,1,0,0.4,3,1,0,CUSTOMER_ACTION
NETBANKING,ACCOUNT_BLOCKED,3881,4,1,0.17,10,1,1,PERMANENT
CARD,FRAUD_SUSPECTED,38287,1,4,0.35,14,0,0,RISK
NETBANKING,BANK_TIMEOUT,17478,3,4,0.35,5,1,0,TRANSIENT
NETBANKING,CARD_DECLINED,42115,3,5,0.35,12,1,1,CUSTOMER_ACTION
NETBANKING,CARD_DECLINED,13100,1,2,0.07,3,1,0,CUSTOMER_ACTION
UPI,FRAUD_SUSPECTED,42864,2,2,0.11,7,1,0,RISK
CARD,ACCOUNT_BLOCKED,44370,4,5,0.25,14,0,1,PERMANENT
CARD,CARD_DECLINED,34967,4,2,0.03,21,0,0,CUSTOMER_ACTION
NETBANKING,FRAUD_SUSPECTED,6139,3,0,0.24,15,0,0,RISK
UPI,NETWORK_ERROR,43377,1,3,0.42,12,1,1,TRANSIENT
CARD,INVALID_ACCOUNT,10032,1,3,0.07,5,1,0,PERMANENT
CARD,FRAUD_SUSPECTED,32897,2,5,0.03,4,1,0,RISK
NETBANKING,INVALID_ACCOUNT,9563,3,2,0.27,23,1,1,PERMANENT
NETBANKING,CARD_DECLINED,789,4,4,0.38,23,0,1,CUSTOMER_ACTION
NETBANKING,INSUFFICIENT_FUNDS,39119,3,3,0.42,8,1,0,CUSTOMER_ACTION
UPI,CARD_DECLINED,17159,2,5,0.21,7,0,1,CUSTOMER_ACTION
CARD,CARD_DECLINED,25951,3,2,0.12,1,1,0,CUSTOMER_ACTION
CARD,FRAUD_SUSPECTED,14367,1,0,0.33,6,1,0,RISK
CARD,BANK_TIMEOUT,44587,1,3,0.14,14,1,0,TRANSIENT
UPI,FRAUD_SUSPECTED,13500,3,1,0.44,22,1,0,RISK
UPI,INVALID_ACCOUNT,31736,2,4,0.17,23,1,1,PERMANENT
NETBANKING,ACCOUNT_BLOCKED,4110,3,2,0.16,18,0,1,PERMANENT
NETBANKING,BANK_TIMEOUT,38623,4,4,0.39,3,1,1,TRANSIENT
UPI,CARD_DECLINED,3352,2,4,0.13,22,0,0,CUSTOMER_ACTION
NETBANKING,CARD_DECLINED,37581,2,3,0.41,13,0,0,CUSTOMER_ACTION
CARD,BANK_TIMEOUT,49766,3,0,0.19,15,0,0,TRANSIENT
CARD,GATEWAY_TIMEOUT,11423,3,0,0.36,11,1,0,TRANSIENT
NETBANKING,ACCOUNT_BLOCKED,23993,3,4,0.3,4,0,1,PERMANENT
NETBANKING,FRAUD_SUSPECTED,35934,3,4,0.25,0,1,0,RISK
UPI,GATEWAY_TIMEOUT,9788,2,4,0.46,7,1,0,TRANSIENT
UPI,ACCOUNT_BLOCKED,24647,2,2,0.4,19,1,1,PERMANENT
CARD,EXPIRED_CARD,34588,3,5,0.25,13,1,1,PERMANENT
CARD,FRAUD_SUSPECTED,44956,2,4,0.13,0,0,1,RISK
NETBANKING,GATEWAY_TIMEOUT,3318,4,2,0.21,9,1,0,TRANSIENT
NETBANKING,FRAUD_SUSPECTED,884,3,4,0.02,0,1,1,RISK
CARD,INVALID_ACCOUNT,32838,4,0,0.3,14,1,1,PERMANENT
NETBANKING,CARD_DECLINED,19477,4,2,0.13,7,0,1,CUSTOMER_ACTION
CARD,ACCOUNT_BLOCKED,48842,4,1,0.11,15,0,0,PERMANENT
NETBANKING,EXPIRED_CARD,7600,1,2,0.01,6,1,1,PERMANENT
UPI,CARD_DECLINED,18993,3,0,0.17,5,0,1,CUSTOMER_ACTION
NETBANKING,NETWORK_ERROR,355,3,3,0.07,13,0,1,TRANSIENT
NETBANKING,EXPIRED_CARD,5083,3,2,0.48,15,1,0,PERMANENT
UPI,ACCOUNT_BLOCKED,37595,3,4,0.07,17,0,1,PERMANENT
NETBANKING,FRAUD_SUSPECTED,15294,4,3,0.19,19,1,1,RISK
NETBANKING,INVALID_ACCOUNT,49088,3,5,0.44,14,0,0,PERMANENT
NETBANKING,GATEWAY_TIMEOUT,35176,3,2,0.14,23,1,0,TRANSIENT
NETBANKING,EXPIRED_CARD,21080,2,2,0.24,15,1,1,PERMANENT
CARD,FRAUD_SUSPECTED,42056,2,0,0.08,16,1,1,RISK
CARD,INVALID_ACCOUNT,4864,1,4,0.38,16,1,1,PERMANENT
NETBANKING,FRAUD_SUSPECTED,43931,2,1,0.37,19,0,0,RISK
NETBANKING,NETWORK_ERROR,905,3,2,0.18,3,1,0,TRANSIENT
NETBANKING,INVALID_ACCOUNT,23976,3,0,0.17,18,0,0,PERMANENT
UPI,FRAUD_SUSPECTED,19134,4,1,0.43,23,1,0,RISK
NETBANKING,INSUFFICIENT_FUNDS,15454,2,0,0.39,13,1,0,CUSTOMER_ACTION
UPI,CARD_DECLINED,46871,3,4,0.47,10,0,1,CUSTOMER_ACTION
NETBANKING,INSUFFICIENT_FUNDS,46232,1,4,0.21,0,1,1,CUSTOMER_ACTION
NETBANKING,FRAUD_SUSPECTED,42805,2,5,0.4,6,1,1,RISK
NETBANKING,INSUFFICIENT_FUNDS,30827,4,1,0.29,16,0,1,CUSTOMER_ACTION
UPI,ACCOUNT_BLOCKED,37404,4,5,0.29,15,1,1,PERMANENT
NETBANKING,BANK_TIMEOUT,42212,3,2,0.5,21,0,1,TRANSIENT
UPI,CARD_DECLINED,40063,1,5,0.05,14,0,0,CUSTOMER_ACTION
CARD,CARD_DECLINED,9780,4,4,0.09,9,1,0,CUSTOMER_ACTION
NETBANKING,NETWORK_ERROR,20041,1,5,0.18,15,0,0,TRANSIENT
CARD,ACCOUNT_BLOCKED,13423,4,1,0.15,20,1,0,PERMANENT
NETBANKING,INVALID_CARD,44091,3,0,0.25,22,1,0,PERMANENT
UPI,NETWORK_ERROR,48705,4,2,0.31,15,0,1,TRANSIENT
UPI,CARD_DECLINED,29816,1,2,0.05,6,0,1,CUSTOMER_ACTION
UPI,ACCOUNT_BLOCKED,4348,2,4,0.06,12,0,1,PERMANENT
CARD,BANK_TIMEOUT,34224,3,1,0.23,17,0,0,TRANSIENT
CARD,FRAUD_SUSPECTED,5635,2,3,0.06,7,0,1,RISK
NETBANKING,INSUFFICIENT_FUNDS,24478,2,0,0.21,8,0,1,CUSTOMER_ACTION
CARD,NETWORK_ERROR,10709,2,4,0.2,10,1,0,TRANSIENT
CARD,ACCOUNT_BLOCKED,24439,3,4,0.18,7,1,1,PERMANENT
CARD,BANK_TIMEOUT,48927,4,3,0.45,4,1,0,TRANSIENT
UPI,FRAUD_SUSPECTED,21609,1,0,0.32,10,1,1,RISK
CARD,INSUFFICIENT_FUNDS,31847,3,2,0.39,20,0,0,CUSTOMER_ACTION
CARD,BANK_TIMEOUT,7580,1,2,0.05,1,1,1,TRANSIENT
CARD,INSUFFICIENT_FUNDS,24936,1,4,0.34,13,0,0,CUSTOMER_ACTION
NETBANKING,FRAUD_SUSPECTED,25161,4,0,0.12,9,0,1,RISK
UPI,INVALID_ACCOUNT,2858,1,2,0.17,9,0,0,PERMANENT
UPI,CARD_DECLINED,26716,1,5,0.2,19,1,0,CUSTOMER_ACTION
NETBANKING,FRAUD_SUSPECTED,22925,1,5,0.12,20,1,0,RISK
CARD,CARD_DECLINED,32031,2,1,0.16,10,0,1,CUSTOMER_ACTION
NETBANKING,GATEWAY_TIMEOUT,14578,2,2,0.04,9,0,1,TRANSIENT
CARD,FRAUD_SUSPECTED,46129,2,5,0.31,1,0,1,RISK
NETBANKING,FRAUD_SUSPECTED,46634,1,2,0.35,23,1,1,RISK
UPI,CARD_DECLINED,19865,1,5,0.29,3,1,0,CUSTOMER_ACTION
UPI,EXPIRED_CARD,32724,1,4,0.26,3,1,1,PERMANENT
UPI,BANK_TIMEOUT,15161,3,3,0.31,21,0,0,TRANSIENT
UPI,FRAUD_SUSPECTED,25070,3,2,0.14,13,1,0,RISK
UPI,FRAUD_SUSPECTED,7420,2,2,0.12,3,0,1,RISK
CARD,ACCOUNT_BLOCKED,11386,2,4,0.18,15,1,1,PERMANENT
UPI,FRAUD_SUSPECTED,36496,1,5,0.29,16,1,0,RISK
NETBANKING,EXPIRED_CARD,14548,1,2,0.39,3,1,0,PERMANENT
CARD,FRAUD_SUSPECTED,5505,3,2,0.23,13,1,0,RISK
UPI,FRAUD_SUSPECTED,24346,2,3,0.14,11,0,1,RISK
CARD,FRAUD_SUSPECTED,5756,1,1,0.47,14,0,1,RISK
UPI,ACCOUNT_BLOCKED,1470,2,4,0.41,14,0,1,PERMANENT
CARD,FRAUD_SUSPECTED,11478,4,5,0.21,22,1,1,RISK
CARD,NETWORK_ERROR,17239,3,0,0.4,13,0,0,TRANSIENT
CARD,FRAUD_SUSPECTED,10252,3,2,0.18,2,0,0,RISK
UPI,EXPIRED_CARD,13719,3,0,0.43,11,1,0,PERMANENT
NETBANKING,GATEWAY_TIMEOUT,23140,3,1,0.44,20,1,0,TRANSIENT
UPI,INVALID_ACCOUNT,24203,4,4,0.26,1,1,0,PERMANENT
UPI,NETWORK_ERROR,30955,1,1,0.2,6,1,0,TRANSIENT
CARD,INSUFFICIENT_FUNDS,34801,1,5,0.39,4,1,1,CUSTOMER_ACTION
UPI,CARD_DECLINED,16080,2,3,0.07,14,1,1,CUSTOMER_ACTION
NETBANKING,FRAUD_SUSPECTED,22103,1,4,0.32,9,1,1,RISK
NETBANKING,INVALID_ACCOUNT,45057,2,4,0.15,19,0,0,PERMANENT
CARD,CARD_DECLINED,22813,4,1,0.49,23,1,1,CUSTOMER_ACTION
NETBANKING,FRAUD_SUSPECTED,21748,2,3,0.33,14,0,0,RISK
UPI,BANK_TIMEOUT,26106,1,5,0.36,6,0,1,TRANSIENT
CARD,INVALID_CARD,16046,3,0,0.46,17,0,0,PERMANENT
NETBANKING,INSUFFICIENT_FUNDS,20999,1,4,0.02,12,1,1,CUSTOMER_ACTION
UPI,BANK_TIMEOUT,27846,2,4,0.04,3,0,1,TRANSIENT
UPI,INSUFFICIENT_FUNDS,23274,3,5,0.45,18,1,0,CUSTOMER_ACTION
UPI,FRAUD_SUSPECTED,17145,1,2,0.29,2,0,1,RISK
NETBANKING,INVALID_CARD,27640,2,1,0.36,11,0,1,PERMANENT
UPI,INVALID_CARD,26995,2,1,0.16,15,0,0,PERMANENT
NETBANKING,FRAUD_SUSPECTED,36161,2,3,0.48,3,0,1,RISK
UPI,NETWORK_ERROR,4363,1,4,0.15,2,1,1,TRANSIENT
CARD,INVALID_CARD,9009,1,0,0.29,19,1,1,PERMANENT
NETBANKING,CARD_DECLINED,26029,4,2,0.03,17,0,1,CUSTOMER_ACTION
NETBANKING,NETWORK_ERROR,44246,2,0,0.15,14,0,1,TRANSIENT
NETBANKING,INSUFFICIENT_FUNDS,45051,4,0,0.46,6,0,0,CUSTOMER_ACTION
UPI,GATEWAY_TIMEOUT,1814,1,2,0.42,23,1,0,TRANSIENT
CARD,INVALID_CARD,576,2,5,0.47,15,1,1,PERMANENT
UPI,EXPIRED_CARD,15241,2,3,0.12,3,1,0,PERMANENT
UPI,INSUFFICIENT_FUNDS,8959,4,5,0.34,10,1,0,CUSTOMER_ACTION
NETBANKING,NETWORK_ERROR,44059,2,4,0.35,9,1,1,TRANSIENT
NETBANKING,FRAUD_SUSPECTED,5691,4,2,0.19,8,1,0,RISK
NETBANKING,NETWORK_ERROR,37716,2,5,0.49,13,0,1,TRANSIENT
CARD,EXPIRED_CARD,23062,3,5,0.33,20,0,1,PERMANENT
NETBANKING,FRAUD_SUSPECTED,32398,3,0,0.02,23,1,1,RISK
NETBANKING,GATEWAY_TIMEOUT,3652,2,0,0.23,4,0,0,TRANSIENT
NETBANKING,CARD_DECLINED,46408,1,2,0.1,7,0,1,CUSTOMER_ACTION
CARD,ACCOUNT_BLOCKED,1304,1,0,0.05,12,0,0,PERMANENT
CARD,INSUFFICIENT_FUNDS,12262,1,3,0.09,5,1,0,CUSTOMER_ACTION
CARD,INSUFFICIENT_FUNDS,48809,3,1,0.38,12,0,0,CUSTOMER_ACTION
UPI,NETWORK_ERROR,19291,1,4,0.48,6,0,0,TRANSIENT
UPI,NETWORK_ERROR,45391,4,0,0.31,18,1,1,TRANSIENT
UPI,INVALID_ACCOUNT,22018,1,4,0.34,18,1,0,PERMANENT
NETBANKING,GATEWAY_TIMEOUT,861,1,2,0.21,14,0,1,TRANSIENT
UPI,CARD_DECLINED,24007,3,0,0.24,13,0,1,CUSTOMER_ACTION
UPI,CARD_DECLINED,15816,1,1,0.36,16,1,1,CUSTOMER_ACTION
CARD,BANK_TIMEOUT,27245,3,5,0.22,5,1,0,TRANSIENT
CARD,CARD_DECLINED,28955,4,2,0.05,9,0,1,CUSTOMER_ACTION
CARD,INVALID_CARD,22194,2,1,0.07,15,1,1,PERMANENT
UPI,CARD_DECLINED,20803,4,4,0.32,16,0,1,CUSTOMER_ACTION
CARD,INSUFFICIENT_FUNDS,7039,3,0,0.06,8,0,1,CUSTOMER_ACTION
CARD,BANK_TIMEOUT,46087,3,2,0.44,13,1,0,TRANSIENT
UPI,GATEWAY_TIMEOUT,29176,1,5,0.24,22,1,0,TRANSIENT
CARD,GATEWAY_TIMEOUT,26464,3,2,0.45,10,0,1,TRANSIENT
UPI,INVALID_CARD,16757,1,0,0.33,2,1,1,PERMANENT
UPI,NETWORK_ERROR,25459,1,1,0.33,1,0,0,TRANSIENT
UPI,CARD_DECLINED,34982,2,0,0.34,16,0,1,CUSTOMER_ACTION
UPI,INSUFFICIENT_FUNDS,20933,4,4,0.2,13,1,0,CUSTOMER_ACTION
NETBANKING,BANK_TIMEOUT,4282,3,2,0.43,12,0,1,TRANSIENT
UPI,CARD_DECLINED,8159,4,2,0.11,22,0,1,CUSTOMER_ACTION
CARD,BANK_TIMEOUT,31100,3,2,0.33,13,0,1,TRANSIENT
UPI,INSUFFICIENT_FUNDS,4192,4,2,0.07,2,0,1,CUSTOMER_ACTION
UPI,FRAUD_SUSPECTED,14800,3,0,0.32,10,0,0,RISK
CARD,FRAUD_SUSPECTED,20979,2,0,0.42,15,1,1,RISK
UPI,FRAUD_SUSPECTED,49989,2,0,0.47,8,1,0,RISK
CARD,INVALID_CARD,42408,3,0,0.06,6,1,0,PERMANENT
NETBANKING,CARD_DECLINED,27971,2,5,0.06,21,0,1,CUSTOMER_ACTION
CARD,GATEWAY_TIMEOUT,35196,4,4,0.42,23,1,1,TRANSIENT
UPI,INVALID_CARD,36631,2,0,0.14,22,1,1,PERMANENT
CARD,FRAUD_SUSPECTED,32757,2,1,0.14,7,1,1,RISK
NETBANKING,CARD_DECLINED,31414,1,0,0.34,16,1,0,CUSTOMER_ACTION
UPI,FRAUD_SUSPECTED,43731,4,2,0.03,0,0,1,RISK
NETBANKING,BANK_TIMEOUT,7674,3,4,0.2,18,1,1,TRANSIENT
NETBANKING,GATEWAY_TIMEOUT,23592,2,4,0.02,23,1,0,TRANSIENT
NETBANKING,FRAUD_SUSPECTED,10137,1,4,0.14,23,0,1,RISK
CARD,INVALID_CARD,13566,2,2,0.05,20,0,0,PERMANENT
UPI,FRAUD_SUSPECTED,45319,4,1,0.37,16,0,0,RISK
UPI,EXPIRED_CARD,8143,2,5,0.41,14,1,0,PERMANENT
UPI,INSUFFICIENT_FUNDS,15921,1,1,0.17,15,1,0,CUSTOMER_ACTION
NETBANKING,FRAUD_SUSPECTED,46528,2,4,0.43,13,0,1,RISK
NETBANKING,CARD_DECLINED,7710,3,0,0.1,5,1,1,CUSTOMER_ACTION
UPI,INSUFFICIENT_FUNDS,20779,4,1,0.35,8,0,0,CUSTOMER_ACTION
UPI,FRAUD_SUSPECTED,40024,3,1,0.03,19,0,1,RISK
CARD,FRAUD_SUSPECTED,42664,4,0,0.31,19,1,0,RISK
NETBANKING,FRAUD_SUSPECTED,21680,2,5,0.48,10,0,0,RISK
NETBANKING,FRAUD_SUSPECTED,48543,4,3,0.31,22,0,1,RISK
CARD,FRAUD_SUSPECTED,13918,4,4,0.18,4,0,0,RISK
UPI,INVALID_CARD,38307,2,0,0.13,3,0,0,PERMANENT
UPI,INSUFFICIENT_FUNDS,7106,1,3,0.17,11,0,0,CUSTOMER_ACTION
NETBANKING,FRAUD_SUSPECTED,18379,3,5,0.37,3,0,0,RISK
UPI,INSUFFICIENT_FUNDS,15051,2,0,0.28,7,1,1,CUSTOMER_ACTION
NETBANKING,GATEWAY_TIMEOUT,20049,2,4,0.42,3,0,1,TRANSIENT
CARD,GATEWAY_TIMEOUT,36921,4,4,0.11,19,0,0,TRANSIENT
CARD,INSUFFICIENT_FUNDS,48636,2,1,0.19,1,0,0,CUSTOMER_ACTION
CARD,INVALID_CARD,7093,2,0,0.46,17,1,1,PERMANENT
UPI,INSUFFICIENT_FUNDS,29215,3,5,0.22,23,0,0,CUSTOMER_ACTION
UPI,BANK_TIMEOUT,29288,1,5,0.13,8,1,0,TRANSIENT
CARD,FRAUD_SUSPECTED,20323,1,3,0.43,0,0,1,RISK
CARD,CARD_DECLINED,42699,2,1,0.46,17,0,0,CUSTOMER_ACTION
NETBANKING,GATEWAY_TIMEOUT,11843,2,4,0.5,1,0,1,TRANSIENT
NETBANKING,ACCOUNT_BLOCKED,36363,2,2,0.26,23,1,0,PERMANENT
CARD,INVALID_CARD,28029,3,0,0.17,7,0,0,PERMANENT
CARD,INVALID_CARD,27033,4,5,0.45,1,1,0,PERMANENT
UPI,INSUFFICIENT_FUNDS,37656,1,5,0.22,2,0,1,CUSTOMER_ACTION
UPI,FRAUD_SUSPECTED,39091,2,3,0.11,3,0,1,RISK
CARD,BANK_TIMEOUT,32402,1,3,0.01,6,1,0,TRANSIENT
UPI,NETWORK_ERROR,35388,2,0,0.45,9,1,0,TRANSIENT
UPI,NETWORK_ERROR,6424,4,1,0.42,14,1,0,TRANSIENT
NETBANKING,FRAUD_SUSPECTED,17795,4,1,0.08,10,0,1,RISK
NETBANKING,FRAUD_SUSPECTED,43391,1,2,0.36,7,1,1,RISK
UPI,BANK_TIMEOUT,29610,2,5,0.37,19,1,1,TRANSIENT
CARD,BANK_TIMEOUT,45668,3,0,0.46,17,0,1,TRANSIENT
CARD,FRAUD_SUSPECTED,28636,3,5,0.23,23,0,1,RISK
UPI,FRAUD_SUSPECTED,2303,3,2,0.04,20,1,0,RISK
CARD,FRAUD_SUSPECTED,31842,3,0,0.29,5,0,0,RISK
CARD,ACCOUNT_BLOCKED,39514,2,0,0.46,0,0,0,PERMANENT
CARD,FRAUD_SUSPECTED,2280,3,5,0.32,1,1,1,RISK
UPI,GATEWAY_TIMEOUT,16801,3,3,0.19,16,1,0,TRANSIENT
UPI,BANK_TIMEOUT,19354,1,0,0.15,13,1,1,TRANSIENT
CARD,FRAUD_SUSPECTED,34730,2,2,0.37,17,1,1,RISK
CARD,CARD_DECLINED,1340,3,4,0.29,4,1,1,CUSTOMER_ACTION
CARD,EXPIRED_CARD,29164,4,0,0.05,6,0,1,PERMANENT
UPI,FRAUD_SUSPECTED,33336,1,1,0.34,3,1,1,RISK
UPI,CARD_DECLINED,36595,1,2,0.29,19,0,1,CUSTOMER_ACTION
CARD,INSUFFICIENT_FUNDS,1511,4,0,0.39,8,0,1,CUSTOMER_ACTION
CARD,FRAUD_SUSPECTED,47399,4,1,0.41,3,0,0,RISK
UPI,INSUFFICIENT_FUNDS,38368,4,3,0.24,5,1,1,CUSTOMER_ACTION
CARD,INVALID_CARD,33516,3,2,0.15,18,1,1,PERMANENT
CARD,FRAUD_SUSPECTED,44873,3,0,0.47,17,0,0,RISK
UPI,BANK_TIMEOUT,29193,2,2,0.47,21,1,1,TRANSIENT
NETBANKING,CARD_DECLINED,47091,3,4,0.06,8,1,1,CUSTOMER_ACTION
NETBANKING,BANK_TIMEOUT,43389,3,3,0.18,17,1,1,TRANSIENT
NETBANKING,INSUFFICIENT_FUNDS,49171,3,4,0.37,16,1,0,CUSTOMER_ACTION
CARD,EXPIRED_CARD,26137,4,3,0.4,18,1,0,PERMANENT
CARD,INVALID_CARD,16368,3,1,0.18,18,0,1,PERMANENT
UPI,NETWORK_ERROR,35373,4,2,0.23,14,1,1,TRANSIENT
NETBANKING,INVALID_CARD,40117,1,4,0.07,6,1,0,PERMANENT
UPI,INVALID_ACCOUNT,22546,2,0,0.23,18,1,0,PERMANENT
CARD,FRAUD_SUSPECTED,20977,1,0,0.32,20,1,0,RISK
UPI,ACCOUNT_BLOCKED,43456,3,2,0.39,15,1,0,PERMANENT
CARD,FRAUD_SUSPECTED,29609,4,0,0.08,11,0,0,RISK
CARD,FRAUD_SUSPECTED,16880,3,0,0.32,19,1,1,RISK
CARD,FRAUD_SUSPECTED,25622,2,3,0.14,8,1,1,RISK
NETBANKING,FRAUD_SUSPECTED,43950,4,3,0.47,21,1,0,RISK
NETBANKING,CARD_DECLINED,17892,2,0,0.36,10,0,1,CUSTOMER_ACTION
NETBANKING,INSUFFICIENT_FUNDS,29546,2,3,0.46,15,0,0,CUSTOMER_ACTION
NETBANKING,ACCOUNT_BLOCKED,21529,4,0,0.47,17,1,0,PERMANENT
UPI,ACCOUNT_BLOCKED,15484,4,3,0.41,17,0,0,PERMANENT
NETBANKING,ACCOUNT_BLOCKED,20169,3,4,0.09,19,1,0,PERMANENT
UPI,FRAUD_SUSPECTED,31684,4,0,0.22,7,1,1,RISK
UPI,INVALID_ACCOUNT,18331,4,0,0.22,9,0,0,PERMANENT
NETBANKING,EXPIRED_CARD,28170,3,0,0.43,21,1,0,PERMANENT
CARD,FRAUD_SUSPECTED,2464,1,3,0.31,11,1,1,RISK
NETBANKING,NETWORK_ERROR,33498,2,1,0.04,21,0,0,TRANSIENT
UPI,BANK_TIMEOUT,49528,3,5,0.29,4,0,1,TRANSIENT
UPI,FRAUD_SUSPECTED,28424,2,2,0.32,3,0,0,RISK
NETBANKING,INVALID_ACCOUNT,40284,1,0,0.33,5,1,1,PERMANENT
UPI,FRAUD_SUSPECTED,4567,1,4,0.09,14,0,1,RISK
NETBANKING,INVALID_ACCOUNT,22964,1,0,0.33,0,0,0,PERMANENT
NETBANKING,NETWORK_ERROR,25316,4,5,0.22,18,1,0,TRANSIENT
UPI,CARD_DECLINED,36644,2,5,0.25,21,1,0,CUSTOMER_ACTION
UPI,FRAUD_SUSPECTED,31166,4,1,0.16,17,1,0,RISK
NETBANKING,INSUFFICIENT_FUNDS,11851,4,3,0.4,21,0,1,CUSTOMER_ACTION
CARD,INSUFFICIENT_FUNDS,10479,3,0,0.47,10,1,0,CUSTOMER_ACTION
CARD,CARD_DECLINED,40561,2,2,0.43,20,1,0,CUSTOMER_ACTION
CARD,EXPIRED_CARD,36692,4,5,0.25,7,1,0,PERMANENT
CARD,CARD_DECLINED,10962,4,3,0.14,17,1,0,CUSTOMER_ACTION
UPI,NETWORK_ERROR,29139,4,5,0.44,5,1,1,TRANSIENT
NETBANKING,FRAUD_SUSPECTED,18561,1,5,0.17,7,0,0,RISK
CARD,INSUFFICIENT_FUNDS,1423,3,0,0.36,0,1,0,CUSTOMER_ACTION
NETBANKING,BANK_TIMEOUT,18438,2,5,0.13,1,0,1,TRANSIENT
NETBANKING,FRAUD_SUSPECTED,6633,3,4,0.2,11,1,0,RISK
UPI,GATEWAY_TIMEOUT,24350,2,0,0.33,0,0,1,TRANSIENT
CARD,FRAUD_SUSPECTED,29127,2,0,0.41,15,0,0,RISK
NETBANKING,GATEWAY_TIMEOUT,30323,3,4,0.1,14,1,1,TRANSIENT
UPI,NETWORK_ERROR,546,2,0,0.36,22,1,0,TRANSIENT
UPI,EXPIRED_CARD,39130,4,5,0.33,2,0,0,PERMANENT
CARD,FRAUD_SUSPECTED,10355,1,4,0.31,5,0,1,RISK
CARD,BANK_TIMEOUT,5168,2,4,0.2,8,1,1,TRANSIENT
NETBANKING,BANK_TIMEOUT,20618,1,2,0.13,17,0,1,TRANSIENT
UPI,INVALID_CARD,36610,1,0,0.48,10,0,0,PERMANENT
UPI,FRAUD_SUSPECTED,46481,1,4,0.47,19,1,0,RISK
CARD,CARD_DECLINED,39449,2,5,0.43,15,1,1,CUSTOMER_ACTION
CARD,INVALID_CARD,16921,3,3,0.08,15,1,0,PERMANENT
UPI,FRAUD_SUSPECTED,20390,4,2,0.38,12,1,1,RISK
CARD,GATEWAY_TIMEOUT,22219,3,0,0.37,5,1,1,TRANSIENT
CARD,BANK_TIMEOUT,36915,1,3,0.04,17,0,0,TRANSIENT
CARD,INVALID_ACCOUNT,32219,1,4,0.09,15,1,1,PERMANENT
CARD,NETWORK_ERROR,48211,3,0,0.45,8,0,1,TRANSIENT
CARD,CARD_DECLINED,41332,1,4,0.27,22,1,0,CUSTOMER_ACTION
UPI,NETWORK_ERROR,14998,4,5,0.26,13,0,1,TRANSIENT
UPI,FRAUD_SUSPECTED,19322,2,2,0.04,23,0,1,RISK
CARD,INSUFFICIENT_FUNDS,25144,1,3,0.33,1,1,0,CUSTOMER_ACTION
CARD,FRAUD_SUSPECTED,23689,4,1,0.34,7,1,1,RISK
NETBANKING,INVALID_CARD,3204,3,2,0.07,14,0,1,PERMANENT
CARD,BANK_TIMEOUT,28439,1,0,0.35,14,1,0,TRANSIENT
CARD,BANK_TIMEOUT,31115,3,1,0.26,11,1,1,TRANSIENT
NETBANKING,INVALID_CARD,41068,4,3,0.25,1,1,1,PERMANENT
NETBANKING,EXPIRED_CARD,6151,2,1,0.28,7,1,0,PERMANENT
UPI,FRAUD_SUSPECTED,41721,2,0,0.19,14,0,1,RISK
UPI,EXPIRED_CARD,27810,4,2,0.39,1,0,0,PERMANENT
NETBANKING,NETWORK_ERROR,38372,3,2,0.35,20,1,0,TRANSIENT
NETBANKING,BANK_TIMEOUT,10924,3,3,0.4,1,0,1,TRANSIENT
UPI,GATEWAY_TIMEOUT,36757,1,1,0.19,21,0,0,TRANSIENT
NETBANKING,EXPIRED_CARD,3197,4,5,0.13,1,0,1,PERMANENT
NETBANKING,FRAUD_SUSPECTED,7021,3,0,0.2,12,0,1,RISK
NETBANKING,EXPIRED_CARD,26699,3,4,0.43,23,0,1,PERMANENT
CARD,BANK_TIMEOUT,16056,4,4,0.25,4,0,0,TRANSIENT
CARD,CARD_DECLINED,23665,1,4,0.5,0,1,1,CUSTOMER_ACTION
CARD,GATEWAY_TIMEOUT,36744,4,1,0.41,20,1,0,TRANSIENT
UPI,CARD_DECLINED,49558,1,0,0.32,13,1,1,CUSTOMER_ACTION
UPI,FRAUD_SUSPECTED,46729,2,0,0.38,8,1,0,RISK
NETBANKING,CARD_DECLINED,46929,4,0,0.36,19,1,0,CUSTOMER_ACTION
NETBANKING,INVALID_ACCOUNT,44876,2,3,0.19,0,1,1,PERMANENT
NETBANKING,INVALID_CARD,20736,2,0,0.14,0,0,1,PERMANENT
CARD,BANK_TIMEOUT,27982,3,2,0.07,6,0,0,TRANSIENT
UPI,FRAUD_SUSPECTED,40940,3,3,0.17,15,0,0,RISK
CARD,FRAUD_SUSPECTED,20249,1,3,0.09,5,1,0,RISK
CARD,EXPIRED_CARD,20726,2,1,0.02,22,0,1,PERMANENT
CARD,NETWORK_ERROR,3775,1,1,0.17,8,1,0,TRANSIENT
NETBANKING,NETWORK_ERROR,33532,4,5,0.38,11,0,1,TRANSIENT
NETBANKING,BANK_TIMEOUT,49001,1,4,0.32,2,0,1,TRANSIENT
UPI,NETWORK_ERROR,8434,1,5,0.47,0,1,1,TRANSIENT
NETBANKING,NETWORK_ERROR,24589,1,2,0.22,19,0,0,TRANSIENT
CARD,CARD_DECLINED,45985,2,3,0.29,18,1,1,CUSTOMER_ACTION
NETBANKING,CARD_DECLINED,13408,1,4,0.47,21,1,0,CUSTOMER_ACTION
CARD,INSUFFICIENT_FUNDS,3457,3,3,0.11,1,1,0,CUSTOMER_ACTION
UPI,CARD_DECLINED,13442,4,1,0.31,9,0,0,CUSTOMER_ACTION
NETBANKING,FRAUD_SUSPECTED,14637,4,3,0.29,6,1,1,RISK
CARD,CARD_DECLINED,44532,2,0,0.33,23,1,1,CUSTOMER_ACTION
NETBANKING,FRAUD_SUSPECTED,49948,1,2,0.03,17,1,0,RISK
NETBANKING,FRAUD_SUSPECTED,15350,1,4,0.23,17,1,1,RISK
NETBANKING,INSUFFICIENT_FUNDS,49884,1,1,0.11,8,0,0,CUSTOMER_ACTION
NETBANKING,INSUFFICIENT_FUNDS,34057,2,0,0.33,12,0,0,CUSTOMER_ACTION
NETBANKING,FRAUD_SUSPECTED,47697,2,3,0.02,0,0,1,RISK
CARD,CARD_DECLINED,28197,3,3,0.03,15,0,1,CUSTOMER_ACTION
UPI,GATEWAY_TIMEOUT,30515,3,3,0.37,19,1,1,TRANSIENT
NETBANKING,CARD_DECLINED,1996,3,1,0.49,15,0,0,CUSTOMER_ACTION
UPI,INSUFFICIENT_FUNDS,2928,4,0,0.06,18,0,1,CUSTOMER_ACTION
UPI,ACCOUNT_BLOCKED,41446,4,2,0.06,22,1,0,PERMANENT
NETBANKING,BANK_TIMEOUT,33327,4,1,0.21,16,0,0,TRANSIENT
UPI,ACCOUNT_BLOCKED,1002,4,3,0.43,16,0,0,PERMANENT
CARD,INVALID_CARD,47738,2,2,0.09,21,1,1,PERMANENT
CARD,FRAUD_SUSPECTED,35878,1,5,0.23,4,0,1,RISK
NETBANKING,GATEWAY_TIMEOUT,40053,4,4,0.23,6,0,0,TRANSIENT
UPI,GATEWAY_TIMEOUT,17427,1,4,0.28,11,1,1,TRANSIENT
CARD,INVALID_CARD,35095,2,1,0.13,10,1,1,PERMANENT
UPI,CARD_DECLINED,12079,1,1,0.04,16,0,1,CUSTOMER_ACTION
CARD,ACCOUNT_BLOCKED,3777,3,5,0.31,18,1,1,PERMANENT
NETBANKING,INSUFFICIENT_FUNDS,32782,1,5,0.11,16,0,1,CUSTOMER_ACTION
UPI,CARD_DECLINED,8404,4,5,0.44,16,1,0,CUSTOMER_ACTION
CARD,FRAUD_SUSPECTED,21073,4,4,0.48,3,0,1,RISK
CARD,INSUFFICIENT_FUNDS,11050,1,3,0.34,12,0,1,CUSTOMER_ACTION
NETBANKING,INVALID_ACCOUNT,16617,2,1,0.42,15,0,1,PERMANENT
CARD,INSUFFICIENT_FUNDS,42651,4,3,0.22,1,1,0,CUSTOMER_ACTION
NETBANKING,INVALID_ACCOUNT,26378,3,0,0.38,10,1,1,PERMANENT
CARD,FRAUD_SUSPECTED,9203,1,4,0.31,15,1,1,RISK
CARD,FRAUD_SUSPECTED,22618,3,1,0.14,17,1,1,RISK
NETBANKING,EXPIRED_CARD,11808,1,3,0.09,22,1,1,PERMANENT
CARD,FRAUD_SUSPECTED,43760,1,0,0.16,8,0,0,RISK
NETBANKING,CARD_DECLINED,15395,4,5,0.27,6,0,0,CUSTOMER_ACTION
UPI,CARD_DECLINED,10266,3,5,0.44,13,1,0,CUSTOMER_ACTION
UPI,ACCOUNT_BLOCKED,4058,2,2,0.21,15,1,0,PERMANENT
CARD,FRAUD_SUSPECTED,42817,1,5,0.16,18,0,1,RISK
UPI,CARD_DECLINED,41184,3,0,0.33,1,0,0,CUSTOMER_ACTION
CARD,CARD_DECLINED,18801,4,5,0.42,18,1,0,CUSTOMER_ACTION
NETBANKING,FRAUD_SUSPECTED,5577,1,0,0.3,13,1,1,RISK
CARD,FRAUD_SUSPECTED,20480,2,0,0.04,15,1,1,RISK
NETBANKING,CARD_DECLINED,19637,2,0,0.46,10,0,0,CUSTOMER_ACTION
NETBANKING,FRAUD_SUSPECTED,13043,1,3,0.39,6,0,0,RISK
CARD,ACCOUNT_BLOCKED,26305,1,0,0.38,1,1,0,PERMANENT
UPI,NETWORK_ERROR,14085,3,0,0.32,11,0,0,TRANSIENT
UPI,INVALID_ACCOUNT,9779,4,3,0.45,8,0,1,PERMANENT
CARD,FRAUD_SUSPECTED,9284,4,5,0.35,11,0,1,RISK
CARD,CARD_DECLINED,32235,3,0,0.05,13,0,0,CUSTOMER_ACTION
UPI,FRAUD_SUSPECTED,47092,4,2,0.19,20,1,1,RISK
CARD,INSUFFICIENT_FUNDS,47524,1,5,0.18,10,0,0,CUSTOMER_ACTION
UPI,INSUFFICIENT_FUNDS,26272,3,5,0.12,21,0,0,CUSTOMER_ACTION
NETBANKING,ACCOUNT_BLOCKED,18400,3,5,0.39,7,0,0,PERMANENT
NETBANKING,FRAUD_SUSPECTED,30020,4,3,0.35,23,1,0,RISK
CARD,FRAUD_SUSPECTED,8585,3,5,0.32,12,1,1,RISK
NETBANKING,INSUFFICIENT_FUNDS,19486,1,4,0.4,13,1,0,CUSTOMER_ACTION
NETBANKING,BANK_TIMEOUT,37606,4,4,0.15,5,0,0,TRANSIENT
NETBANKING,NETWORK_ERROR,17117,2,0,0.07,4,1,1,TRANSIENT
UPI,FRAUD_SUSPECTED,11892,3,4,0.3,0,1,1,RISK
CARD,INVALID_CARD,34754,3,1,0.14,11,1,1,PERMANENT
UPI,GATEWAY_TIMEOUT,14711,3,1,0.46,8,0,1,TRANSIENT
UPI,GATEWAY_TIMEOUT,27258,2,0,0.47,7,1,1,TRANSIENT
CARD,CARD_DECLINED,35481,3,2,0.31,23,1,0,CUSTOMER_ACTION
NETBANKING,BANK_TIMEOUT,10817,1,5,0.06,2,0,1,TRANSIENT
UPI,FRAUD_SUSPECTED,43354,1,2,0.14,15,0,1,RISK
CARD,INVALID_CARD,3916,3,0,0.23,19,1,0,PERMANENT
CARD,EXPIRED_CARD,43925,2,1,0.23,5,1,0,PERMANENT
CARD,CARD_DECLINED,29788,2,0,0.48,15,0,1,CUSTOMER_ACTION
CARD,INVALID_CARD,33747,2,3,0.31,16,1,1,PERMANENT
NETBANKING,FRAUD_SUSPECTED,42814,2,4,0.3,13,0,1,RISK
CARD,GATEWAY_TIMEOUT,23820,3,2,0.06,21,0,1,TRANSIENT
NETBANKING,EXPIRED_CARD,10951,4,1,0.37,0,0,1,PERMANENT
CARD,FRAUD_SUSPECTED,39636,3,1,0.25,9,1,1,RISK
NETBANKING,NETWORK_ERROR,21824,2,1,0.48,2,1,0,TRANSIENT
UPI,GATEWAY_TIMEOUT,42118,3,3,0.17,12,0,1,TRANSIENT
CARD,NETWORK_ERROR,23743,1,1,0.07,0,0,0,TRANSIENT
NETBANKING,CARD_DECLINED,27897,3,5,0.31,18,1,1,CUSTOMER_ACTION
CARD,BANK_TIMEOUT,8005,2,2,0.12,20,0,1,TRANSIENT
NETBANKING,INSUFFICIENT_FUNDS,45986,1,2,0.45,15,1,0,CUSTOMER_ACTION
NETBANKING,CARD_DECLINED,37818,2,5,0.44,15,1,1,CUSTOMER_ACTION
CARD,INSUFFICIENT_FUNDS,33891,4,2,0.11,2,1,0,CUSTOMER_ACTION
NETBANKING,FRAUD_SUSPECTED,32343,2,5,0.02,10,1,0,RISK
NETBANKING,NETWORK_ERROR,19746,3,5,0.31,3,1,1,TRANSIENT
UPI,FRAUD_SUSPECTED,41583,3,5,0.11,8,0,0,RISK
NETBANKING,ACCOUNT_BLOCKED,4979,3,3,0.43,7,1,1,PERMANENT
CARD,GATEWAY_TIMEOUT,3952,3,5,0.06,17,0,1,TRANSIENT
UPI,GATEWAY_TIMEOUT,2100,2,0,0.33,13,1,0,TRANSIENT
CARD,NETWORK_ERROR,38048,1,2,0.15,23,1,1,TRANSIENT
NETBANKING,INVALID_CARD,26850,4,5,0.23,12,0,0,PERMANENT
NETBANKING,FRAUD_SUSPECTED,17815,2,2,0.5,2,0,0,RISK
CARD,INVALID_ACCOUNT,29827,4,5,0.16,11,1,1,PERMANENT
UPI,FRAUD_SUSPECTED,47621,2,4,0.33,15,1,0,RISK
UPI,NETWORK_ERROR,28491,3,4,0.02,23,0,0,TRANSIENT
NETBANKING,INSUFFICIENT_FUNDS,19561,4,5,0.1,9,1,0,CUSTOMER_ACTION
CARD,INVALID_CARD,22016,2,3,0.12,0,1,0,PERMANENT
NETBANKING,FRAUD_SUSPECTED,39186,1,3,0.36,2,1,0,RISK
NETBANKING,INSUFFICIENT_FUNDS,42655,4,0,0.18,1,1,0,CUSTOMER_ACTION
CARD,NETWORK_ERROR,8079,4,4,0.04,13,1,0,TRANSIENT
CARD,FRAUD_SUSPECTED,7860,1,3,0.33,18,1,1,RISK
UPI,EXPIRED_CARD,39056,3,3,0.23,18,1,0,PERMANENT
NETBANKING,INVALID_ACCOUNT,27637,1,1,0.08,16,0,0,PERMANENT
NETBANKING,INVALID_ACCOUNT,30842,4,4,0.27,16,0,1,PERMANENT
CARD,CARD_DECLINED,40845,4,4,0.37,17,1,0,CUSTOMER_ACTION
NETBANKING,INVALID_ACCOUNT,12381,2,0,0.44,1,1,0,PERMANENT
CARD,FRAUD_SUSPECTED,21920,3,0,0.07,6,0,1,RISK
NETBANKING,EXPIRED_CARD,43214,1,0,0.42,12,1,0,PERMANENT
NETBANKING,FRAUD_SUSPECTED,10545,2,2,0.38,12,1,0,RISK
UPI,CARD_DECLINED,27634,3,0,0.29,21,0,0,CUSTOMER_ACTION
NETBANKING,NETWORK_ERROR,26859,2,3,0.49,2,0,0,TRANSIENT
UPI,NETWORK_ERROR,33697,1,5,0.13,18,0,0,TRANSIENT
NETBANKING,FRAUD_SUSPECTED,3256,3,3,0.37,9,1,0,RISK
CARD,FRAUD_SUSPECTED,6538,2,4,0.13,4,1,0,RISK
NETBANKING,GATEWAY_TIMEOUT,10620,4,4,0.3,0,1,0,TRANSIENT
CARD,INVALID_CARD,20304,1,3,0.45,13,1,0,PERMANENT
CARD,NETWORK_ERROR,44981,2,4,0.15,0,1,1,TRANSIENT
UPI,GATEWAY_TIMEOUT,22532,3,4,0.09,21,0,1,TRANSIENT
NETBANKING,ACCOUNT_BLOCKED,44937,3,5,0.25,9,0,0,PERMANENT
UPI,INSUFFICIENT_FUNDS,5573,3,0,0.38,16,1,0,CUSTOMER_ACTION
NETBANKING,INVALID_ACCOUNT,36694,4,1,0.39,21,1,1,PERMANENT
CARD,ACCOUNT_BLOCKED,42388,1,4,0.14,11,0,0,PERMANENT
NETBANKING,FRAUD_SUSPECTED,37625,1,0,0.01,12,0,0,RISK
UPI,FRAUD_SUSPECTED,29136,4,5,0.38,1,1,1,RISK
NETBANKING,CARD_DECLINED,11392,2,4,0.33,11,1,1,CUSTOMER_ACTION
CARD,CARD_DECLINED,35372,2,0,0.13,20,0,0,CUSTOMER_ACTION
NETBANKING,NETWORK_ERROR,22308,4,3,0.3,3,1,0,TRANSIENT
CARD,CARD_DECLINED,16380,2,1,0.24,0,0,1,CUSTOMER_ACTION
CARD,INSUFFICIENT_FUNDS,21046,2,2,0.08,22,0,0,CUSTOMER_ACTION
CARD,FRAUD_SUSPECTED,45887,2,0,0.37,18,1,1,RISK
CARD,INVALID_ACCOUNT,10964,1,3,0.11,7,1,0,PERMANENT
NETBANKING,NETWORK_ERROR,17075,3,2,0.36,1,1,0,TRANSIENT
CARD,FRAUD_SUSPECTED,44581,2,4,0.2,11,1,1,RISK
NETBANKING,INSUFFICIENT_FUNDS,49196,4,0,0.39,5,1,1,CUSTOMER_ACTION
UPI,CARD_DECLINED,34413,1,2,0.18,4,0,1,CUSTOMER_ACTION
NETBANKING,INSUFFICIENT_FUNDS,43641,1,3,0.5,11,0,0,CUSTOMER_ACTION
UPI,NETWORK_ERROR,8991,4,5,0.02,6,1,0,TRANSIENT
CARD,FRAUD_SUSPECTED,22216,4,5,0.28,22,1,0,RISK
UPI,INVALID_CARD,28908,4,0,0.27,22,1,0,PERMANENT
UPI,INSUFFICIENT_FUNDS,46267,2,5,0.39,7,1,1,CUSTOMER_ACTION
UPI,INVALID_ACCOUNT,49872,4,3,0.14,9,1,0,PERMANENT
CARD,CARD_DECLINED,10237,2,1,0.02,21,0,1,CUSTOMER_ACTION
NETBANKING,INVALID_ACCOUNT,17717,2,4,0.29,23,1,0,PERMANENT
CARD,INSUFFICIENT_FUNDS,5026,4,0,0.46,13,0,1,CUSTOMER_ACTION
UPI,FRAUD_SUSPECTED,25287,2,4,0.36,19,0,0,RISK
NETBANKING,EXPIRED_CARD,33936,4,0,0.16,5,1,1,PERMANENT
UPI,INVALID_CARD,16186,4,5,0.1,0,1,1,PERMANENT
UPI,FRAUD_SUSPECTED,20807,1,5,0.29,19,1,0,RISK
CARD,INSUFFICIENT_FUNDS,11117,1,5,0.48,17,1,0,CUSTOMER_ACTION
UPI,BANK_TIMEOUT,30272,1,2,0.3,5,0,1,TRANSIENT
CARD,BANK_TIMEOUT,33611,1,4,0.33,17,1,1,TRANSIENT
CARD,FRAUD_SUSPECTED,8903,1,1,0.1,22,1,1,RISK
NETBANKING,EXPIRED_CARD,14757,1,5,0.3,21,0,1,PERMANENT
NETBANKING,CARD_DECLINED,15873,1,4,0.49,18,1,1,CUSTOMER_ACTION
UPI,INVALID_ACCOUNT,7783,1,4,0.38,1,0,1,PERMANENT
UPI,FRAUD_SUSPECTED,39315,1,5,0.48,7,0,0,RISK
CARD,CARD_DECLINED,40674,4,2,0.2,6,0,0,CUSTOMER_ACTION
UPI,INSUFFICIENT_FUNDS,4829,4,4,0.07,0,1,0,CUSTOMER_ACTION
CARD,INSUFFICIENT_FUNDS,20725,1,0,0.27,19,0,0,CUSTOMER_ACTION
UPI,EXPIRED_CARD,17251,1,3,0.18,14,0,1,PERMANENT
NETBANKING,GATEWAY_TIMEOUT,6845,1,4,0.18,3,0,0,TRANSIENT
NETBANKING,NETWORK_ERROR,43275,2,2,0.04,12,0,0,TRANSIENT
UPI,INSUFFICIENT_FUNDS,14211,4,0,0.1,18,0,1,CUSTOMER_ACTION
CARD,BANK_TIMEOUT,25538,4,0,0.43,7,1,0,TRANSIENT
UPI,ACCOUNT_BLOCKED,32273,2,0,0.32,9,1,0,PERMANENT
NETBANKING,NETWORK_ERROR,13515,3,1,0.13,6,1,0,TRANSIENT
NETBANKING,NETWORK_ERROR,12387,4,1,0.17,2,0,1,TRANSIENT
UPI,FRAUD_SUSPECTED,31907,2,0,0.44,11,0,1,RISK
UPI,BANK_TIMEOUT,43191,2,0,0.3,14,0,0,TRANSIENT
UPI,CARD_DECLINED,31410,3,0,0.32,6,1,1,CUSTOMER_ACTION
UPI,INVALID_ACCOUNT,15599,1,1,0.4,7,1,1,PERMANENT
UPI,FRAUD_SUSPECTED,39750,1,4,0.17,16,0,0,RISK
CARD,GATEWAY_TIMEOUT,6782,4,1,0.34,15,1,0,TRANSIENT
CARD,GATEWAY_TIMEOUT,28314,2,5,0.07,12,1,0,TRANSIENT
NETBANKING,BANK_TIMEOUT,16855,3,2,0.26,21,1,1,TRANSIENT
UPI,FRAUD_SUSPECTED,6501,1,5,0.46,0,0,0,RISK
UPI,INSUFFICIENT_FUNDS,24695,3,0,0.3,17,0,1,CUSTOMER_ACTION
UPI,GATEWAY_TIMEOUT,31990,3,0,0.23,10,0,0,TRANSIENT
CARD,ACCOUNT_BLOCKED,41649,3,0,0.15,3,1,0,PERMANENT
UPI,CARD_DECLINED,48162,4,2,0.22,23,1,0,CUSTOMER_ACTION
UPI,BANK_TIMEOUT,16948,4,0,0.45,7,1,1,TRANSIENT
CARD,CARD_DECLINED,24780,3,0,0.13,4,1,0,CUSTOMER_ACTION
CARD,INVALID_ACCOUNT,14379,1,2,0.19,11,1,0,PERMANENT
UPI,BANK_TIMEOUT,41265,1,3,0.36,11,1,1,TRANSIENT
CARD,CARD_DECLINED,16764,2,3,0.35,18,1,0,CUSTOMER_ACTION
UPI,INVALID_CARD,40090,1,4,0.27,5,1,1,PERMANENT
NETBANKING,GATEWAY_TIMEOUT,7730,3,5,0.22,9,1,0,TRANSIENT
CARD,INSUFFICIENT_FUNDS,495,4,2,0.07,1,1,0,CUSTOMER_ACTION
CARD,INSUFFICIENT_FUNDS,11227,3,2,0.45,6,0,0,CUSTOMER_ACTION
CARD,FRAUD_SUSPECTED,27707,2,1,0.28,18,1,1,RISK
CARD,NETWORK_ERROR,17526,1,0,0.2,14,0,1,TRANSIENT
NETBANKING,FRAUD_SUSPECTED,7545,4,1,0.31,6,1,0,RISK
UPI,GATEWAY_TIMEOUT,38441,4,5,0.33,11,1,0,TRANSIENT
CARD,INSUFFICIENT_FUNDS,18770,4,2,0.36,15,1,1,CUSTOMER_ACTION
CARD,INVALID_ACCOUNT,11213,3,0,0.28,11,0,0,PERMANENT
NETBANKING,FRAUD_SUSPECTED,38133,2,2,0.24,0,0,1,RISK
UPI,BANK_TIMEOUT,34242,3,5,0.17,3,1,0,TRANSIENT
NETBANKING,CARD_DECLINED,21960,2,0,0.13,21,1,1,CUSTOMER_ACTION
UPI,GATEWAY_TIMEOUT,36983,1,2,0.1,6,0,1,TRANSIENT
CARD,INSUFFICIENT_FUNDS,32146,2,0,0.37,17,0,0,CUSTOMER_ACTION
UPI,CARD_DECLINED,6955,4,5,0.24,12,0,0,CUSTOMER_ACTION
UPI,GATEWAY_TIMEOUT,21620,1,3,0.44,18,1,0,TRANSIENT
CARD,FRAUD_SUSPECTED,49875,3,2,0.47,8,0,1,RISK
UPI,NETWORK_ERROR,33512,4,3,0.24,17,1,0,TRANSIENT
NETBANKING,GATEWAY_TIMEOUT,20902,3,3,0.25,19,1,1,TRANSIENT
UPI,CARD_DECLINED,48390,4,1,0.09,15,0,0,CUSTOMER_ACTION
CARD,FRAUD_SUSPECTED,49648,1,1,0.34,20,0,0,RISK
CARD,FRAUD_SUSPECTED,21146,1,2,0.04,7,1,0,RISK
CARD,NETWORK_ERROR,34071,2,1,0.48,16,1,1,TRANSIENT
NETBANKING,GATEWAY_TIMEOUT,49156,4,0,0.47,23,0,0,TRANSIENT
UPI,INVALID_CARD,44710,3,1,0.43,13,0,1,PERMANENT
CARD,FRAUD_SUSPECTED,16443,1,0,0.12,2,1,0,RISK
UPI,FRAUD_SUSPECTED,22674,4,5,0.07,13,0,1,RISK
UPI,BANK_TIMEOUT,48625,3,3,0.2,5,0,1,TRANSIENT
CARD,CARD_DECLINED,35402,4,1,0.37,9,0,1,CUSTOMER_ACTION
CARD,FRAUD_SUSPECTED,20109,4,1,0.04,3,1,1,RISK
CARD,CARD_DECLINED,15264,4,5,0.37,0,1,0,CUSTOMER_ACTION
UPI,INSUFFICIENT_FUNDS,19643,3,3,0.26,3,1,1,CUSTOMER_ACTION
NETBANKING,INVALID_CARD,34802,1,5,0.4,8,0,0,PERMANENT
CARD,CARD_DECLINED,26455,2,4,0.27,5,1,0,CUSTOMER_ACTION
CARD,EXPIRED_CARD,45482,4,0,0.46,17,1,0,PERMANENT
UPI,EXPIRED_CARD,17264,2,5,0.06,2,0,1,PERMANENT
NETBANKING,INSUFFICIENT_FUNDS,48474,2,4,0.37,0,1,1,CUSTOMER_ACTION
UPI,GATEWAY_TIMEOUT,315,2,2,0.29,20,0,1,TRANSIENT
CARD,FRAUD_SUSPECTED,16816,2,5,0.24,17,1,0,RISK
NETBANKING,INSUFFICIENT_FUNDS,31233,2,5,0.09,15,0,0,CUSTOMER_ACTION
UPI,FRAUD_SUSPECTED,43298,2,2,0.35,17,0,0,RISK
UPI,INSUFFICIENT_FUNDS,26152,4,0,0.21,20,0,0,CUSTOMER_ACTION
NETBANKING,FRAUD_SUSPECTED,31135,4,3,0.02,16,1,1,RISK
UPI,NETWORK_ERROR,27208,3,4,0.26,0,1,0,TRANSIENT
CARD,INSUFFICIENT_FUNDS,31607,1,1,0.27,21,0,1,CUSTOMER_ACTION
NETBANKING,CARD_DECLINED,37280,2,0,0.39,4,0,1,CUSTOMER_ACTION
CARD,NETWORK_ERROR,37597,3,1,0.3,7,1,0,TRANSIENT
UPI,INSUFFICIENT_FUNDS,28848,2,5,0.16,16,1,0,CUSTOMER_ACTION
CARD,NETWORK_ERROR,44142,2,1,0.5,22,1,1,TRANSIENT
NETBANKING,BANK_TIMEOUT,37848,3,3,0.25,2,1,0,TRANSIENT
CARD,INSUFFICIENT_FUNDS,19423,4,0,0.5,5,0,0,CUSTOMER_ACTION
CARD,EXPIRED_CARD,36046,4,2,0.26,12,0,0,PERMANENT
NETBANKING,ACCOUNT_BLOCKED,4702,4,1,0.4,4,1,1,PERMANENT
NETBANKING,INVALID_CARD,27363,2,4,0.44,21,1,0,PERMANENT
NETBANKING,CARD_DECLINED,37390,1,3,0.19,15,1,0,CUSTOMER_ACTION
NETBANKING,INVALID_ACCOUNT,14472,4,3,0.47,7,0,1,PERMANENT
UPI,FRAUD_SUSPECTED,33339,3,2,0.12,15,1,1,RISK
NETBANKING,INVALID_ACCOUNT,9150,3,2,0.26,13,0,0,PERMANENT
CARD,INVALID_ACCOUNT,35576,2,1,0.38,12,0,1,PERMANENT
CARD,CARD_DECLINED,21359,1,1,0.18,12,1,0,CUSTOMER_ACTION
CARD,INSUFFICIENT_FUNDS,33984,2,4,0.17,18,0,1,CUSTOMER_ACTION
UPI,GATEWAY_TIMEOUT,15445,4,5,0.21,5,1,0,TRANSIENT
CARD,INSUFFICIENT_FUNDS,14116,4,2,0.05,5,1,0,CUSTOMER_ACTION
CARD,INVALID_ACCOUNT,7972,1,4,0.21,3,1,0,PERMANENT
NETBANKING,EXPIRED_CARD,13641,1,1,0.07,9,0,0,PERMANENT
NETBANKING,INVALID_ACCOUNT,19166,2,2,0.45,2,1,1,PERMANENT
CARD,INVALID_ACCOUNT,21028,4,2,0.27,6,0,0,PERMANENT
NETBANKING,GATEWAY_TIMEOUT,32567,1,2,0.2,10,1,1,TRANSIENT
UPI,CARD_DECLINED,3428,4,0,0.39,23,1,1,CUSTOMER_ACTION
NETBANKING,NETWORK_ERROR,4480,3,1,0.49,14,1,1,TRANSIENT
UPI,GATEWAY_TIMEOUT,19320,3,5,0.19,19,1,0,TRANSIENT
UPI,NETWORK_ERROR,15182,4,4,0.49,10,1,1,TRANSIENT
CARD,FRAUD_SUSPECTED,1194,4,4,0.1,5,1,0,RISK
UPI,FRAUD_SUSPECTED,34499,2,5,0.16,22,1,1,RISK
NETBANKING,INVALID_CARD,46250,1,4,0.24,10,0,1,PERMANENT
NETBANKING,NETWORK_ERROR,1387,2,3,0.49,9,1,1,TRANSIENT
UPI,FRAUD_SUSPECTED,48801,4,0,0.45,7,1,0,RISK
NETBANKING,INSUFFICIENT_FUNDS,48754,2,0,0.3,22,1,1,CUSTOMER_ACTION
NETBANKING,INSUFFICIENT_FUNDS,10803,1,1,0.14,22,1,1,CUSTOMER_ACTION
UPI,INVALID_CARD,31259,2,2,0.21,17,1,0,PERMANENT
CARD,INSUFFICIENT_FUNDS,42084,2,3,0.18,16,0,1,CUSTOMER_ACTION
NETBANKING,GATEWAY_TIMEOUT,24367,1,0,0.15,7,1,1,TRANSIENT
CARD,ACCOUNT_BLOCKED,31990,3,4,0.33,20,0,0,PERMANENT
NETBANKING,CARD_DECLINED,25202,4,1,0.24,18,1,1,CUSTOMER_ACTION
CARD,FRAUD_SUSPECTED,38282,1,1,0.02,19,1,1,RISK
UPI,FRAUD_SUSPECTED,35364,3,2,0.11,23,0,1,RISK
NETBANKING,ACCOUNT_BLOCKED,18373,1,1,0.34,12,1,1,PERMANENT
NETBANKING,ACCOUNT_BLOCKED,634,4,4,0.22,18,0,1,PERMANENT
NETBANKING,GATEWAY_TIMEOUT,15786,3,4,0.03,23,1,0,TRANSIENT
CARD,FRAUD_SUSPECTED,30670,3,1,0.23,14,0,1,RISK
CARD,FRAUD_SUSPECTED,47701,2,3,0.28,2,0,1,RISK
NETBANKING,FRAUD_SUSPECTED,10789,4,2,0.45,14,1,0,RISK
CARD,INSUFFICIENT_FUNDS,25123,1,1,0.23,5,0,0,CUSTOMER_ACTION
NETBANKING,FRAUD_SUSPECTED,39312,1,5,0.45,17,1,1,RISK
UPI,ACCOUNT_BLOCKED,47258,4,2,0.02,6,0,0,PERMANENT
CARD,FRAUD_SUSPECTED,40205,4,5,0.39,21,1,0,RISK
CARD,NETWORK_ERROR,4494,4,1,0.21,23,1,1,TRANSIENT
UPI,NETWORK_ERROR,14941,4,1,0.4,3,0,0,TRANSIENT
NETBANKING,INSUFFICIENT_FUNDS,26974,2,2,0.35,19,1,1,CUSTOMER_ACTION
CARD,GATEWAY_TIMEOUT,26471,4,2,0.41,8,1,1,TRANSIENT
UPI,NETWORK_ERROR,25930,3,2,0.48,7,1,1,TRANSIENT
UPI,FRAUD_SUSPECTED,7239,4,3,0.09,17,0,0,RISK
CARD,INSUFFICIENT_FUNDS,33371,2,4,0.01,0,0,0,CUSTOMER_ACTION
CARD,FRAUD_SUSPECTED,21159,1,2,0.32,12,1,1,RISK
UPI,BANK_TIMEOUT,39494,2,1,0.1,10,0,1,TRANSIENT
UPI,NETWORK_ERROR,20629,4,2,0.26,8,0,1,TRANSIENT
UPI,ACCOUNT_BLOCKED,42806,2,3,0.23,23,0,0,PERMANENT
CARD,INSUFFICIENT_FUNDS,28666,3,1,0.02,17,1,1,CUSTOMER_ACTION
CARD,FRAUD_SUSPECTED,24886,1,3,0.44,22,0,1,RISK
CARD,GATEWAY_TIMEOUT,18538,1,0,0.11,17,1,0,TRANSIENT
NETBANKING,EXPIRED_CARD,11935,4,2,0.41,6,1,1,PERMANENT
CARD,FRAUD_SUSPECTED,28246,1,1,0.41,1,0,1,RISK
NETBANKING,ACCOUNT_BLOCKED,11472,4,2,0.16,1,0,0,PERMANENT
NETBANKING,NETWORK_ERROR,13872,3,1,0.18,20,1,0,TRANSIENT
UPI,FRAUD_SUSPECTED,35027,4,5,0.33,15,0,0,RISK
CARD,FRAUD_SUSPECTED,4883,2,5,0.38,1,1,1,RISK
NETBANKING,GATEWAY_TIMEOUT,20894,1,2,0.35,17,0,1,TRANSIENT
NETBANKING,NETWORK_ERROR,20761,3,3,0.36,2,0,0,TRANSIENT
NETBANKING,INVALID_CARD,41212,4,0,0.06,23,1,1,PERMANENT
UPI,CARD_DECLINED,21608,2,0,0.12,10,1,1,CUSTOMER_ACTION
NETBANKING,FRAUD_SUSPECTED,16501,3,1,0.28,22,1,1,RISK
NETBANKING,BANK_TIMEOUT,10907,2,0,0.29,1,1,1,TRANSIENT
CARD,INSUFFICIENT_FUNDS,44962,2,4,0.02,1,0,1,CUSTOMER_ACTION
NETBANKING,INSUFFICIENT_FUNDS,40912,2,3,0.08,10,1,1,CUSTOMER_ACTION
UPI,FRAUD_SUSPECTED,33195,3,4,0.25,12,1,1,RISK
NETBANKING,INSUFFICIENT_FUNDS,16021,3,1,0.05,18,1,0,CUSTOMER_ACTION
NETBANKING,FRAUD_SUSPECTED,28928,2,4,0.47,0,1,1,RISK
NETBANKING,INSUFFICIENT_FUNDS,29309,2,0,0.34,2,1,1,CUSTOMER_ACTION
NETBANKING,FRAUD_SUSPECTED,45439,1,3,0.38,10,1,0,RISK
NETBANKING,FRAUD_SUSPECTED,30754,1,1,0.46,14,0,1,RISK
CARD,FRAUD_SUSPECTED,3603,1,5,0.07,15,1,0,RISK
CARD,NETWORK_ERROR,38466,1,3,0.49,6,0,1,TRANSIENT
CARD,FRAUD_SUSPECTED,32535,2,4,0.09,4,1,1,RISK
NETBANKING,FRAUD_SUSPECTED,31404,2,5,0.06,15,0,0,RISK
UPI,BANK_TIMEOUT,3896,2,3,0.25,5,0,1,TRANSIENT
CARD,FRAUD_SUSPECTED,5510,4,3,0.33,8,1,0,RISK
NETBANKING,NETWORK_ERROR,37661,2,2,0.1,10,1,1,TRANSIENT
NETBANKING,INSUFFICIENT_FUNDS,16350,1,5,0.45,6,0,0,CUSTOMER_ACTION
CARD,GATEWAY_TIMEOUT,5346,2,1,0.05,5,0,0,TRANSIENT
UPI,INVALID_ACCOUNT,48488,4,3,0.36,8,0,0,PERMANENT
CARD,INVALID_CARD,9823,2,0,0.2,4,0,0,PERMANENT
NETBANKING,FRAUD_SUSPECTED,16623,3,3,0.07,12,0,1,RISK
CARD,NETWORK_ERROR,42298,2,3,0.45,16,0,0,TRANSIENT
NETBANKING,FRAUD_SUSPECTED,7825,1,0,0.23,19,0,1,RISK
NETBANKING,INVALID_CARD,6963,1,3,0.04,11,1,1,PERMANENT
NETBANKING,ACCOUNT_BLOCKED,21795,3,3,0.38,14,0,0,PERMANENT
NETBANKING,CARD_DECLINED,30323,3,5,0.3,23,1,1,CUSTOMER_ACTION
NETBANKING,BANK_TIMEOUT,49969,2,5,0.41,15,1,1,TRANSIENT
UPI,FRAUD_SUSPECTED,2916,1,2,0.16,6,0,1,RISK
CARD,INSUFFICIENT_FUNDS,40199,2,0,0.4,1,0,0,CUSTOMER_ACTION
CARD,CARD_DECLINED,23005,3,2,0.23,6,1,1,CUSTOMER_ACTION
UPI,NETWORK_ERROR,34768,2,2,0.05,15,0,0,TRANSIENT
CARD,BANK_TIMEOUT,33323,2,0,0.24,5,1,0,TRANSIENT
NETBANKING,INSUFFICIENT_FUNDS,3568,3,4,0.47,20,0,1,CUSTOMER_ACTION
UPI,BANK_TIMEOUT,24173,1,2,0.16,7,0,1,TRANSIENT
CARD,FRAUD_SUSPECTED,8414,1,0,0.08,3,1,0,RISK
NETBANKING,GATEWAY_TIMEOUT,6309,4,3,0.45,7,1,0,TRANSIENT
UPI,NETWORK_ERROR,27508,4,1,0.42,14,0,0,TRANSIENT
UPI,NETWORK_ERROR,25982,4,4,0.33,8,1,1,TRANSIENT
CARD,NETWORK_ERROR,15515,3,4,0.42,13,1,0,TRANSIENT
UPI,INVALID_ACCOUNT,22565,2,2,0.24,12,1,1,PERMANENT
UPI,CARD_DECLINED,25529,4,0,0.12,5,0,1,CUSTOMER_ACTION
CARD,BANK_TIMEOUT,44425,1,4,0.18,20,0,1,TRANSIENT
NETBANKING,NETWORK_ERROR,6496,4,5,0.34,23,0,0,TRANSIENT
NETBANKING,INSUFFICIENT_FUNDS,20216,4,3,0.08,22,1,0,CUSTOMER_ACTION
NETBANKING,NETWORK_ERROR,42203,3,5,0.35,7,0,1,TRANSIENT
UPI,NETWORK_ERROR,49695,1,3,0.1,23,0,1,TRANSIENT
UPI,ACCOUNT_BLOCKED,43461,2,0,0.49,18,0,1,PERMANENT
NETBANKING,GATEWAY_TIMEOUT,14220,3,1,0.14,18,0,1,TRANSIENT
CARD,CARD_DECLINED,34666,1,5,0.5,16,1,1,CUSTOMER_ACTION
CARD,CARD_DECLINED,9600,3,5,0.14,22,1,1,CUSTOMER_ACTION
UPI,EXPIRED_CARD,35278,4,5,0.15,0,1,1,PERMANENT
UPI,INVALID_ACCOUNT,39598,2,1,0.2,7,1,1,PERMANENT
NETBANKING,GATEWAY_TIMEOUT,41937,2,4,0.43,3,1,0,TRANSIENT
CARD,GATEWAY_TIMEOUT,22935,3,4,0.4,12,0,1,TRANSIENT
UPI,EXPIRED_CARD,6789,2,2,0.27,4,1,1,PERMANENT
CARD,EXPIRED_CARD,560,3,0,0.32,23,1,1,PERMANENT
CARD,ACCOUNT_BLOCKED,46959,2,1,0.16,19,1,1,PERMANENT
NETBANKING,NETWORK_ERROR,11764,1,3,0.19,14,0,0,TRANSIENT
NETBANKING,FRAUD_SUSPECTED,36365,3,2,0.14,14,0,1,RISK
UPI,GATEWAY_TIMEOUT,23329,4,2,0.34,22,0,1,TRANSIENT
CARD,ACCOUNT_BLOCKED,35140,4,4,0.16,7,0,0,PERMANENT
CARD,CARD_DECLINED,3144,4,4,0.39,6,1,1,CUSTOMER_ACTION
CARD,INSUFFICIENT_FUNDS,23844,2,2,0.41,17,0,1,CUSTOMER_ACTION
UPI,GATEWAY_TIMEOUT,23993,2,2,0.06,13,1,1,TRANSIENT
CARD,INVALID_CARD,6568,1,5,0.39,20,0,0,PERMANENT
NETBANKING,NETWORK_ERROR,30408,2,4,0.32,21,0,0,TRANSIENT
NETBANKING,CARD_DECLINED,16510,3,4,0.49,22,0,0,CUSTOMER_ACTION
CARD,CARD_DECLINED,4915,2,3,0.49,22,0,1,CUSTOMER_ACTION
UPI,INVALID_ACCOUNT,39524,1,4,0.06,14,1,1,PERMANENT
UPI,INVALID_ACCOUNT,34582,1,5,0.1,17,0,0,PERMANENT
CARD,NETWORK_ERROR,6449,4,2,0.28,9,0,0,TRANSIENT
CARD,CARD_DECLINED,16603,3,1,0.41,20,1,1,CUSTOMER_ACTION
UPI,INSUFFICIENT_FUNDS,15697,4,2,0.22,13,0,0,CUSTOMER_ACTION
NETBANKING,NETWORK_ERROR,35735,1,5,0.44,16,0,0,TRANSIENT
UPI,INSUFFICIENT_FUNDS,21869,2,3,0.27,17,1,1,CUSTOMER_ACTION
UPI,INSUFFICIENT_FUNDS,49629,2,0,0.23,1,0,1,CUSTOMER_ACTION
UPI,INSUFFICIENT_FUNDS,46473,4,3,0.47,12,0,0,CUSTOMER_ACTION
UPI,FRAUD_SUSPECTED,22932,1,4,0.5,1,1,0,RISK
NETBANKING,CARD_DECLINED,8887,2,5,0.3,4,1,0,CUSTOMER_ACTION
CARD,FRAUD_SUSPECTED,38356,2,5,0.44,6,1,1,RISK
NETBANKING,FRAUD_SUSPECTED,5896,1,4,0.08,23,0,0,RISK
NETBANKING,FRAUD_SUSPECTED,33140,3,3,0.42,4,0,1,RISK
NETBANKING,EXPIRED_CARD,33892,1,3,0.05,19,0,1,PERMANENT
CARD,FRAUD_SUSPECTED,13728,1,5,0.32,18,1,0,RISK
NETBANKING,FRAUD_SUSPECTED,40058,3,0,0.22,18,1,0,RISK
CARD,BANK_TIMEOUT,39146,1,2,0.17,8,0,0,TRANSIENT
NETBANKING,NETWORK_ERROR,10699,3,2,0.39,9,1,1,TRANSIENT
UPI,FRAUD_SUSPECTED,37869,2,3,0.1,16,1,1,RISK
NETBANKING,NETWORK_ERROR,12250,1,0,0.28,21,0,1,TRANSIENT
UPI,INVALID_CARD,37445,4,2,0.43,21,1,1,PERMANENT
NETBANKING,FRAUD_SUSPECTED,40529,2,2,0.18,22,1,1,RISK
NETBANKING,GATEWAY_TIMEOUT,35963,3,3,0.41,23,0,0,TRANSIENT
NETBANKING,NETWORK_ERROR,42915,1,1,0.39,12,0,1,TRANSIENT
NETBANKING,CARD_DECLINED,42404,3,3,0.34,0,0,1,CUSTOMER_ACTION
NETBANKING,GATEWAY_TIMEOUT,2707,4,5,0.23,4,1,1,TRANSIENT
NETBANKING,INVALID_CARD,23662,4,5,0.25,5,1,1,PERMANENT
CARD,INVALID_ACCOUNT,25419,2,0,0.47,17,0,1,PERMANENT
NETBANKING,EXPIRED_CARD,35266,1,4,0.06,21,0,0,PERMANENT
CARD,EXPIRED_CARD,42104,4,2,0.32,21,0,0,PERMANENT
UPI,FRAUD_SUSPECTED,44530,2,1,0.11,10,1,1,RISK
UPI,EXPIRED_CARD,28458,2,4,0.43,12,1,1,PERMANENT
CARD,FRAUD_SUSPECTED,9195,3,4,0.21,10,1,1,RISK
CARD,GATEWAY_TIMEOUT,25299,3,4,0.24,5,1,1,TRANSIENT
UPI,INVALID_CARD,3046,1,0,0.1,11,1,1,PERMANENT
UPI,FRAUD_SUSPECTED,15741,3,3,0.31,11,0,1,RISK
CARD,FRAUD_SUSPECTED,496,3,0,0.35,9,1,0,RISK
UPI,FRAUD_SUSPECTED,12933,4,0,0.22,10,0,0,RISK
CARD,GATEWAY_TIMEOUT,42589,1,1,0.27,14,1,1,TRANSIENT
UPI,FRAUD_SUSPECTED,11776,1,5,0.1,20,0,1,RISK
NETBANKING,GATEWAY_TIMEOUT,40374,4,3,0.36,2,0,0,TRANSIENT
NETBANKING,ACCOUNT_BLOCKED,30297,3,1,0.2,8,0,1,PERMANENT
UPI,CARD_DECLINED,17027,2,5,0.21,8,1,1,CUSTOMER_ACTION
CARD,CARD_DECLINED,25687,2,5,0.26,2,1,0,CUSTOMER_ACTION
